dataset,sample,ours_endpoint,metric,strict_status,strict_BD_BR_percent,pareto_status,pareto_BD_BR_percent,pareto_minus_strict_percentage_points,newly_resolved
8iVFB,longdress,Ours Base,Y,AVAILABLE,21.96893149124739,AVAILABLE,21.96893149124739,0.0,False
8iVFB,longdress,Ours Base,YUV611,AVAILABLE,11.448876631551897,AVAILABLE,11.448876631551897,0.0,False
8iVFB,longdress,Ours Full,Y,AVAILABLE,0.5726307452504464,AVAILABLE,0.5726307452504464,0.0,False
8iVFB,longdress,Ours Full,YUV611,AVAILABLE,1.7948872451434728,AVAILABLE,1.7948872451434728,0.0,False
8iVFB,loot,Ours Base,Y,AVAILABLE,0.16903946713811013,AVAILABLE,0.16903946713808793,-2.220446049250313e-14,False
8iVFB,loot,Ours Base,YUV611,AVAILABLE,-5.259240995306913,AVAILABLE,-5.2592409953069685,-5.595524044110789e-14,False
8iVFB,loot,Ours Full,Y,AVAILABLE,2.5106553025059375,AVAILABLE,2.5106553025059375,0.0,False
8iVFB,loot,Ours Full,YUV611,AVAILABLE,1.0517466343062276,AVAILABLE,1.0517466343062498,2.220446049250313e-14,False
8iVFB,redandblack,Ours Base,Y,AVAILABLE,-4.878505462273264,AVAILABLE,-4.8785054622732416,2.220446049250313e-14,False
8iVFB,redandblack,Ours Base,YUV611,AVAILABLE,-9.22925282144269,AVAILABLE,-9.22925282144269,0.0,False
8iVFB,redandblack,Ours Full,Y,AVAILABLE,-0.5749265889145594,AVAILABLE,-0.5749265889145483,1.1102230246251565e-14,False
8iVFB,redandblack,Ours Full,YUV611,AVAILABLE,-0.6403244468231262,AVAILABLE,-0.640324446823104,2.220446049250313e-14,False
8iVFB,soldier,Ours Base,Y,AVAILABLE,3.5589133451946475,AVAILABLE,3.5589133451946253,-2.220446049250313e-14,False
8iVFB,soldier,Ours Base,YUV611,AVAILABLE,0.14722506688416015,AVAILABLE,0.14722506688416015,0.0,False
8iVFB,soldier,Ours Full,Y,AVAILABLE,3.300282684881939,AVAILABLE,3.300282684881939,0.0,False
8iVFB,soldier,Ours Full,YUV611,AVAILABLE,3.3556732976154136,AVAILABLE,3.3556732976153913,-2.220446049250313e-14,False
CTC,Facade_00009_vox12,Ours Base,Y,AVAILABLE,4.753461591709485,AVAILABLE,4.753461591709485,0.0,False
CTC,Facade_00009_vox12,Ours Base,YUV611,AVAILABLE,3.5582229217705708,AVAILABLE,3.5582229217705708,0.0,False
CTC,Facade_00009_vox12,Ours Full,Y,AVAILABLE,3.942293324148527,AVAILABLE,3.942293324148527,0.0,False
CTC,Facade_00009_vox12,Ours Full,YUV611,AVAILABLE,3.636108418939954,AVAILABLE,3.636108418939976,2.220446049250313e-14,False
CTC,House_without_roof_00057_vox12,Ours Base,Y,AVAILABLE,12.076455488044058,AVAILABLE,12.076455488044058,0.0,False
CTC,House_without_roof_00057_vox12,Ours Base,YUV611,AVAILABLE,5.521354289515701,AVAILABLE,5.521354289515701,0.0,False
CTC,House_without_roof_00057_vox12,Ours Full,Y,AVAILABLE,1.726481957877768,AVAILABLE,1.726481957877768,0.0,False
CTC,House_without_roof_00057_vox12,Ours Full,YUV611,AVAILABLE,0.4763003139902411,AVAILABLE,0.4763003139902189,-2.220446049250313e-14,False
CTC,Shiva_00035_vox12,Ours Base,Y,AVAILABLE,5.99901288714435,AVAILABLE,5.99901288714435,0.0,False
CTC,Shiva_00035_vox12,Ours Base,YUV611,AVAILABLE,5.772001440587182,AVAILABLE,5.772001440587204,2.220446049250313e-14,False
CTC,Shiva_00035_vox12,Ours Full,Y,AVAILABLE,1.4196575595934346,AVAILABLE,1.4196575595934346,0.0,False
CTC,Shiva_00035_vox12,Ours Full,YUV611,AVAILABLE,1.513442151954969,AVAILABLE,1.5134421519549912,2.220446049250313e-14,False
CTC,Staue_Klimt_vox12,Ours Base,Y,AVAILABLE,3.116039707399332,AVAILABLE,3.1160397073993096,-2.220446049250313e-14,False
CTC,Staue_Klimt_vox12,Ours Base,YUV611,AVAILABLE,3.102106269019922,AVAILABLE,3.102106269019944,2.220446049250313e-14,False
CTC,Staue_Klimt_vox12,Ours Full,Y,AVAILABLE,1.5984425992476181,AVAILABLE,1.598442599247596,-2.220446049250313e-14,False
CTC,Staue_Klimt_vox12,Ours Full,YUV611,AVAILABLE,1.5811734644063158,AVAILABLE,1.581173464406338,2.220446049250313e-14,False
CTC,Thaidancer_viewdep_vox12,Ours Base,Y,AVAILABLE,2.269212079956162,AVAILABLE,2.2692120799562066,4.440892098500626e-14,False
CTC,Thaidancer_viewdep_vox12,Ours Base,YUV611,AVAILABLE,-2.6559150636724427,AVAILABLE,-2.6559150636724427,0.0,False
CTC,Thaidancer_viewdep_vox12,Ours Full,Y,AVAILABLE,0.2561573944470208,AVAILABLE,0.256157394447043,2.220446049250313e-14,False
CTC,Thaidancer_viewdep_vox12,Ours Full,YUV611,AVAILABLE,-0.3480372128179532,AVAILABLE,-0.3480372128179421,1.1102230246251565e-14,False
CTC,basketball_player_vox11_00000200,Ours Base,Y,AVAILABLE,1.927752339733102,AVAILABLE,1.9277523397330576,-4.440892098500626e-14,False
CTC,basketball_player_vox11_00000200,Ours Base,YUV611,AVAILABLE,-0.7378830800383596,AVAILABLE,-0.7378830800383596,0.0,False
CTC,basketball_player_vox11_00000200,Ours Full,Y,AVAILABLE,-3.559648039583374,AVAILABLE,-3.5596480395834185,-4.440892098500626e-14,False
CTC,basketball_player_vox11_00000200,Ours Full,YUV611,AVAILABLE,-3.79763286446555,AVAILABLE,-3.797632864465461,8.881784197001252e-14,False
CTC,boxer_viewdep_vox12,Ours Base,Y,UNAVAILABLE,,AVAILABLE,0.0871369146348222,,True
CTC,boxer_viewdep_vox12,Ours Base,YUV611,UNAVAILABLE,,AVAILABLE,-2.177950876079948,,True
CTC,boxer_viewdep_vox12,Ours Full,Y,UNAVAILABLE,,AVAILABLE,2.583585497388863,,True
CTC,boxer_viewdep_vox12,Ours Full,YUV611,UNAVAILABLE,,AVAILABLE,-0.11608391569728482,,True
CTC,dancer_vox11_00000001,Ours Base,Y,AVAILABLE,0.7596908213271858,AVAILABLE,0.7596908213271858,0.0,False
CTC,dancer_vox11_00000001,Ours Base,YUV611,AVAILABLE,-2.5907924225049506,AVAILABLE,-2.5907924225049506,0.0,False
CTC,dancer_vox11_00000001,Ours Full,Y,AVAILABLE,-3.384577837079683,AVAILABLE,-3.384577837079683,0.0,False
CTC,dancer_vox11_00000001,Ours Full,YUV611,AVAILABLE,-3.8802635227454085,AVAILABLE,-3.8802635227454085,0.0,False
CTC,longdress_viewdep_vox12,Ours Base,Y,AVAILABLE,-0.09635736215646284,AVAILABLE,-0.09635736215646284,0.0,False
CTC,longdress_viewdep_vox12,Ours Base,YUV611,AVAILABLE,-0.5113709255581744,AVAILABLE,-0.5113709255581744,0.0,False
CTC,longdress_viewdep_vox12,Ours Full,Y,AVAILABLE,-0.6221590254698373,AVAILABLE,-0.6221590254698484,-1.1102230246251565e-14,False
CTC,longdress_viewdep_vox12,Ours Full,YUV611,AVAILABLE,-0.4985553345797311,AVAILABLE,-0.4985553345797311,0.0,False
CTC,loot_viewdep_vox12,Ours Base,Y,UNAVAILABLE,,AVAILABLE,-1.7694656086105987,,True
CTC,loot_viewdep_vox12,Ours Base,YUV611,UNAVAILABLE,,AVAILABLE,-3.70683097250627,,True
CTC,loot_viewdep_vox12,Ours Full,Y,UNAVAILABLE,,AVAILABLE,1.258922490631531,,True
CTC,loot_viewdep_vox12,Ours Full,YUV611,UNAVAILABLE,,AVAILABLE,-1.2183684709044629,,True
CTC,redandblack_viewdep_vox12,Ours Base,Y,UNAVAILABLE,,AVAILABLE,-4.937646958871089,,True
CTC,redandblack_viewdep_vox12,Ours Base,YUV611,UNAVAILABLE,,AVAILABLE,-6.354937163221552,,True
CTC,redandblack_viewdep_vox12,Ours Full,Y,UNAVAILABLE,,AVAILABLE,-2.93361838477868,,True
CTC,redandblack_viewdep_vox12,Ours Full,YUV611,UNAVAILABLE,,AVAILABLE,-4.330641367262677,,True
CTC,soldier_viewdep_vox12,Ours Base,Y,AVAILABLE,-2.006818544701916,AVAILABLE,-2.006818544701916,0.0,False
CTC,soldier_viewdep_vox12,Ours Base,YUV611,AVAILABLE,-3.133605383955951,AVAILABLE,-3.1336053839559397,1.1102230246251565e-14,False
CTC,soldier_viewdep_vox12,Ours Full,Y,AVAILABLE,-0.42538427283533853,AVAILABLE,-0.4253842728353163,2.220446049250313e-14,False
CTC,soldier_viewdep_vox12,Ours Full,YUV611,AVAILABLE,-1.3721539373972913,AVAILABLE,-1.3721539373972913,0.0,False
Owlii,basketball_player,Ours Base,Y,AVAILABLE,6.223646796351345,AVAILABLE,6.223646796351345,0.0,False
Owlii,basketball_player,Ours Base,YUV611,AVAILABLE,2.506406951545359,AVAILABLE,2.506406951545359,0.0,False
Owlii,basketball_player,Ours Full,Y,AVAILABLE,1.9245487554049312,AVAILABLE,1.9245487554049312,0.0,False
Owlii,basketball_player,Ours Full,YUV611,AVAILABLE,1.6763529709545866,AVAILABLE,1.6763529709545422,-4.440892098500626e-14,False
Owlii,dancer,Ours Base,Y,AVAILABLE,14.897867874753313,AVAILABLE,14.897867874753313,0.0,False
Owlii,dancer,Ours Base,YUV611,AVAILABLE,9.356277478547725,AVAILABLE,9.356277478547682,-4.263256414560601e-14,False
Owlii,dancer,Ours Full,Y,AVAILABLE,3.500272414934358,AVAILABLE,3.500272414934358,0.0,False
Owlii,dancer,Ours Full,YUV611,AVAILABLE,3.969553863043007,AVAILABLE,3.969553863043007,0.0,False
Owlii,exercise,Ours Base,Y,AVAILABLE,6.435334329414721,AVAILABLE,6.435334329414721,0.0,False
Owlii,exercise,Ours Base,YUV611,AVAILABLE,1.494882923611529,AVAILABLE,1.4948829236114847,-4.440892098500626e-14,False
Owlii,exercise,Ours Full,Y,AVAILABLE,-0.5689584532563408,AVAILABLE,-0.5689584532563408,0.0,False
Owlii,exercise,Ours Full,YUV611,AVAILABLE,-0.9992464200304307,AVAILABLE,-0.9992464200304529,-2.220446049250313e-14,False
Owlii,model,Ours Base,Y,AVAILABLE,12.88201663009627,AVAILABLE,12.882016630096317,4.618527782440651e-14,False
Owlii,model,Ours Base,YUV611,AVAILABLE,6.610955198005031,AVAILABLE,6.610955198005031,0.0,False
Owlii,model,Ours Full,Y,AVAILABLE,2.563151517360529,AVAILABLE,2.563151517360529,0.0,False
Owlii,model,Ours Full,YUV611,AVAILABLE,3.6618691903703704,AVAILABLE,3.6618691903703704,0.0,False
