dataset,sample,operating_point,base_bpp,full_bpp,delta_bpp,base_Y,full_Y,delta_Y,base_YUV611,full_YUV611,delta_YUV611,pending_sample
CTC,Staue_Klimt_vox12,16k,2.431445382860345,2.5110515150302204,0.07960613216987555,37.5203,38.0222,0.5018999999999991,38.0736375,38.4651625,0.39152500000000146,False
CTC,Staue_Klimt_vox12,1k,1.1389344754433015,1.1530240563583236,0.014089580915022104,28.4531,28.6842,0.23110000000000142,30.106937499999997,30.362225,0.25528750000000144,False
CTC,Staue_Klimt_vox12,2k,1.8222311171596686,1.8792939198655085,0.057062802705839966,31.5924,32.1518,0.5594000000000001,32.8925375,33.3507125,0.4581749999999971,False
CTC,Staue_Klimt_vox12,32k,3.0300124084377376,3.883857022775487,0.8538446143377496,39.2277,43.1039,3.8762000000000043,39.509125,42.4227,2.9135750000000016,False
CTC,Staue_Klimt_vox12,4k,2.0805988071888883,2.092302765880799,0.011703958691910543,36.1201,36.4088,0.2886999999999986,36.835074999999996,37.0182875,0.18321250000000333,False
CTC,Staue_Klimt_vox12,512,1.0135051835247968,1.0155545771124364,0.0020493935876395586,27.7574,28.0401,0.2826999999999984,29.5752625,29.842799999999997,0.267537499999996,False
CTC,Staue_Klimt_vox12,8k,1.9608373694111996,1.9971660729295921,0.03632870351839257,35.6234,35.8209,0.19750000000000512,36.432475,36.604600000000005,0.1721250000000083,False
CTC,Thaidancer_viewdep_vox12,16k,0.32995816581289145,0.5217635210360949,0.19180535522320347,38.9,41.1325,2.2325000000000017,40.321374999999996,42.198499999999996,1.8771249999999995,False
CTC,Thaidancer_viewdep_vox12,1k,0.1282595604455285,0.14817384748331983,0.01991428703779133,33.5874,34.4032,0.8157999999999959,35.245000000000005,35.8970625,0.6520624999999924,False
CTC,Thaidancer_viewdep_vox12,2k,0.18804075758374425,0.2272866240817324,0.03924586649798814,35.4991,36.9029,1.403800000000004,37.0364875,38.095937500000005,1.0594500000000053,False
CTC,Thaidancer_viewdep_vox12,32k,0.41931943971899693,1.0358036109340731,0.6164841712150761,40.0048,46.2028,6.198,41.371075000000005,46.139812500000005,4.7687375,False
CTC,Thaidancer_viewdep_vox12,4k,0.30246868026637147,0.3101767769945515,0.007708096728180014,38.5012,38.634,0.13280000000000314,39.791974999999994,39.8819375,0.08996250000000572,False
CTC,Thaidancer_viewdep_vox12,512,0.1046215675281091,0.10661759655486923,0.001996029026760132,32.7822,32.8887,0.10649999999999693,34.4678625,34.55255,0.08468749999999403,False
CTC,Thaidancer_viewdep_vox12,8k,0.25498567989738724,0.3622677675495134,0.10728208765212616,37.4562,39.1388,1.6826000000000008,38.925475000000006,40.2822875,1.3568124999999966,False
CTC,basketball_player_vox11_00000200,16k,0.11311789996561288,0.21191216312757347,0.09879426316196059,39.93,42.079,2.149000000000001,41.7166125,43.4072875,1.690675000000006,False
CTC,basketball_player_vox11_00000200,1k,0.04338382930315835,0.045352714087165534,0.0019688847840071827,37.0848,37.2209,0.136099999999999,39.186175,39.2930375,0.1068624999999983,False
CTC,basketball_player_vox11_00000200,2k,0.0648774881952368,0.06929654071045294,0.00441905251521614,38.5861,38.87,0.2838999999999956,40.4528125,40.66833749999999,0.21552499999999242,False
CTC,basketball_player_vox11_00000200,32k,0.1516205357417534,0.6238766931212771,0.47225615737952376,40.5237,45.9142,5.390500000000003,42.263175000000004,46.3330625,4.069887499999993,False
CTC,basketball_player_vox11_00000200,4k,0.09312551572133991,0.10157257835717073,0.008447062635830824,39.2754,39.8399,0.5645000000000024,41.04085,41.450275000000005,0.4094250000000059,False
CTC,basketball_player_vox11_00000200,512,0.034247656992925,0.03484105699032717,0.0005933999974021692,35.9482,36.0183,0.0701000000000036,38.2939875,38.345575,0.05158749999999657,False
CTC,basketball_player_vox11_00000200,8k,0.08238962452410072,0.13178675610508103,0.049397131580980316,39.0252,40.5391,1.5138999999999996,40.9120625,42.0795875,1.1675250000000048,False
CTC,boxer_viewdep_vox12,16k,0.18287559564110234,0.19176630399775557,0.008890708356653232,41.6648,41.7515,0.08670000000000044,43.9701875,44.0422625,0.07207499999999811,False
CTC,boxer_viewdep_vox12,1k,0.0896605722448781,0.08983921089810297,0.00017863865322487182,38.7531,38.839,0.0858999999999952,41.47101250000001,41.5509375,0.0799249999999958,False
CTC,boxer_viewdep_vox12,2k,0.14781432458700547,0.1488128688537496,0.0009985442667441446,41.0594,41.1147,0.05530000000000257,43.2800125,43.280474999999996,0.00046249999999758984,False
CTC,boxer_viewdep_vox12,32k,0.23356545861323158,0.5529003731658405,0.31933491455260893,42.7155,44.2294,1.5138999999999996,44.81145,45.92565,1.1141999999999967,False
CTC,boxer_viewdep_vox12,4k,0.17260158284152832,0.17366883428258975,0.0010672514410614287,40.7743,40.8033,0.029000000000003467,43.246787499999996,43.238625,-0.008162499999997408,False
CTC,boxer_viewdep_vox12,512,0.07527328994284421,0.07529161185599549,1.8321913151278513e-05,37.9966,38.0058,0.009199999999999875,40.801300000000005,40.8667,0.0653999999999968,False
CTC,boxer_viewdep_vox12,8k,0.1413535599620393,0.14451408998063317,0.003160530018593871,40.3942,40.3901,-0.004100000000001103,42.963825,42.9608125,-0.003012499999996976,False
CTC,dancer_vox11_00000001,16k,0.13722530216857878,0.25106855325487376,0.11384325108629498,39.4002,41.59,2.1898000000000053,41.4846875,43.209787500000004,1.7251000000000047,False
CTC,dancer_vox11_00000001,1k,0.05328071497609881,0.05587254961704872,0.0025918346409499055,36.1805,36.3351,0.15459999999999496,38.48765,38.6067125,0.1190624999999983,False
CTC,dancer_vox11_00000001,2k,0.081260187028639,0.08629575147391311,0.005035564445274102,37.9012,38.2005,0.29929999999999524,39.99465000000001,40.222737499999994,0.22808749999998668,False
CTC,dancer_vox11_00000001,32k,0.1815487600462519,0.7206750495032702,0.5391262894570183,40.0189,45.4021,5.383199999999995,42.058462500000005,46.1267875,4.068324999999994,False
CTC,dancer_vox11_00000001,4k,0.11594448845592223,0.1245993648462371,0.00865487639031487,38.7807,39.2548,0.47409999999999997,40.8385,41.185424999999995,0.3469249999999917,False
CTC,dancer_vox11_00000001,512,0.04096024387929764,0.04160820253953512,0.0006479586602374798,34.9537,35.0219,0.06820000000000448,37.5052625,37.553475000000006,0.04821250000000532,False
CTC,dancer_vox11_00000001,8k,0.10298222973374299,0.16366818654112725,0.060685956807384256,38.4442,40.0191,1.5748999999999995,40.6190875,41.8437625,1.2246749999999977,False
CTC,longdress_viewdep_vox12,16k,0.8128671932178383,0.8656945688832676,0.05282737566542928,39.2028,39.7339,0.531099999999995,40.09963750000001,40.5011125,0.4014749999999907,False
CTC,longdress_viewdep_vox12,1k,0.3613578534695984,0.3621846942723833,0.0008268408027848895,34.5946,34.554,-0.04059999999999775,35.5704875,35.545075000000004,-0.02541249999999451,False
CTC,longdress_viewdep_vox12,2k,0.5755535473085363,0.5793776860214165,0.0038241387128802318,37.1543,37.1762,0.02190000000000225,37.9672,37.972925000000004,0.005725000000005309,False
CTC,longdress_viewdep_vox12,32k,1.0460905610308637,1.6458731277385064,0.5997825667076426,40.3728,43.6378,3.2650000000000006,41.197425,43.645875,2.448449999999994,False
CTC,longdress_viewdep_vox12,4k,0.7392680262599471,0.7420922043769593,0.0028241781170121882,38.6427,38.6836,0.0409000000000006,39.4437625,39.464712500000005,0.02095000000000624,False
CTC,longdress_viewdep_vox12,512,0.2881901940556606,0.2882005295656954,1.0335510034820139e-05,33.5618,33.5813,0.01950000000000074,34.64275,34.667587499999996,0.024837499999996737,False
CTC,longdress_viewdep_vox12,8k,0.6232390067316469,0.6421943321354908,0.018955325403843926,37.8061,38.0257,0.2195999999999998,38.765049999999995,38.927262500000005,0.16221250000000964,False
CTC,loot_viewdep_vox12,16k,0.16589748731061202,0.17053742023043894,0.004639932919826922,42.9605,42.9975,0.036999999999999034,45.4498,45.4892375,0.03943749999999824,False
CTC,loot_viewdep_vox12,1k,0.10666012657074157,0.10667073213170118,1.0605560959608962e-05,39.7883,39.6604,-0.1278999999999968,42.556425000000004,42.5003375,-0.05608750000000384,False
CTC,loot_viewdep_vox12,2k,0.15803346385906536,0.158391401541452,0.0003579376823866498,42.6065,42.6071,0.0006000000000057071,44.840712499999995,44.758925000000005,-0.08178749999999013,False
CTC,loot_viewdep_vox12,32k,0.20564447839696945,0.3650115915467051,0.15936711314973565,44.1905,45.1819,0.9913999999999987,46.4641375,47.1572,0.6930625000000035,False
CTC,loot_viewdep_vox12,4k,0.1554510097654017,0.1559415169597834,0.0004905071943817063,41.8243,41.8479,0.02360000000000184,44.495000000000005,44.44005,-0.05495000000000516,False
CTC,loot_viewdep_vox12,512,0.08736861118522116,0.08737921674618075,1.0605560959595084e-05,38.4119,38.473,0.06109999999999616,41.47455,41.6178625,0.1433125000000004,False
CTC,loot_viewdep_vox12,8k,0.13495576321096614,0.13680643359841713,0.0018506703874509867,41.3895,41.3224,-0.06709999999999638,44.211200000000005,44.15265,-0.05855000000000388,False
CTC,redandblack_viewdep_vox12,16k,0.3662643783745349,0.3863931101467678,0.0201287317722329,41.8214,42.0496,0.22820000000000107,42.2133375,42.391225,0.1778874999999971,False
CTC,redandblack_viewdep_vox12,1k,0.18348590739729448,0.18403741905537746,0.0005515116580829815,38.3225,38.0807,-0.2417999999999978,38.4872,38.30655,-0.18064999999999998,False
CTC,redandblack_viewdep_vox12,2k,0.301702864431721,0.30350177418557284,0.0017989097538518295,40.5633,40.3964,-0.16689999999999827,40.665637499999995,40.524075,-0.14156249999999204,False
CTC,redandblack_viewdep_vox12,32k,0.4785735194276117,0.7777902501545713,0.29921673072695953,42.8493,44.9092,2.059899999999999,43.1351875,44.69336249999999,1.5581749999999914,False
CTC,redandblack_viewdep_vox12,4k,0.33315057892481936,0.3349090637403824,0.0017584848155630106,41.1495,41.1733,0.02379999999999427,41.5517,41.565374999999996,0.013674999999999216,False
CTC,redandblack_viewdep_vox12,512,0.14861073563642388,0.14862228561879212,1.1549982368241896e-05,37.4215,37.3452,-0.07630000000000337,37.705375000000004,37.669675,-0.035700000000005616,False
CTC,redandblack_viewdep_vox12,8k,0.2796221856392572,0.2859717884461917,0.006349602806934473,40.6285,40.6779,0.049399999999998556,41.122975,41.16235,0.03937500000000682,False
CTC,soldier_viewdep_vox12,16k,0.3162613194114381,0.3316965510623592,0.015435231650921089,41.202,41.3636,0.16159999999999997,43.68335,43.80941249999999,0.1260624999999962,False
CTC,soldier_viewdep_vox12,1k,0.1750412444143243,0.17556101649426725,0.0005197720799429428,37.29,37.3036,0.013600000000003831,40.519962500000005,40.5525125,0.03254999999999342,False
CTC,soldier_viewdep_vox12,2k,0.2705533623506093,0.2722466198571926,0.0016932575065833344,40.2156,40.2976,0.08200000000000074,42.86401250000001,42.869975000000004,0.00596249999999543,False
CTC,soldier_viewdep_vox12,32k,0.3967720154712159,0.7284725647803438,0.33170054930912796,42.4361,44.2241,1.7879999999999967,44.6871625,45.9842125,1.2970499999999987,False
CTC,soldier_viewdep_vox12,4k,0.29284158896323964,0.2943569244886117,0.0015153355253720857,40.3945,40.4116,0.017099999999999227,42.9864375,42.9359625,-0.050474999999998715,False
CTC,soldier_viewdep_vox12,512,0.14245153500190166,0.14246752798897683,1.5992987075164056e-05,35.9727,35.9907,0.017999999999993577,39.475274999999996,39.546362499999994,0.0710874999999973,False
CTC,soldier_viewdep_vox12,8k,0.25322096260789645,0.25839869217348194,0.005177729565585487,39.686,39.719,0.03300000000000125,42.495012499999994,42.5043375,0.009325000000004025,False
8iVFB,longdress,16k,0.6124158766198194,1.4491483345493876,0.8367324579295682,33.203,38.8745,5.671499999999995,34.275425,39.3999125,5.124487500000001,False
8iVFB,longdress,1k,0.1845760787723523,0.3152479235773912,0.13067184480503888,27.3496,30.7536,3.404,28.7029375,31.505749999999995,2.8028124999999946,False
8iVFB,longdress,2k,0.2602247641514932,0.4435140786464732,0.18328931449497998,28.9507,32.6652,3.7144999999999975,30.108125,32.9171,2.8089749999999967,False
8iVFB,longdress,32k,0.7671073212691412,2.381949867477266,1.6148425462081248,33.8162,44.8822,11.065999999999995,34.8154125,43.870174999999996,9.054762499999995,False
8iVFB,longdress,4k,0.5637892410654968,0.7084476541028433,0.1446584130373465,33.0491,34.4283,1.3791999999999973,34.041287499999996,35.368449999999996,1.3271625,False
8iVFB,longdress,512,0.15555861187972483,0.20191009900159212,0.04635148712186729,27.3239,28.955,1.6311,28.6066,29.914949999999997,1.3083499999999972,False
8iVFB,longdress,8k,0.47525426415498984,1.010268472177219,0.5350142080222292,32.3508,36.5329,4.182099999999998,33.510075,37.298325,3.788249999999998,False
8iVFB,loot,16k,0.18377593026071515,0.33994424334241913,0.15616831308170398,39.1044,41.8131,2.7087000000000003,41.939787499999994,44.0129375,2.0731500000000054,False
8iVFB,loot,1k,0.05988438875677555,0.0638084653259405,0.003924076569164957,34.7983,34.967,0.16870000000000118,38.0207875,38.1459,0.12511250000000018,False
8iVFB,loot,2k,0.10230415318800176,0.12282856380039366,0.020524410612391894,36.6009,37.3577,0.7567999999999984,39.67685,40.2466375,0.5697874999999968,False
8iVFB,loot,32k,0.24322320669079892,0.7977399305835822,0.5545167238927833,40.3484,46.7617,6.4133,43.0396875,47.849175,4.809487500000003,False
8iVFB,loot,4k,0.16402640059109508,0.16589406235059637,0.0018676617595012879,38.4647,38.4809,0.016199999999997772,41.184312500000004,41.169624999999996,-0.014687500000007958,False
8iVFB,loot,512,0.042707861192000346,0.04298602358171331,0.00027816238971296176,33.6449,33.6731,0.028199999999998226,37.038287499999996,37.0677125,0.029425000000003365,False
8iVFB,loot,8k,0.134292828004992,0.23382529166692537,0.09953246366193336,37.6072,39.8468,2.239600000000003,40.595187499999994,42.28295,1.6877625000000052,False
8iVFB,redandblack,16k,0.317702071160935,0.6622330211128283,0.3445309499518933,38.3226,41.1322,2.809599999999996,38.55465,41.2126,2.6579499999999996,False
8iVFB,redandblack,1k,0.11495979231639283,0.1411340506882093,0.026174258371816472,34.1731,34.8692,0.6961000000000013,34.478449999999995,35.0295,0.5510500000000036,False
8iVFB,redandblack,2k,0.16500657919917222,0.21092503408381516,0.04591845488464294,35.7253,36.9345,1.2092000000000027,35.8020375,36.7176,0.9155625000000001,False
8iVFB,redandblack,32k,0.4100880174107915,1.1902582979077223,0.7801702804969308,39.1502,46.2263,7.076100000000004,39.2361625,45.087424999999996,5.851262499999997,False
8iVFB,redandblack,4k,0.2815712473818483,0.3282921401996328,0.04672089281778452,37.8181,38.0405,0.22240000000000038,37.9939375,38.377674999999996,0.3837374999999952,False
8iVFB,redandblack,512,0.08965132224086073,0.09256543894542762,0.002914116704566899,33.5624,33.6595,0.09710000000000463,33.8754625,33.970437499999996,0.09497499999999803,False
8iVFB,redandblack,8k,0.24087919745648292,0.4506956001852998,0.20981640272881688,37.1725,39.2827,2.110199999999999,37.59545,39.566375,1.9709250000000011,False
8iVFB,soldier,16k,0.3020353671089009,0.538180923357185,0.23614555624828415,37.5321,40.5835,3.051400000000001,40.549875,42.8560875,2.306212500000001,False
8iVFB,soldier,1k,0.1122477368741455,0.12246543218151651,0.010217695307371003,32.9555,33.3844,0.4288999999999987,36.5140875,36.8492375,0.3351499999999987,False
8iVFB,soldier,2k,0.17032185556578835,0.20586709466885686,0.035545239103068504,34.5814,35.7074,1.1259999999999977,38.097025,38.9445375,0.8475125000000006,False
8iVFB,soldier,32k,0.39337025097076367,1.1656032416024005,0.7722329906316368,38.7975,45.8462,7.048700000000004,41.76325,47.034287500000005,5.271037500000006,False
8iVFB,soldier,4k,0.27468044451749213,0.2813355357816748,0.006655091264182678,37.1159,37.2169,0.10099999999999909,39.831812500000005,39.878175,0.046362499999993645,False
8iVFB,soldier,512,0.08337962576130002,0.08523071074868858,0.0018510849873885626,31.7325,31.8147,0.08219999999999672,35.459075,35.5334625,0.07438750000000027,False
8iVFB,soldier,8k,0.2258911330641792,0.37705572812556526,0.15116459506138605,36.0651,38.5452,2.4801,39.1333375,40.982925,1.8495874999999984,False
Owlii,basketball_player,16k,0.1771376396133215,0.3289856910867264,0.15184805147340488,39.3337,42.0039,2.6702000000000012,41.2746,43.3815125,2.1069125,False
Owlii,basketball_player,1k,0.06098839889125703,0.0683934153628973,0.007405016471640262,35.2484,35.7023,0.4539000000000044,37.674362499999994,38.01715,0.34278750000000713,False
Owlii,basketball_player,2k,0.09249739706637763,0.10911598220083218,0.01661858513445455,36.913,37.8269,0.9139000000000053,39.09245,39.781487500000004,0.6890375000000049,False
Owlii,basketball_player,32k,0.23675957684902482,0.7627568866276404,0.5259973097786156,40.1079,46.0289,5.920999999999999,41.9698,46.4487625,4.4789625000000015,False
Owlii,basketball_player,4k,0.15043135225698523,0.16116209525795103,0.010730743000965798,38.7556,39.1507,0.39509999999999934,40.594125,40.8840875,0.28996250000000146,False
Owlii,basketball_player,512,0.04815772584609472,0.04967490018424625,0.0015171743381515307,34.2214,34.3225,0.1010999999999953,36.8686875,36.942400000000006,0.07371250000000629,False
Owlii,basketball_player,8k,0.13171283707833417,0.21787025396342957,0.0861574168850954,38.1844,40.2047,2.020300000000006,40.2528,41.8044875,1.5516874999999999,False
Owlii,dancer,16k,0.21620482082166492,0.4089009426840143,0.19269612186234936,38.513,41.4612,2.9482,40.7278625,43.121325000000006,2.3934625000000054,False
Owlii,dancer,1k,0.07260005868628194,0.08606941504590919,0.013469356359627246,33.5125,34.789,1.2764999999999986,36.251287500000004,37.22025,0.9689624999999964,False
Owlii,dancer,2k,0.11192556528279096,0.14077870428666253,0.02885313900387157,35.0693,36.8635,1.7942000000000036,37.606375,38.9577375,1.3513625000000005,False
Owlii,dancer,32k,0.2855230058771747,0.9174774015081805,0.6319543956310057,39.382,45.6367,6.2547,41.49431249999999,46.2951375,4.80082500000001,False
Owlii,dancer,4k,0.19069053242132192,0.2038294223389617,0.013138889917639784,38.0255,38.377,0.3515000000000015,40.140750000000004,40.41055,0.2697999999999965,False
Owlii,dancer,512,0.056270458294280366,0.06123885031864372,0.004968392024363354,32.6528,33.3529,0.7000999999999991,35.515175,36.03355,0.5183749999999989,False
Owlii,dancer,8k,0.16299972366168214,0.28044065990729844,0.1174409362456163,37.3145,39.5917,2.2772000000000006,39.680237500000004,41.4919375,1.8116999999999948,False
Owlii,exercise,16k,0.15188138916660854,0.3289234036286979,0.17704201446208934,38.3509,40.7381,2.3872,40.4887375,42.3730875,1.8843499999999977,False
Owlii,exercise,1k,0.04405899540406272,0.049453215218520155,0.005394219814457438,35.2551,35.5932,0.3381000000000043,37.740925,37.99478750000001,0.253862500000011,False
Owlii,exercise,2k,0.06946763080595535,0.08261216644578266,0.013144535639827315,36.5472,37.1186,0.5714000000000041,38.8619875,39.28917500000001,0.4271875000000094,False
Owlii,exercise,32k,0.20940733334883396,0.9380486254814884,0.7286412921326544,39.0215,45.2752,6.253699999999995,41.094437500000005,45.81968750000001,4.725250000000003,False
Owlii,exercise,4k,0.12188456679609694,0.1298208902012757,0.007936323405178775,37.8766,38.1017,0.22509999999999764,39.948237500000005,40.10765,0.15941249999999485,False
Owlii,exercise,512,0.03322095375386547,0.034560208328489384,0.001339254574623916,34.3692,34.4706,0.10139999999999816,36.964949999999995,37.0369625,0.0720125000000067,False
Owlii,exercise,8k,0.10745037860292807,0.19574197648554179,0.08829159788261372,37.4713,39.13,1.6587000000000032,39.686499999999995,40.966212500000005,1.2797125000000094,False
Owlii,model,16k,0.29618322931790714,0.6210823178843187,0.32489908856641153,36.2527,40.768,4.515300000000003,38.587912499999995,42.149587499999996,3.561675000000001,False
Owlii,model,1k,0.09737364216159512,0.12906933432661097,0.031695692165015846,31.6899,33.068,1.3780999999999963,34.382875000000006,35.4317625,1.0488874999999922,False
Owlii,model,2k,0.14115894215931463,0.207238257405873,0.06607931524655838,32.9551,35.2292,2.274099999999997,35.5084625,37.2133625,1.704900000000002,False
Owlii,model,32k,0.3782320164803004,1.2259154244361503,0.84768340795585,37.0053,45.771,8.765700000000002,39.28283749999999,45.94025,6.657412500000007,False
Owlii,model,4k,0.27019178873592753,0.30676467681735603,0.0365728880814285,36.0268,36.9943,0.9675000000000011,38.163237499999994,38.9079875,0.7447500000000034,False
Owlii,model,512,0.08054062682913851,0.08754627482877363,0.0070056479996351145,31.0083,31.3899,0.3816000000000024,33.815225,34.1052,0.2899750000000054,False
Owlii,model,8k,0.22748895865481827,0.42948514264429766,0.20199618398947938,35.2429,38.599,3.356099999999998,37.6266125,40.217175,2.590562499999997,False
CTC,Facade_00009_vox12,16k,1.5845171153165403,1.6595908112663174,0.07507369594977709,37.3597,37.8815,0.521800000000006,38.74858749999999,39.131037500000005,0.38245000000001284,False
CTC,Facade_00009_vox12,1k,0.6694380311825499,0.673347597402394,0.003909566219844174,30.0707,30.0617,-0.009000000000000341,32.5230125,32.49155,-0.0314625000000035,False
CTC,Facade_00009_vox12,2k,1.0581291096652121,1.0864333666440071,0.028304256978795017,32.4007,32.7192,0.3185000000000002,34.628325000000004,34.7940875,0.1657624999999996,False
CTC,Facade_00009_vox12,32k,2.011662286156439,2.9445800192345644,0.9329177330781255,38.807,42.9261,4.119099999999996,39.9928,43.0593375,3.0665374999999955,False
CTC,Facade_00009_vox12,4k,1.387530112744622,1.3930436035674791,0.0055134908228571256,36.4049,36.5077,0.102800000000002,37.85937499999999,37.9014875,0.04211250000000888,False
CTC,Facade_00009_vox12,512,0.5699495954162842,0.5710472813164712,0.0010976859001869954,29.3384,29.4561,0.11769999999999925,31.891824999999997,31.965187500000003,0.07336250000000533,False
CTC,Facade_00009_vox12,8k,1.2417333663307406,1.2743080725650575,0.03257470623431691,35.6676,35.8964,0.22879999999999967,37.256575,37.4233625,0.1667875000000052,False
CTC,House_without_roof_00057_vox12,16k,0.8264472559394235,1.1249426397964835,0.29849538385706,35.1189,38.7661,3.647200000000005,37.36535,40.14435,2.7790000000000035,False
CTC,House_without_roof_00057_vox12,1k,0.2649939314193673,0.28264963408057137,0.017655702661204087,30.4925,30.9208,0.4283000000000001,33.0796375,33.405375,0.32573750000000246,False
CTC,House_without_roof_00057_vox12,2k,0.4598171279372291,0.5229872884633034,0.06317016052607433,31.7711,32.9225,1.1513999999999989,34.267575,35.0989,0.8313249999999996,False
CTC,House_without_roof_00057_vox12,32k,1.064951858676833,2.150032637311304,1.0850807786344712,35.7523,43.6625,7.910200000000003,37.9511875,43.9088125,5.957625,False
CTC,House_without_roof_00057_vox12,4k,0.7180860201969788,0.7763031464842964,0.05821712628731768,34.6994,36.0906,1.3912000000000049,36.92865,37.964912500000004,1.0362625000000065,False
CTC,House_without_roof_00057_vox12,512,0.21503131222615338,0.2175969245650163,0.0025656123388629326,29.9656,30.0696,0.10400000000000276,32.6621125,32.74975,0.08763749999999959,False
CTC,House_without_roof_00057_vox12,8k,0.6287268148768392,0.7983162653428877,0.16958945046604845,34.2452,36.6285,2.3833000000000055,36.556149999999995,38.37321250000001,1.817062500000013,False
CTC,Shiva_00035_vox12,16k,3.4251614258590553,3.6035563236524064,0.17839489779335116,35.1246,36.9391,1.8145000000000024,35.946475,37.3171875,1.3707125000000033,False
CTC,Shiva_00035_vox12,1k,1.3272158647233463,1.3734734405409799,0.04625757581763357,25.371,25.718,0.3470000000000013,27.8872,28.2000125,0.3128124999999997,False
CTC,Shiva_00035_vox12,2k,2.2587332479794515,2.419322744695441,0.16058949671598954,27.898,29.1324,1.2344000000000008,29.9418125,30.896012499999998,0.9541999999999966,False
CTC,Shiva_00035_vox12,32k,4.212515310187369,5.292857624176024,1.0803423139886554,36.559,42.7948,6.235800000000005,37.129425,41.81,4.680575000000005,False
CTC,Shiva_00035_vox12,4k,2.9855995053174413,3.0236520098460855,0.03805250452864417,34.0224,34.9218,0.8994,34.9035375,35.5544875,0.6509500000000017,False
CTC,Shiva_00035_vox12,512,1.1545050597939615,1.15854813840013,0.004043078606168482,24.8186,24.93,0.11139999999999972,27.4619,27.5718875,0.10998749999999902,False
CTC,Shiva_00035_vox12,8k,2.7691045373647847,2.874779513482874,0.10567497611808951,33.3182,34.3121,0.9939000000000036,34.417625,35.162875,0.7452499999999986,False
