dataset,sample,method,endpoint,operating_point,GPU_model,VRAM_MiB,encode_seconds,decode_seconds,codec_seconds,timing_semantics
8iVFB,longdress,Original_Unicorn,Original Unicorn,R01,NVIDIA GeForce RTX 3090,24576,7.405626950785518,2.8477922212332487,10.253419172018766,CUDA-synchronized codec only
8iVFB,longdress,Original_Unicorn,Original Unicorn,R02,NVIDIA GeForce RTX 3090,24576,4.227927939966321,2.428607292473316,6.656535232439637,CUDA-synchronized codec only
8iVFB,longdress,Original_Unicorn,Original Unicorn,R03,NVIDIA GeForce RTX 3090,24576,3.6083593033254147,2.211965775117278,5.820325078442693,CUDA-synchronized codec only
8iVFB,longdress,Original_Unicorn,Original Unicorn,R04,NVIDIA GeForce RTX 3090,24576,4.935357239097357,2.4776044823229313,7.412961721420288,CUDA-synchronized codec only
8iVFB,longdress,Original_Unicorn,Original Unicorn,R05,NVIDIA GeForce RTX 3090,24576,3.4838363993912935,2.3147851433604956,5.798621542751789,CUDA-synchronized codec only
8iVFB,longdress,Original_Unicorn,Original Unicorn,R06,NVIDIA GeForce RTX 3090,24576,3.31062663346529,2.215811423957348,5.526438057422638,CUDA-synchronized codec only
8iVFB,longdress,Original_Unicorn,Original Unicorn,R07,NVIDIA GeForce RTX 3090,24576,3.401260068640113,2.264335559681058,5.665595628321171,CUDA-synchronized codec only
8iVFB,longdress,Original_Unicorn,Original Unicorn,R08,NVIDIA GeForce RTX 3090,24576,3.251772241666913,2.0399437602609396,5.291716001927853,CUDA-synchronized codec only
8iVFB,longdress,Original_Unicorn,Original Unicorn,R09,NVIDIA GeForce RTX 3090,24576,3.2191043067723513,2.1886705476790667,5.407774854451418,CUDA-synchronized codec only
8iVFB,loot,Original_Unicorn,Original Unicorn,R01,NVIDIA GeForce RTX 3090,24576,6.825698240078054,2.0987152389716357,8.92441347904969,CUDA-synchronized codec only
8iVFB,loot,Original_Unicorn,Original Unicorn,R02,NVIDIA GeForce RTX 3090,24576,3.076770729967393,1.9429008319275454,5.019671561894938,CUDA-synchronized codec only
8iVFB,loot,Original_Unicorn,Original Unicorn,R03,NVIDIA GeForce RTX 3090,24576,3.071925791911781,1.8945077989483252,4.966433590860106,CUDA-synchronized codec only
8iVFB,loot,Original_Unicorn,Original Unicorn,R04,NVIDIA GeForce RTX 3090,24576,3.0753117939457297,1.9611730320611969,5.036484826006927,CUDA-synchronized codec only
8iVFB,loot,Original_Unicorn,Original Unicorn,R05,NVIDIA GeForce RTX 3090,24576,3.0110315890051425,1.9105678759515285,4.921599464956671,CUDA-synchronized codec only
8iVFB,loot,Original_Unicorn,Original Unicorn,R06,NVIDIA GeForce RTX 3090,24576,3.0001785709755495,1.823671740014106,4.8238503109896556,CUDA-synchronized codec only
8iVFB,loot,Original_Unicorn,Original Unicorn,R07,NVIDIA GeForce RTX 3090,24576,2.9830046870047227,1.7932322641136125,4.776236951118335,CUDA-synchronized codec only
8iVFB,loot,Original_Unicorn,Original Unicorn,R08,NVIDIA GeForce RTX 3090,24576,2.9545860500074923,1.7804525980027393,4.7350386480102316,CUDA-synchronized codec only
8iVFB,loot,Original_Unicorn,Original Unicorn,R09,NVIDIA GeForce RTX 3090,24576,2.921204222016968,1.6801152129191905,4.601319434936158,CUDA-synchronized codec only
8iVFB,redandblack,Original_Unicorn,Original Unicorn,R01,NVIDIA GeForce RTX 3090,24576,7.010907247662544,2.308697681874037,9.319604929536581,CUDA-synchronized codec only
8iVFB,redandblack,Original_Unicorn,Original Unicorn,R02,NVIDIA GeForce RTX 3090,24576,3.399681106209755,2.109045945107937,5.508727051317692,CUDA-synchronized codec only
8iVFB,redandblack,Original_Unicorn,Original Unicorn,R03,NVIDIA GeForce RTX 3090,24576,3.142942648380995,2.003865398466587,5.146808046847582,CUDA-synchronized codec only
8iVFB,redandblack,Original_Unicorn,Original Unicorn,R04,NVIDIA GeForce RTX 3090,24576,3.16460083052516,2.0550484098494053,5.219649240374565,CUDA-synchronized codec only
8iVFB,redandblack,Original_Unicorn,Original Unicorn,R05,NVIDIA GeForce RTX 3090,24576,3.0888375267386436,1.9795845970511436,5.068422123789787,CUDA-synchronized codec only
8iVFB,redandblack,Original_Unicorn,Original Unicorn,R06,NVIDIA GeForce RTX 3090,24576,3.0281925424933434,1.8636189512908459,4.891811493784189,CUDA-synchronized codec only
8iVFB,redandblack,Original_Unicorn,Original Unicorn,R07,NVIDIA GeForce RTX 3090,24576,2.9617480523884296,1.7986477836966515,4.760395836085081,CUDA-synchronized codec only
8iVFB,redandblack,Original_Unicorn,Original Unicorn,R08,NVIDIA GeForce RTX 3090,24576,2.9541943296790123,1.7512639798223972,4.7054583095014095,CUDA-synchronized codec only
8iVFB,redandblack,Original_Unicorn,Original Unicorn,R09,NVIDIA GeForce RTX 3090,24576,2.9053319096565247,1.6785794645547867,4.583911374211311,CUDA-synchronized codec only
8iVFB,soldier,Original_Unicorn,Original Unicorn,R01,NVIDIA GeForce RTX 3090,24576,7.427759610116482,3.0082864575088024,10.436046067625284,CUDA-synchronized codec only
8iVFB,soldier,Original_Unicorn,Original Unicorn,R02,NVIDIA GeForce RTX 3090,24576,4.072160642594099,2.8199991434812546,6.892159786075354,CUDA-synchronized codec only
8iVFB,soldier,Original_Unicorn,Original Unicorn,R03,NVIDIA GeForce RTX 3090,24576,3.9484280385077,2.652717463672161,6.601145502179861,CUDA-synchronized codec only
8iVFB,soldier,Original_Unicorn,Original Unicorn,R04,NVIDIA GeForce RTX 3090,24576,4.00199032574892,2.780481144785881,6.7824714705348015,CUDA-synchronized codec only
8iVFB,soldier,Original_Unicorn,Original Unicorn,R05,NVIDIA GeForce RTX 3090,24576,3.9840056262910366,2.6555943079292774,6.639599934220314,CUDA-synchronized codec only
8iVFB,soldier,Original_Unicorn,Original Unicorn,R06,NVIDIA GeForce RTX 3090,24576,3.879998654127121,2.579269640147686,6.459268294274807,CUDA-synchronized codec only
8iVFB,soldier,Original_Unicorn,Original Unicorn,R07,NVIDIA GeForce RTX 3090,24576,3.8158880807459354,2.476523742079735,6.29241182282567,CUDA-synchronized codec only
8iVFB,soldier,Original_Unicorn,Original Unicorn,R08,NVIDIA GeForce RTX 3090,24576,6.629025712609291,2.4440260529518127,9.073051765561104,CUDA-synchronized codec only
8iVFB,soldier,Original_Unicorn,Original Unicorn,R09,NVIDIA GeForce RTX 3090,24576,3.6641747392714024,2.270044185221195,5.934218924492598,CUDA-synchronized codec only
CTC,Staue_Klimt_vox12,Original_Unicorn,Original Unicorn,R01,NVIDIA GeForce RTX 3090,24576,6.929984824731946,5.979404676705599,12.909389501437545,CUDA-synchronized codec only
CTC,Staue_Klimt_vox12,Original_Unicorn,Original Unicorn,R02,NVIDIA GeForce RTX 3090,24576,6.00086004845798,4.922747945412993,10.923607993870974,CUDA-synchronized codec only
CTC,Staue_Klimt_vox12,Original_Unicorn,Original Unicorn,R03,NVIDIA GeForce RTX 3090,24576,5.446565682068467,4.3770530223846436,9.82361870445311,CUDA-synchronized codec only
CTC,Staue_Klimt_vox12,Original_Unicorn,Original Unicorn,R04,NVIDIA GeForce RTX 3090,24576,5.228098655119538,4.23231658898294,9.460415244102478,CUDA-synchronized codec only
CTC,Staue_Klimt_vox12,Original_Unicorn,Original Unicorn,R05,NVIDIA GeForce RTX 3090,24576,4.98288850300014,3.87292505428195,8.85581355728209,CUDA-synchronized codec only
CTC,Staue_Klimt_vox12,Original_Unicorn,Original Unicorn,R06,NVIDIA GeForce RTX 3090,24576,4.753976719453931,3.604971395805478,8.358948115259409,CUDA-synchronized codec only
CTC,Staue_Klimt_vox12,Original_Unicorn,Original Unicorn,R07,NVIDIA GeForce RTX 3090,24576,4.638019643723965,3.431683663278818,8.069703307002783,CUDA-synchronized codec only
CTC,Staue_Klimt_vox12,Original_Unicorn,Original Unicorn,R08,NVIDIA GeForce RTX 3090,24576,4.620165925472975,3.4221676886081696,8.042333614081144,CUDA-synchronized codec only
CTC,Staue_Klimt_vox12,Original_Unicorn,Original Unicorn,R09,NVIDIA GeForce RTX 3090,24576,4.543097576126456,3.3749875482171774,7.918085124343634,CUDA-synchronized codec only
CTC,Thaidancer_viewdep_vox12,Original_Unicorn,Original Unicorn,R01,NVIDIA GeForce RTX 3090,24576,15.559140767902136,9.470077466219664,25.0292182341218,CUDA-synchronized codec only
CTC,Thaidancer_viewdep_vox12,Original_Unicorn,Original Unicorn,R02,NVIDIA GeForce RTX 3090,24576,12.987800668925047,8.728043019771576,21.715843688696623,CUDA-synchronized codec only
CTC,Thaidancer_viewdep_vox12,Original_Unicorn,Original Unicorn,R03,NVIDIA GeForce RTX 3090,24576,12.51096535474062,8.081436894834042,20.59240224957466,CUDA-synchronized codec only
CTC,Thaidancer_viewdep_vox12,Original_Unicorn,Original Unicorn,R04,NVIDIA GeForce RTX 3090,24576,12.815979819744825,8.497953329235315,21.31393314898014,CUDA-synchronized codec only
CTC,Thaidancer_viewdep_vox12,Original_Unicorn,Original Unicorn,R05,NVIDIA GeForce RTX 3090,24576,12.47699698060751,8.178683638572693,20.655680619180202,CUDA-synchronized codec only
CTC,Thaidancer_viewdep_vox12,Original_Unicorn,Original Unicorn,R06,NVIDIA GeForce RTX 3090,24576,12.114255651831627,7.69720521569252,19.811460867524147,CUDA-synchronized codec only
CTC,Thaidancer_viewdep_vox12,Original_Unicorn,Original Unicorn,R07,NVIDIA GeForce RTX 3090,24576,11.955134481191635,7.402022421360016,19.35715690255165,CUDA-synchronized codec only
CTC,Thaidancer_viewdep_vox12,Original_Unicorn,Original Unicorn,R08,NVIDIA GeForce RTX 3090,24576,11.747059110552073,7.203350957483053,18.950410068035126,CUDA-synchronized codec only
CTC,Thaidancer_viewdep_vox12,Original_Unicorn,Original Unicorn,R09,NVIDIA GeForce RTX 3090,24576,11.655878830701113,6.951671555638313,18.607550386339426,CUDA-synchronized codec only
CTC,basketball_player_vox11_00000200,Original_Unicorn,Original Unicorn,R01,NVIDIA GeForce RTX 3090,24576,14.888985272496939,8.478153873234987,23.367139145731926,CUDA-synchronized codec only
CTC,basketball_player_vox11_00000200,Original_Unicorn,Original Unicorn,R02,NVIDIA GeForce RTX 3090,24576,12.482628820464015,7.8128966093063354,20.29552542977035,CUDA-synchronized codec only
CTC,basketball_player_vox11_00000200,Original_Unicorn,Original Unicorn,R03,NVIDIA GeForce RTX 3090,24576,12.07797265611589,7.448469262570143,19.526441918686032,CUDA-synchronized codec only
CTC,basketball_player_vox11_00000200,Original_Unicorn,Original Unicorn,R04,NVIDIA GeForce RTX 3090,24576,12.190177792683244,7.545668670907617,19.73584646359086,CUDA-synchronized codec only
CTC,basketball_player_vox11_00000200,Original_Unicorn,Original Unicorn,R05,NVIDIA GeForce RTX 3090,24576,11.860408298671246,7.231905585154891,19.092313883826137,CUDA-synchronized codec only
CTC,basketball_player_vox11_00000200,Original_Unicorn,Original Unicorn,R06,NVIDIA GeForce RTX 3090,24576,11.636030182242393,6.936727719381452,18.572757901623845,CUDA-synchronized codec only
CTC,basketball_player_vox11_00000200,Original_Unicorn,Original Unicorn,R07,NVIDIA GeForce RTX 3090,24576,11.520015580579638,6.772745382040739,18.292760962620378,CUDA-synchronized codec only
CTC,basketball_player_vox11_00000200,Original_Unicorn,Original Unicorn,R08,NVIDIA GeForce RTX 3090,24576,11.393372030928731,6.4814019985497,17.87477402947843,CUDA-synchronized codec only
CTC,basketball_player_vox11_00000200,Original_Unicorn,Original Unicorn,R09,NVIDIA GeForce RTX 3090,24576,14.1917441226542,6.332945873960853,20.524689996615052,CUDA-synchronized codec only
CTC,boxer_viewdep_vox12,Original_Unicorn,Original Unicorn,R01,NVIDIA GeForce RTX 3090,24576,23.266824211925268,15.569835970178246,38.836660182103515,CUDA-synchronized codec only
CTC,boxer_viewdep_vox12,Original_Unicorn,Original Unicorn,R02,NVIDIA GeForce RTX 3090,24576,22.763205647468567,14.74071923457086,37.50392488203943,CUDA-synchronized codec only
CTC,boxer_viewdep_vox12,Original_Unicorn,Original Unicorn,R03,NVIDIA GeForce RTX 3090,24576,22.370989575982094,14.425747646018863,36.79673722200096,CUDA-synchronized codec only
CTC,boxer_viewdep_vox12,Original_Unicorn,Original Unicorn,R04,NVIDIA GeForce RTX 3090,24576,22.389309853315353,14.382845636457205,36.77215548977256,CUDA-synchronized codec only
CTC,boxer_viewdep_vox12,Original_Unicorn,Original Unicorn,R05,NVIDIA GeForce RTX 3090,24576,22.000866366550326,13.757836619392037,35.758702985942364,CUDA-synchronized codec only
CTC,boxer_viewdep_vox12,Original_Unicorn,Original Unicorn,R06,NVIDIA GeForce RTX 3090,24576,21.52351982332766,12.800487698987126,34.32400752231479,CUDA-synchronized codec only
CTC,boxer_viewdep_vox12,Original_Unicorn,Original Unicorn,R07,NVIDIA GeForce RTX 3090,24576,21.398624140769243,12.724574195221066,34.12319833599031,CUDA-synchronized codec only
CTC,boxer_viewdep_vox12,Original_Unicorn,Original Unicorn,R08,NVIDIA GeForce RTX 3090,24576,21.548758866265416,12.676047869026661,34.22480673529208,CUDA-synchronized codec only
CTC,boxer_viewdep_vox12,Original_Unicorn,Original Unicorn,R09,NVIDIA GeForce RTX 3090,24576,21.328356385231018,12.398517860099673,33.72687424533069,CUDA-synchronized codec only
CTC,dancer_vox11_00000001,Original_Unicorn,Original Unicorn,R01,NVIDIA GeForce RTX 3090,24576,13.736129831522703,7.095683811232448,20.83181364275515,CUDA-synchronized codec only
CTC,dancer_vox11_00000001,Original_Unicorn,Original Unicorn,R02,NVIDIA GeForce RTX 3090,24576,11.102787021547556,6.664567679166794,17.76735470071435,CUDA-synchronized codec only
CTC,dancer_vox11_00000001,Original_Unicorn,Original Unicorn,R03,NVIDIA GeForce RTX 3090,24576,10.835569255053997,6.314430894330144,17.15000014938414,CUDA-synchronized codec only
CTC,dancer_vox11_00000001,Original_Unicorn,Original Unicorn,R04,NVIDIA GeForce RTX 3090,24576,10.853957414627075,6.548303745687008,17.402261160314083,CUDA-synchronized codec only
CTC,dancer_vox11_00000001,Original_Unicorn,Original Unicorn,R05,NVIDIA GeForce RTX 3090,24576,10.702249998226762,6.272611580789089,16.97486157901585,CUDA-synchronized codec only
CTC,dancer_vox11_00000001,Original_Unicorn,Original Unicorn,R06,NVIDIA GeForce RTX 3090,24576,10.524658720940351,5.974499965086579,16.49915868602693,CUDA-synchronized codec only
CTC,dancer_vox11_00000001,Original_Unicorn,Original Unicorn,R07,NVIDIA GeForce RTX 3090,24576,10.446516199037433,5.88199851103127,16.328514710068703,CUDA-synchronized codec only
CTC,dancer_vox11_00000001,Original_Unicorn,Original Unicorn,R08,NVIDIA GeForce RTX 3090,24576,10.40734806843102,5.716779945418239,16.12412801384926,CUDA-synchronized codec only
CTC,dancer_vox11_00000001,Original_Unicorn,Original Unicorn,R09,NVIDIA GeForce RTX 3090,24576,10.257753333076835,5.558552807196975,15.81630614027381,CUDA-synchronized codec only
CTC,longdress_viewdep_vox12,Original_Unicorn,Original Unicorn,R01,NVIDIA GeForce RTX 3090,24576,23.63599518686533,16.22682662680745,39.86282181367278,CUDA-synchronized codec only
CTC,longdress_viewdep_vox12,Original_Unicorn,Original Unicorn,R02,NVIDIA GeForce RTX 3090,24576,22.872272688895464,15.010286655277014,37.88255934417248,CUDA-synchronized codec only
CTC,longdress_viewdep_vox12,Original_Unicorn,Original Unicorn,R03,NVIDIA GeForce RTX 3090,24576,22.336292635649443,13.831911116838455,36.1682037524879,CUDA-synchronized codec only
CTC,longdress_viewdep_vox12,Original_Unicorn,Original Unicorn,R04,NVIDIA GeForce RTX 3090,24576,23.042587988078594,14.876692242920399,37.91928023099899,CUDA-synchronized codec only
CTC,longdress_viewdep_vox12,Original_Unicorn,Original Unicorn,R05,NVIDIA GeForce RTX 3090,24576,22.957555811852217,14.02734500542283,36.98490081727505,CUDA-synchronized codec only
CTC,longdress_viewdep_vox12,Original_Unicorn,Original Unicorn,R06,NVIDIA GeForce RTX 3090,24576,22.695010531693697,12.905471209436655,35.60048174113035,CUDA-synchronized codec only
CTC,longdress_viewdep_vox12,Original_Unicorn,Original Unicorn,R07,NVIDIA GeForce RTX 3090,24576,20.646536979824305,12.426557328552008,33.07309430837631,CUDA-synchronized codec only
CTC,longdress_viewdep_vox12,Original_Unicorn,Original Unicorn,R08,NVIDIA GeForce RTX 3090,24576,21.81344312056899,12.186150874942541,33.99959399551153,CUDA-synchronized codec only
CTC,longdress_viewdep_vox12,Original_Unicorn,Original Unicorn,R09,NVIDIA GeForce RTX 3090,24576,20.642144415527582,11.704583816230297,32.34672823175788,CUDA-synchronized codec only
CTC,loot_viewdep_vox12,Original_Unicorn,Original Unicorn,R01,NVIDIA GeForce RTX 3090,24576,17.59601789340377,13.00823924317956,30.60425713658333,CUDA-synchronized codec only
CTC,loot_viewdep_vox12,Original_Unicorn,Original Unicorn,R02,NVIDIA GeForce RTX 3090,24576,16.994018202647567,12.462309984490275,29.456328187137842,CUDA-synchronized codec only
CTC,loot_viewdep_vox12,Original_Unicorn,Original Unicorn,R03,NVIDIA GeForce RTX 3090,24576,16.644585525617003,12.071583649143577,28.71616917476058,CUDA-synchronized codec only
CTC,loot_viewdep_vox12,Original_Unicorn,Original Unicorn,R04,NVIDIA GeForce RTX 3090,24576,16.495658380910754,11.629108060151339,28.124766441062093,CUDA-synchronized codec only
CTC,loot_viewdep_vox12,Original_Unicorn,Original Unicorn,R05,NVIDIA GeForce RTX 3090,24576,16.290959348902106,11.281631806865335,27.57259115576744,CUDA-synchronized codec only
CTC,loot_viewdep_vox12,Original_Unicorn,Original Unicorn,R06,NVIDIA GeForce RTX 3090,24576,16.053130142390728,10.93421289138496,26.987343033775687,CUDA-synchronized codec only
CTC,loot_viewdep_vox12,Original_Unicorn,Original Unicorn,R07,NVIDIA GeForce RTX 3090,24576,16.046644495800138,10.92611637338996,26.972760869190097,CUDA-synchronized codec only
CTC,loot_viewdep_vox12,Original_Unicorn,Original Unicorn,R08,NVIDIA GeForce RTX 3090,24576,15.844668477773666,10.676778700202703,26.52144717797637,CUDA-synchronized codec only
CTC,loot_viewdep_vox12,Original_Unicorn,Original Unicorn,R09,NVIDIA GeForce RTX 3090,24576,15.735105907544494,10.456045109778643,26.191151017323136,CUDA-synchronized codec only
CTC,redandblack_viewdep_vox12,Original_Unicorn,Original Unicorn,R01,NVIDIA GeForce RTX 3090,24576,17.70171553082764,13.906624274328351,31.608339805155993,CUDA-synchronized codec only
CTC,redandblack_viewdep_vox12,Original_Unicorn,Original Unicorn,R02,NVIDIA GeForce RTX 3090,24576,17.00759031251073,12.817396087571979,29.824986400082707,CUDA-synchronized codec only
CTC,redandblack_viewdep_vox12,Original_Unicorn,Original Unicorn,R03,NVIDIA GeForce RTX 3090,24576,16.367082700133324,12.221240179613233,28.588322879746556,CUDA-synchronized codec only
CTC,redandblack_viewdep_vox12,Original_Unicorn,Original Unicorn,R04,NVIDIA GeForce RTX 3090,24576,16.664271164685488,12.616130469366908,29.280401634052396,CUDA-synchronized codec only
CTC,redandblack_viewdep_vox12,Original_Unicorn,Original Unicorn,R05,NVIDIA GeForce RTX 3090,24576,16.40826227143407,12.117158457636833,28.525420729070902,CUDA-synchronized codec only
CTC,redandblack_viewdep_vox12,Original_Unicorn,Original Unicorn,R06,NVIDIA GeForce RTX 3090,24576,15.775654694065452,11.06290222518146,26.838556919246912,CUDA-synchronized codec only
CTC,redandblack_viewdep_vox12,Original_Unicorn,Original Unicorn,R07,NVIDIA GeForce RTX 3090,24576,15.684912282973528,10.809096148237586,26.494008431211114,CUDA-synchronized codec only
CTC,redandblack_viewdep_vox12,Original_Unicorn,Original Unicorn,R08,NVIDIA GeForce RTX 3090,24576,15.527417754754424,10.64979175105691,26.177209505811334,CUDA-synchronized codec only
CTC,redandblack_viewdep_vox12,Original_Unicorn,Original Unicorn,R09,NVIDIA GeForce RTX 3090,24576,15.46700013615191,10.368030853569508,25.835030989721417,CUDA-synchronized codec only
CTC,soldier_viewdep_vox12,Original_Unicorn,Original Unicorn,R01,NVIDIA GeForce RTX 3090,24576,27.03694412484765,19.050869833678007,46.08781395852566,CUDA-synchronized codec only
CTC,soldier_viewdep_vox12,Original_Unicorn,Original Unicorn,R02,NVIDIA GeForce RTX 3090,24576,25.86553481221199,17.75970409065485,43.62523890286684,CUDA-synchronized codec only
CTC,soldier_viewdep_vox12,Original_Unicorn,Original Unicorn,R03,NVIDIA GeForce RTX 3090,24576,25.316563272848725,17.16974674910307,42.486310021951795,CUDA-synchronized codec only
CTC,soldier_viewdep_vox12,Original_Unicorn,Original Unicorn,R04,NVIDIA GeForce RTX 3090,24576,25.404689295217395,17.349513918161392,42.75420321337879,CUDA-synchronized codec only
CTC,soldier_viewdep_vox12,Original_Unicorn,Original Unicorn,R05,NVIDIA GeForce RTX 3090,24576,24.950194662436843,16.734337417408824,41.68453207984567,CUDA-synchronized codec only
CTC,soldier_viewdep_vox12,Original_Unicorn,Original Unicorn,R06,NVIDIA GeForce RTX 3090,24576,24.324616454541683,15.522495055571198,39.84711151011288,CUDA-synchronized codec only
CTC,soldier_viewdep_vox12,Original_Unicorn,Original Unicorn,R07,NVIDIA GeForce RTX 3090,24576,27.245694799348712,14.994397457689047,42.24009225703776,CUDA-synchronized codec only
CTC,soldier_viewdep_vox12,Original_Unicorn,Original Unicorn,R08,NVIDIA GeForce RTX 3090,24576,23.86231106519699,14.841328894719481,38.70363995991647,CUDA-synchronized codec only
CTC,soldier_viewdep_vox12,Original_Unicorn,Original Unicorn,R09,NVIDIA GeForce RTX 3090,24576,23.698630832135677,14.540547266602516,38.23917809873819,CUDA-synchronized codec only
CTC,Staue_Klimt_vox12,Ours,Ours Base,16k,NVIDIA GeForce RTX 3090,24576,4.93798341602087,3.8444835115224123,8.782466927543283,CUDA-synchronized codec only
CTC,Staue_Klimt_vox12,Ours,Ours Full,16k,NVIDIA GeForce RTX 3090,24576,5.962077548727393,5.142005791887641,11.104083340615034,CUDA-synchronized codec only
CTC,Staue_Klimt_vox12,Ours,Ours Base,1k,NVIDIA GeForce RTX 3090,24576,3.9979456290602684,2.8824162632226944,6.880361892282963,CUDA-synchronized codec only
CTC,Staue_Klimt_vox12,Ours,Ours Full,1k,NVIDIA GeForce RTX 3090,24576,4.67347408272326,3.682140503078699,8.355614585801959,CUDA-synchronized codec only
CTC,Staue_Klimt_vox12,Ours,Ours Base,2k,NVIDIA GeForce RTX 3090,24576,4.392847681418061,3.3301996011286974,7.723047282546759,CUDA-synchronized codec only
CTC,Staue_Klimt_vox12,Ours,Ours Full,2k,NVIDIA GeForce RTX 3090,24576,5.135421447455883,4.193115931004286,9.328537378460169,CUDA-synchronized codec only
CTC,Staue_Klimt_vox12,Ours,Ours Base,32k,NVIDIA GeForce RTX 3090,24576,5.806631615385413,4.568388149142265,10.375019764527678,CUDA-synchronized codec only
CTC,Staue_Klimt_vox12,Ours,Ours Full,32k,NVIDIA GeForce RTX 3090,24576,7.368702013045549,6.4284056313335896,13.797107644379139,CUDA-synchronized codec only
CTC,Staue_Klimt_vox12,Ours,Ours Base,4k,NVIDIA GeForce RTX 3090,24576,4.80632415227592,3.781658226624131,8.587982378900051,CUDA-synchronized codec only
CTC,Staue_Klimt_vox12,Ours,Ours Full,4k,NVIDIA GeForce RTX 3090,24576,5.585222285240889,4.7378706689924,10.323092954233289,CUDA-synchronized codec only
CTC,Staue_Klimt_vox12,Ours,Ours Base,512,NVIDIA GeForce RTX 3090,24576,3.876960599794984,2.7321903500705957,6.60915094986558,CUDA-synchronized codec only
CTC,Staue_Klimt_vox12,Ours,Ours Full,512,NVIDIA GeForce RTX 3090,24576,4.515431517735124,3.5034715458750725,8.018903063610196,CUDA-synchronized codec only
CTC,Staue_Klimt_vox12,Ours,Ours Base,8k,NVIDIA GeForce RTX 3090,24576,4.51637383364141,3.465009545907378,7.981383379548788,CUDA-synchronized codec only
CTC,Staue_Klimt_vox12,Ours,Ours Full,8k,NVIDIA GeForce RTX 3090,24576,5.398995479568839,4.629752328619361,10.0287478081882,CUDA-synchronized codec only
CTC,Thaidancer_viewdep_vox12,Ours,Ours Base,16k,NVIDIA GeForce RTX 3090,24576,10.977924671024084,5.402811963111162,16.380736634135246,CUDA-synchronized codec only
CTC,Thaidancer_viewdep_vox12,Ours,Ours Full,16k,NVIDIA GeForce RTX 3090,24576,15.732297264039516,9.699539177119732,25.43183644115925,CUDA-synchronized codec only
CTC,Thaidancer_viewdep_vox12,Ours,Ours Base,1k,NVIDIA GeForce RTX 3090,24576,13.927305165678263,5.117843750864267,19.04514891654253,CUDA-synchronized codec only
CTC,Thaidancer_viewdep_vox12,Ours,Ours Full,1k,NVIDIA GeForce RTX 3090,24576,18.33409408479929,8.863450940698385,27.197545025497675,CUDA-synchronized codec only
CTC,Thaidancer_viewdep_vox12,Ours,Ours Base,2k,NVIDIA GeForce RTX 3090,24576,12.069630421698093,5.49883334338665,17.568463765084743,CUDA-synchronized codec only
CTC,Thaidancer_viewdep_vox12,Ours,Ours Full,2k,NVIDIA GeForce RTX 3090,24576,16.877978201955557,9.32626573741436,26.204243939369917,CUDA-synchronized codec only
CTC,Thaidancer_viewdep_vox12,Ours,Ours Base,32k,NVIDIA GeForce RTX 3090,24576,7.083017848432064,5.522347394376993,12.605365242809057,CUDA-synchronized codec only
CTC,Thaidancer_viewdep_vox12,Ours,Ours Full,32k,NVIDIA GeForce RTX 3090,24576,12.603177174925804,10.695223778486252,23.298400953412056,CUDA-synchronized codec only
CTC,Thaidancer_viewdep_vox12,Ours,Ours Base,4k,NVIDIA GeForce RTX 3090,24576,11.640830237418413,5.335718087852001,16.976548325270414,CUDA-synchronized codec only
CTC,Thaidancer_viewdep_vox12,Ours,Ours Full,4k,NVIDIA GeForce RTX 3090,24576,16.015510477125645,9.076347507536411,25.091857984662056,CUDA-synchronized codec only
CTC,Thaidancer_viewdep_vox12,Ours,Ours Base,512,NVIDIA GeForce RTX 3090,24576,13.758196420967579,5.1019442193210125,18.86014064028859,CUDA-synchronized codec only
CTC,Thaidancer_viewdep_vox12,Ours,Ours Full,512,NVIDIA GeForce RTX 3090,24576,18.063286770135164,8.609643056988716,26.67292982712388,CUDA-synchronized codec only
CTC,Thaidancer_viewdep_vox12,Ours,Ours Base,8k,NVIDIA GeForce RTX 3090,24576,12.86669434607029,5.197619441896677,18.064313787966967,CUDA-synchronized codec only
CTC,Thaidancer_viewdep_vox12,Ours,Ours Full,8k,NVIDIA GeForce RTX 3090,24576,17.502264242619276,9.305048886686563,26.80731312930584,CUDA-synchronized codec only
CTC,basketball_player_vox11_00000200,Ours,Ours Base,16k,NVIDIA GeForce RTX 3090,24576,6.32196999900043,4.802922977134585,11.124892976135015,CUDA-synchronized codec only
CTC,basketball_player_vox11_00000200,Ours,Ours Full,16k,NVIDIA GeForce RTX 3090,24576,11.24447843246162,9.174392510205507,20.418870942667127,CUDA-synchronized codec only
CTC,basketball_player_vox11_00000200,Ours,Ours Base,1k,NVIDIA GeForce RTX 3090,24576,6.11353700235486,4.624819802120328,10.738356804475188,CUDA-synchronized codec only
CTC,basketball_player_vox11_00000200,Ours,Ours Full,1k,NVIDIA GeForce RTX 3090,24576,10.39746405929327,8.167607698589563,18.565071757882833,CUDA-synchronized codec only
CTC,basketball_player_vox11_00000200,Ours,Ours Base,2k,NVIDIA GeForce RTX 3090,24576,6.1807458363473415,4.755502911284566,10.936248747631907,CUDA-synchronized codec only
CTC,basketball_player_vox11_00000200,Ours,Ours Full,2k,NVIDIA GeForce RTX 3090,24576,10.587097369134426,8.389670012518764,18.97676738165319,CUDA-synchronized codec only
CTC,basketball_player_vox11_00000200,Ours,Ours Base,32k,NVIDIA GeForce RTX 3090,24576,6.335017519071698,4.9193373415619135,11.254354860633612,CUDA-synchronized codec only
CTC,basketball_player_vox11_00000200,Ours,Ours Full,32k,NVIDIA GeForce RTX 3090,24576,12.269833279773593,10.26874122209847,22.538574501872063,CUDA-synchronized codec only
CTC,basketball_player_vox11_00000200,Ours,Ours Base,4k,NVIDIA GeForce RTX 3090,24576,6.242872059345245,4.802734304219484,11.04560636356473,CUDA-synchronized codec only
CTC,basketball_player_vox11_00000200,Ours,Ours Full,4k,NVIDIA GeForce RTX 3090,24576,10.731724394485354,8.645686689764261,19.377411084249616,CUDA-synchronized codec only
CTC,basketball_player_vox11_00000200,Ours,Ours Base,512,NVIDIA GeForce RTX 3090,24576,6.061069410294294,4.606089709326625,10.66715911962092,CUDA-synchronized codec only
CTC,basketball_player_vox11_00000200,Ours,Ours Full,512,NVIDIA GeForce RTX 3090,24576,10.304134827107191,7.981137849390507,18.285272676497698,CUDA-synchronized codec only
CTC,basketball_player_vox11_00000200,Ours,Ours Base,8k,NVIDIA GeForce RTX 3090,24576,6.414305312559009,4.756100097671151,11.17040541023016,CUDA-synchronized codec only
CTC,basketball_player_vox11_00000200,Ours,Ours Full,8k,NVIDIA GeForce RTX 3090,24576,11.104292452335358,8.841513926163316,19.945806378498673,CUDA-synchronized codec only
CTC,boxer_viewdep_vox12,Ours,Ours Base,16k,NVIDIA GeForce RTX 3090,24576,15.861562974750996,9.721178222447634,25.58274119719863,CUDA-synchronized codec only
CTC,boxer_viewdep_vox12,Ours,Ours Full,16k,NVIDIA GeForce RTX 3090,24576,23.377386823296547,16.309935247525573,39.68732207082212,CUDA-synchronized codec only
CTC,boxer_viewdep_vox12,Ours,Ours Base,1k,NVIDIA GeForce RTX 3090,24576,15.224101513624191,9.202434029430151,24.426535543054342,CUDA-synchronized codec only
CTC,boxer_viewdep_vox12,Ours,Ours Full,1k,NVIDIA GeForce RTX 3090,24576,20.473392764106393,14.101474702358246,34.57486746646464,CUDA-synchronized codec only
CTC,boxer_viewdep_vox12,Ours,Ours Base,2k,NVIDIA GeForce RTX 3090,24576,15.629241807386279,9.56119355559349,25.19043536297977,CUDA-synchronized codec only
CTC,boxer_viewdep_vox12,Ours,Ours Full,2k,NVIDIA GeForce RTX 3090,24576,21.19464989565313,15.108465043827891,36.30311493948102,CUDA-synchronized codec only
CTC,boxer_viewdep_vox12,Ours,Ours Base,32k,NVIDIA GeForce RTX 3090,24576,16.099363593384624,10.07264862023294,26.172012213617563,CUDA-synchronized codec only
CTC,boxer_viewdep_vox12,Ours,Ours Full,32k,NVIDIA GeForce RTX 3090,24576,23.082041824236512,17.587138244882226,40.66918006911874,CUDA-synchronized codec only
CTC,boxer_viewdep_vox12,Ours,Ours Base,4k,NVIDIA GeForce RTX 3090,24576,15.694702979177237,9.601608654484153,25.29631163366139,CUDA-synchronized codec only
CTC,boxer_viewdep_vox12,Ours,Ours Full,4k,NVIDIA GeForce RTX 3090,24576,21.28987682238221,15.255910743027925,36.54578756541014,CUDA-synchronized codec only
CTC,boxer_viewdep_vox12,Ours,Ours Base,512,NVIDIA GeForce RTX 3090,24576,15.113032341003418,9.107109855860472,24.22014219686389,CUDA-synchronized codec only
CTC,boxer_viewdep_vox12,Ours,Ours Full,512,NVIDIA GeForce RTX 3090,24576,20.286934677511454,13.848761411383748,34.1356960888952,CUDA-synchronized codec only
CTC,boxer_viewdep_vox12,Ours,Ours Base,8k,NVIDIA GeForce RTX 3090,24576,15.495914151892066,9.396791944280267,24.892706096172333,CUDA-synchronized codec only
CTC,boxer_viewdep_vox12,Ours,Ours Full,8k,NVIDIA GeForce RTX 3090,24576,21.34880200959742,15.476139446720481,36.8249414563179,CUDA-synchronized codec only
CTC,dancer_vox11_00000001,Ours,Ours Base,16k,NVIDIA GeForce RTX 3090,24576,5.967051029205322,4.220127444714308,10.18717847391963,CUDA-synchronized codec only
CTC,dancer_vox11_00000001,Ours,Ours Full,16k,NVIDIA GeForce RTX 3090,24576,10.083621624857187,7.762759685516357,17.846381310373545,CUDA-synchronized codec only
CTC,dancer_vox11_00000001,Ours,Ours Base,1k,NVIDIA GeForce RTX 3090,24576,5.768298428505659,4.082669395953417,9.850967824459076,CUDA-synchronized codec only
CTC,dancer_vox11_00000001,Ours,Ours Full,1k,NVIDIA GeForce RTX 3090,24576,9.480895765125751,7.1075866259634495,16.5884823910892,CUDA-synchronized codec only
CTC,dancer_vox11_00000001,Ours,Ours Base,2k,NVIDIA GeForce RTX 3090,24576,5.866399724036455,4.188280563801527,10.054680287837982,CUDA-synchronized codec only
CTC,dancer_vox11_00000001,Ours,Ours Full,2k,NVIDIA GeForce RTX 3090,24576,9.623479276895523,7.270932305604219,16.894411582499743,CUDA-synchronized codec only
CTC,dancer_vox11_00000001,Ours,Ours Base,32k,NVIDIA GeForce RTX 3090,24576,6.100990708917379,4.323018593713641,10.42400930263102,CUDA-synchronized codec only
CTC,dancer_vox11_00000001,Ours,Ours Full,32k,NVIDIA GeForce RTX 3090,24576,11.00239590369165,8.736268794164062,19.73866469785571,CUDA-synchronized codec only
CTC,dancer_vox11_00000001,Ours,Ours Base,4k,NVIDIA GeForce RTX 3090,24576,5.9363760612905025,4.183710116893053,10.120086178183556,CUDA-synchronized codec only
CTC,dancer_vox11_00000001,Ours,Ours Full,4k,NVIDIA GeForce RTX 3090,24576,9.78260936588049,7.375848729163408,17.158458095043898,CUDA-synchronized codec only
CTC,dancer_vox11_00000001,Ours,Ours Base,512,NVIDIA GeForce RTX 3090,24576,5.988465078175068,4.052693225443363,10.041158303618431,CUDA-synchronized codec only
CTC,dancer_vox11_00000001,Ours,Ours Full,512,NVIDIA GeForce RTX 3090,24576,9.641621802002192,6.940333314239979,16.58195511624217,CUDA-synchronized codec only
CTC,dancer_vox11_00000001,Ours,Ours Base,8k,NVIDIA GeForce RTX 3090,24576,5.863347712904215,4.119484420865774,9.982832133769989,CUDA-synchronized codec only
CTC,dancer_vox11_00000001,Ours,Ours Full,8k,NVIDIA GeForce RTX 3090,24576,10.498259413987398,7.498091742396355,17.996351156383753,CUDA-synchronized codec only
CTC,longdress_viewdep_vox12,Ours,Ours Base,16k,NVIDIA GeForce RTX 3090,24576,16.320198372006416,9.719043426215649,26.039241798222065,CUDA-synchronized codec only
CTC,longdress_viewdep_vox12,Ours,Ours Full,16k,NVIDIA GeForce RTX 3090,24576,22.397929459810257,16.068379387259483,38.46630884706974,CUDA-synchronized codec only
CTC,longdress_viewdep_vox12,Ours,Ours Base,1k,NVIDIA GeForce RTX 3090,24576,16.289037320762873,8.968400049954653,25.257437370717525,CUDA-synchronized codec only
CTC,longdress_viewdep_vox12,Ours,Ours Full,1k,NVIDIA GeForce RTX 3090,24576,21.14920500293374,13.75638086348772,34.90558586642146,CUDA-synchronized codec only
CTC,longdress_viewdep_vox12,Ours,Ours Base,2k,NVIDIA GeForce RTX 3090,24576,20.095569349825382,9.701268624514341,29.796837974339724,CUDA-synchronized codec only
CTC,longdress_viewdep_vox12,Ours,Ours Full,2k,NVIDIA GeForce RTX 3090,24576,25.335785046219826,15.097866106778383,40.43365115299821,CUDA-synchronized codec only
CTC,longdress_viewdep_vox12,Ours,Ours Base,32k,NVIDIA GeForce RTX 3090,24576,15.20811516419053,10.065313674509525,25.273428838700056,CUDA-synchronized codec only
CTC,longdress_viewdep_vox12,Ours,Ours Full,32k,NVIDIA GeForce RTX 3090,24576,22.81875427812338,18.105581045150757,40.924335323274136,CUDA-synchronized codec only
CTC,longdress_viewdep_vox12,Ours,Ours Base,4k,NVIDIA GeForce RTX 3090,24576,17.502778455615044,9.28803363069892,26.790812086313963,CUDA-synchronized codec only
CTC,longdress_viewdep_vox12,Ours,Ours Full,4k,NVIDIA GeForce RTX 3090,24576,22.78611946478486,14.748719815164804,37.534839279949665,CUDA-synchronized codec only
CTC,longdress_viewdep_vox12,Ours,Ours Base,512,NVIDIA GeForce RTX 3090,24576,11.796341706067324,8.758420433849096,20.55476213991642,CUDA-synchronized codec only
CTC,longdress_viewdep_vox12,Ours,Ours Full,512,NVIDIA GeForce RTX 3090,24576,16.39647163450718,13.014888226985931,29.41135986149311,CUDA-synchronized codec only
CTC,longdress_viewdep_vox12,Ours,Ours Base,8k,NVIDIA GeForce RTX 3090,24576,18.12380389124155,8.949685271829367,27.073489163070917,CUDA-synchronized codec only
CTC,longdress_viewdep_vox12,Ours,Ours Full,8k,NVIDIA GeForce RTX 3090,24576,23.97420309856534,14.833835825324059,38.8080389238894,CUDA-synchronized codec only
CTC,loot_viewdep_vox12,Ours,Ours Base,16k,NVIDIA GeForce RTX 3090,24576,10.97255097143352,8.124398777261376,19.096949748694897,CUDA-synchronized codec only
CTC,loot_viewdep_vox12,Ours,Ours Full,16k,NVIDIA GeForce RTX 3090,24576,16.089807545766234,13.492809409275651,29.582616955041885,CUDA-synchronized codec only
CTC,loot_viewdep_vox12,Ours,Ours Base,1k,NVIDIA GeForce RTX 3090,24576,10.766028897836804,7.8070576954633,18.573086593300104,CUDA-synchronized codec only
CTC,loot_viewdep_vox12,Ours,Ours Full,1k,NVIDIA GeForce RTX 3090,24576,15.167984709143639,11.878671498969197,27.046656208112836,CUDA-synchronized codec only
CTC,loot_viewdep_vox12,Ours,Ours Base,2k,NVIDIA GeForce RTX 3090,24576,10.927352940663695,8.029242744669318,18.956595685333014,CUDA-synchronized codec only
CTC,loot_viewdep_vox12,Ours,Ours Full,2k,NVIDIA GeForce RTX 3090,24576,15.461428562179208,12.373662391677499,27.835090953856707,CUDA-synchronized codec only
CTC,loot_viewdep_vox12,Ours,Ours Base,32k,NVIDIA GeForce RTX 3090,24576,11.745962290093303,8.411759357899427,20.15772164799273,CUDA-synchronized codec only
CTC,loot_viewdep_vox12,Ours,Ours Full,32k,NVIDIA GeForce RTX 3090,24576,17.256205027922988,14.238476946949959,31.494681974872947,CUDA-synchronized codec only
CTC,loot_viewdep_vox12,Ours,Ours Base,4k,NVIDIA GeForce RTX 3090,24576,10.936621181666851,8.024002633988857,18.96062381565571,CUDA-synchronized codec only
CTC,loot_viewdep_vox12,Ours,Ours Full,4k,NVIDIA GeForce RTX 3090,24576,15.522838110104203,12.499770203605294,28.022608313709497,CUDA-synchronized codec only
CTC,loot_viewdep_vox12,Ours,Ours Base,512,NVIDIA GeForce RTX 3090,24576,10.806549469009042,7.7503985818475485,18.55694805085659,CUDA-synchronized codec only
CTC,loot_viewdep_vox12,Ours,Ours Full,512,NVIDIA GeForce RTX 3090,24576,15.247323669493198,11.851644279435277,27.098967948928475,CUDA-synchronized codec only
CTC,loot_viewdep_vox12,Ours,Ours Base,8k,NVIDIA GeForce RTX 3090,24576,10.851473623886704,7.8769861832261086,18.728459807112813,CUDA-synchronized codec only
CTC,loot_viewdep_vox12,Ours,Ours Full,8k,NVIDIA GeForce RTX 3090,24576,15.772177716717124,13.029528444632888,28.801706161350012,CUDA-synchronized codec only
CTC,redandblack_viewdep_vox12,Ours,Ours Base,16k,NVIDIA GeForce RTX 3090,24576,11.22416303679347,8.327976316213608,19.552139353007078,CUDA-synchronized codec only
CTC,redandblack_viewdep_vox12,Ours,Ours Full,16k,NVIDIA GeForce RTX 3090,24576,16.37980166822672,13.779882937669754,30.159684605896473,CUDA-synchronized codec only
CTC,redandblack_viewdep_vox12,Ours,Ours Base,1k,NVIDIA GeForce RTX 3090,24576,10.73676403798163,7.810472063720226,18.547236101701856,CUDA-synchronized codec only
CTC,redandblack_viewdep_vox12,Ours,Ours Full,1k,NVIDIA GeForce RTX 3090,24576,15.018724234774709,11.989034103229642,27.00775833800435,CUDA-synchronized codec only
CTC,redandblack_viewdep_vox12,Ours,Ours Base,2k,NVIDIA GeForce RTX 3090,24576,11.241757249459624,8.395265785977244,19.63702303543687,CUDA-synchronized codec only
CTC,redandblack_viewdep_vox12,Ours,Ours Full,2k,NVIDIA GeForce RTX 3090,24576,15.738897863775492,13.001048415899277,28.73994627967477,CUDA-synchronized codec only
CTC,redandblack_viewdep_vox12,Ours,Ours Base,32k,NVIDIA GeForce RTX 3090,24576,11.670897973701358,8.713832741603255,20.384730715304613,CUDA-synchronized codec only
CTC,redandblack_viewdep_vox12,Ours,Ours Full,32k,NVIDIA GeForce RTX 3090,24576,17.8288133200258,15.42691639997065,33.25572971999645,CUDA-synchronized codec only
CTC,redandblack_viewdep_vox12,Ours,Ours Base,4k,NVIDIA GeForce RTX 3090,24576,11.044394766911864,8.19711242057383,19.241507187485695,CUDA-synchronized codec only
CTC,redandblack_viewdep_vox12,Ours,Ours Full,4k,NVIDIA GeForce RTX 3090,24576,15.680001089349389,13.098575469106436,28.778576558455825,CUDA-synchronized codec only
CTC,redandblack_viewdep_vox12,Ours,Ours Base,512,NVIDIA GeForce RTX 3090,24576,10.641945768147707,7.646551424637437,18.288497192785144,CUDA-synchronized codec only
CTC,redandblack_viewdep_vox12,Ours,Ours Full,512,NVIDIA GeForce RTX 3090,24576,14.754385380074382,11.495512928813696,26.249898308888078,CUDA-synchronized codec only
CTC,redandblack_viewdep_vox12,Ours,Ours Base,8k,NVIDIA GeForce RTX 3090,24576,10.843290787190199,8.026904014870524,18.870194802060723,CUDA-synchronized codec only
CTC,redandblack_viewdep_vox12,Ours,Ours Full,8k,NVIDIA GeForce RTX 3090,24576,15.622320896014571,13.149048591032624,28.771369487047195,CUDA-synchronized codec only
CTC,soldier_viewdep_vox12,Ours,Ours Base,16k,NVIDIA GeForce RTX 3090,24576,17.506725627928972,11.559162804856896,29.06588843278587,CUDA-synchronized codec only
CTC,soldier_viewdep_vox12,Ours,Ours Full,16k,NVIDIA GeForce RTX 3090,24576,24.722504191100597,19.07365145534277,43.79615564644337,CUDA-synchronized codec only
CTC,soldier_viewdep_vox12,Ours,Ours Base,1k,NVIDIA GeForce RTX 3090,24576,16.93429060652852,10.941048910841346,27.875339517369866,CUDA-synchronized codec only
CTC,soldier_viewdep_vox12,Ours,Ours Full,1k,NVIDIA GeForce RTX 3090,24576,23.105797516182065,16.963105419650674,40.06890293583274,CUDA-synchronized codec only
CTC,soldier_viewdep_vox12,Ours,Ours Base,2k,NVIDIA GeForce RTX 3090,24576,17.224995272234082,11.484796021133661,28.709791293367743,CUDA-synchronized codec only
CTC,soldier_viewdep_vox12,Ours,Ours Full,2k,NVIDIA GeForce RTX 3090,24576,23.794337371364236,18.23832872696221,42.032666098326445,CUDA-synchronized codec only
CTC,soldier_viewdep_vox12,Ours,Ours Base,32k,NVIDIA GeForce RTX 3090,24576,21.86779022216797,12.180034339427948,34.04782456159592,CUDA-synchronized codec only
CTC,soldier_viewdep_vox12,Ours,Ours Full,32k,NVIDIA GeForce RTX 3090,24576,30.47380824945867,21.597742864862084,52.071551114320755,CUDA-synchronized codec only
CTC,soldier_viewdep_vox12,Ours,Ours Base,4k,NVIDIA GeForce RTX 3090,24576,17.390577290207148,11.46543906070292,28.856016350910068,CUDA-synchronized codec only
CTC,soldier_viewdep_vox12,Ours,Ours Full,4k,NVIDIA GeForce RTX 3090,24576,23.991010300815105,18.30853398144245,42.29954428225756,CUDA-synchronized codec only
CTC,soldier_viewdep_vox12,Ours,Ours Base,512,NVIDIA GeForce RTX 3090,24576,16.78713897615671,10.876011619344354,27.663150595501065,CUDA-synchronized codec only
CTC,soldier_viewdep_vox12,Ours,Ours Full,512,NVIDIA GeForce RTX 3090,24576,22.724758725613356,16.338281873613596,39.06304059922695,CUDA-synchronized codec only
CTC,soldier_viewdep_vox12,Ours,Ours Base,8k,NVIDIA GeForce RTX 3090,24576,17.16440744139254,11.209604697301984,28.374012138694525,CUDA-synchronized codec only
CTC,soldier_viewdep_vox12,Ours,Ours Full,8k,NVIDIA GeForce RTX 3090,24576,24.088394543156028,18.49135198816657,42.5797465313226,CUDA-synchronized codec only
Owlii,basketball_player,Original_Unicorn,Original Unicorn,R01,NVIDIA GeForce RTX 3090,24576,5.226662717759609,2.345726452767849,7.572389170527458,CUDA-synchronized codec only
Owlii,basketball_player,Original_Unicorn,Original Unicorn,R02,NVIDIA GeForce RTX 3090,24576,5.018082734197378,2.1775426268577576,7.195625361055136,CUDA-synchronized codec only
Owlii,basketball_player,Original_Unicorn,Original Unicorn,R03,NVIDIA GeForce RTX 3090,24576,4.972261995077133,2.0059757232666016,6.978237718343735,CUDA-synchronized codec only
Owlii,basketball_player,Original_Unicorn,Original Unicorn,R04,NVIDIA GeForce RTX 3090,24576,6.106112875044346,4.006729751825333,10.112842626869678,CUDA-synchronized codec only
Owlii,basketball_player,Original_Unicorn,Original Unicorn,R05,NVIDIA GeForce RTX 3090,24576,5.221107020974159,2.7358530424535275,7.956960063427687,CUDA-synchronized codec only
Owlii,basketball_player,Original_Unicorn,Original Unicorn,R06,NVIDIA GeForce RTX 3090,24576,5.148264888674021,1.9349910486489534,7.083255937322974,CUDA-synchronized codec only
Owlii,basketball_player,Original_Unicorn,Original Unicorn,R07,NVIDIA GeForce RTX 3090,24576,5.0937210991978645,1.9102480188012123,7.003969117999077,CUDA-synchronized codec only
Owlii,basketball_player,Original_Unicorn,Original Unicorn,R08,NVIDIA GeForce RTX 3090,24576,4.802746750996448,1.8284704129910097,6.631217163987458,CUDA-synchronized codec only
Owlii,basketball_player,Original_Unicorn,Original Unicorn,R09,NVIDIA GeForce RTX 3090,24576,4.9853971265256405,1.7346195690333843,6.720016695559025,CUDA-synchronized codec only
Owlii,dancer,Original_Unicorn,Original Unicorn,R01,NVIDIA GeForce RTX 3090,24576,4.851676341146231,2.0015924125909805,6.853268753737211,CUDA-synchronized codec only
Owlii,dancer,Original_Unicorn,Original Unicorn,R02,NVIDIA GeForce RTX 3090,24576,4.747983023524284,1.8958633244037628,6.643846347928047,CUDA-synchronized codec only
Owlii,dancer,Original_Unicorn,Original Unicorn,R03,NVIDIA GeForce RTX 3090,24576,4.642995070666075,1.759068340063095,6.40206341072917,CUDA-synchronized codec only
Owlii,dancer,Original_Unicorn,Original Unicorn,R04,NVIDIA GeForce RTX 3090,24576,6.995276350528002,3.7624887377023697,10.757765088230371,CUDA-synchronized codec only
Owlii,dancer,Original_Unicorn,Original Unicorn,R05,NVIDIA GeForce RTX 3090,24576,5.136195491999388,2.307963617146015,7.444159109145403,CUDA-synchronized codec only
Owlii,dancer,Original_Unicorn,Original Unicorn,R06,NVIDIA GeForce RTX 3090,24576,4.843681430444121,1.7058165445923805,6.549497975036502,CUDA-synchronized codec only
Owlii,dancer,Original_Unicorn,Original Unicorn,R07,NVIDIA GeForce RTX 3090,24576,4.815556939691305,1.6925330013036728,6.508089940994978,CUDA-synchronized codec only
Owlii,dancer,Original_Unicorn,Original Unicorn,R08,NVIDIA GeForce RTX 3090,24576,4.377567613031715,1.6744896300369874,6.0520572430687025,CUDA-synchronized codec only
Owlii,dancer,Original_Unicorn,Original Unicorn,R09,NVIDIA GeForce RTX 3090,24576,4.59445221722126,1.6113743744790554,6.2058265917003155,CUDA-synchronized codec only
Owlii,exercise,Original_Unicorn,Original Unicorn,R01,NVIDIA GeForce RTX 3090,24576,5.173991987016052,1.8862910768948495,7.0602830639109015,CUDA-synchronized codec only
Owlii,exercise,Original_Unicorn,Original Unicorn,R02,NVIDIA GeForce RTX 3090,24576,5.236010313034058,1.7462127059698105,6.982223019003868,CUDA-synchronized codec only
Owlii,exercise,Original_Unicorn,Original Unicorn,R03,NVIDIA GeForce RTX 3090,24576,5.121692914515734,1.6517359241843224,6.773428838700056,CUDA-synchronized codec only
Owlii,exercise,Original_Unicorn,Original Unicorn,R04,NVIDIA GeForce RTX 3090,24576,5.13514793664217,1.655260968953371,6.790408905595541,CUDA-synchronized codec only
Owlii,exercise,Original_Unicorn,Original Unicorn,R05,NVIDIA GeForce RTX 3090,24576,5.4262617118656635,2.794986441731453,8.221248153597116,CUDA-synchronized codec only
Owlii,exercise,Original_Unicorn,Original Unicorn,R06,NVIDIA GeForce RTX 3090,24576,5.0553595796227455,1.5530800316482782,6.608439611271024,CUDA-synchronized codec only
Owlii,exercise,Original_Unicorn,Original Unicorn,R07,NVIDIA GeForce RTX 3090,24576,4.805848589166999,1.4857492446899414,6.29159783385694,CUDA-synchronized codec only
Owlii,exercise,Original_Unicorn,Original Unicorn,R08,NVIDIA GeForce RTX 3090,24576,4.979332512244582,1.4464770164340734,6.425809528678656,CUDA-synchronized codec only
Owlii,exercise,Original_Unicorn,Original Unicorn,R09,NVIDIA GeForce RTX 3090,24576,4.4760179879376665,1.4033409010153264,5.879358888952993,CUDA-synchronized codec only
Owlii,model,Original_Unicorn,Original Unicorn,R01,NVIDIA GeForce RTX 3090,24576,5.029079764033668,1.9389637069543824,6.96804347098805,CUDA-synchronized codec only
Owlii,model,Original_Unicorn,Original Unicorn,R02,NVIDIA GeForce RTX 3090,24576,5.314441289752722,1.80096772685647,7.115409016609192,CUDA-synchronized codec only
Owlii,model,Original_Unicorn,Original Unicorn,R03,NVIDIA GeForce RTX 3090,24576,5.160865969955921,1.6629029549658298,6.823768924921751,CUDA-synchronized codec only
Owlii,model,Original_Unicorn,Original Unicorn,R04,NVIDIA GeForce RTX 3090,24576,5.079759031534195,1.7176006250083447,6.79735965654254,CUDA-synchronized codec only
Owlii,model,Original_Unicorn,Original Unicorn,R05,NVIDIA GeForce RTX 3090,24576,5.475587889552116,2.9038239419460297,8.379411831498146,CUDA-synchronized codec only
Owlii,model,Original_Unicorn,Original Unicorn,R06,NVIDIA GeForce RTX 3090,24576,4.463192382827401,1.58551281131804,6.048705194145441,CUDA-synchronized codec only
Owlii,model,Original_Unicorn,Original Unicorn,R07,NVIDIA GeForce RTX 3090,24576,4.49268938973546,1.571681508794427,6.064370898529887,CUDA-synchronized codec only
Owlii,model,Original_Unicorn,Original Unicorn,R08,NVIDIA GeForce RTX 3090,24576,4.423439934849739,1.4850209541618824,5.9084608890116215,CUDA-synchronized codec only
Owlii,model,Original_Unicorn,Original Unicorn,R09,NVIDIA GeForce RTX 3090,24576,3.8218583409907296,1.467074902029708,5.288933243020438,CUDA-synchronized codec only
8iVFB,longdress,Ours,Ours Base,16k,NVIDIA GeForce RTX 3090,24576,1.6988451071083546,1.4350559934973717,3.1339011006057262,CUDA-synchronized codec only
8iVFB,longdress,Ours,Ours Full,16k,NVIDIA GeForce RTX 3090,24576,3.181347532197833,2.7543231695890427,5.935670701786876,CUDA-synchronized codec only
8iVFB,longdress,Ours,Ours Base,1k,NVIDIA GeForce RTX 3090,24576,3.3146808072924614,1.368061825633049,4.68274263292551,CUDA-synchronized codec only
8iVFB,longdress,Ours,Ours Full,1k,NVIDIA GeForce RTX 3090,24576,4.661109589040279,2.5105150565505028,7.171624645590782,CUDA-synchronized codec only
8iVFB,longdress,Ours,Ours Base,2k,NVIDIA GeForce RTX 3090,24576,3.44303185865283,1.4437164850533009,4.886748343706131,CUDA-synchronized codec only
8iVFB,longdress,Ours,Ours Full,2k,NVIDIA GeForce RTX 3090,24576,4.820220548659563,2.6056815460324287,7.425902094691992,CUDA-synchronized codec only
8iVFB,longdress,Ours,Ours Base,32k,NVIDIA GeForce RTX 3090,24576,6.9227489195764065,1.5497494172304869,8.472498336806893,CUDA-synchronized codec only
8iVFB,longdress,Ours,Ours Full,32k,NVIDIA GeForce RTX 3090,24576,8.72503144852817,3.201141372323036,11.926172820851207,CUDA-synchronized codec only
8iVFB,longdress,Ours,Ours Base,4k,NVIDIA GeForce RTX 3090,24576,2.491871066042222,1.4461920040193945,3.9380630700616166,CUDA-synchronized codec only
8iVFB,longdress,Ours,Ours Full,4k,NVIDIA GeForce RTX 3090,24576,3.820130988024175,2.5566487290197983,6.3767797170439735,CUDA-synchronized codec only
8iVFB,longdress,Ours,Ours Base,512,NVIDIA GeForce RTX 3090,24576,1.6151219494640827,1.3505897521972656,2.9657117016613483,CUDA-synchronized codec only
8iVFB,longdress,Ours,Ours Full,512,NVIDIA GeForce RTX 3090,24576,2.881524406373501,2.426971711218357,5.308496117591858,CUDA-synchronized codec only
8iVFB,longdress,Ours,Ours Base,8k,NVIDIA GeForce RTX 3090,24576,3.3143864795565605,1.392652003094554,4.7070384826511145,CUDA-synchronized codec only
8iVFB,longdress,Ours,Ours Full,8k,NVIDIA GeForce RTX 3090,24576,4.716449324041605,2.578989002853632,7.295438326895237,CUDA-synchronized codec only
8iVFB,loot,Ours,Ours Base,16k,NVIDIA GeForce RTX 3090,24576,1.8566957153379917,1.298622753471136,3.155318468809128,CUDA-synchronized codec only
8iVFB,loot,Ours,Ours Full,16k,NVIDIA GeForce RTX 3090,24576,3.0588821321725845,2.3288610577583313,5.387743189930916,CUDA-synchronized codec only
8iVFB,loot,Ours,Ours Base,1k,NVIDIA GeForce RTX 3090,24576,2.8196412287652493,1.2258223965764046,4.045463625341654,CUDA-synchronized codec only
8iVFB,loot,Ours,Ours Full,1k,NVIDIA GeForce RTX 3090,24576,3.9488795958459377,2.1515935137867928,6.1004731096327305,CUDA-synchronized codec only
8iVFB,loot,Ours,Ours Base,2k,NVIDIA GeForce RTX 3090,24576,3.409117526956834,1.2853567120619118,4.694474239018746,CUDA-synchronized codec only
8iVFB,loot,Ours,Ours Full,2k,NVIDIA GeForce RTX 3090,24576,4.553959523909725,2.226226129103452,6.780185653013177,CUDA-synchronized codec only
8iVFB,loot,Ours,Ours Base,32k,NVIDIA GeForce RTX 3090,24576,3.294282477349043,1.6395824179053307,4.9338648952543736,CUDA-synchronized codec only
8iVFB,loot,Ours,Ours Full,32k,NVIDIA GeForce RTX 3090,24576,4.902447704225779,3.0535193011164665,7.955967005342245,CUDA-synchronized codec only
8iVFB,loot,Ours,Ours Base,4k,NVIDIA GeForce RTX 3090,24576,1.5851928479969501,1.3012039195746183,2.8863967675715685,CUDA-synchronized codec only
8iVFB,loot,Ours,Ours Full,4k,NVIDIA GeForce RTX 3090,24576,2.692382860928774,2.2123631592839956,4.9047460202127695,CUDA-synchronized codec only
8iVFB,loot,Ours,Ours Base,512,NVIDIA GeForce RTX 3090,24576,2.3755854591727257,1.22083393111825,3.5964193902909756,CUDA-synchronized codec only
8iVFB,loot,Ours,Ours Full,512,NVIDIA GeForce RTX 3090,24576,3.46308334171772,2.0871065258979797,5.5501898676157,CUDA-synchronized codec only
8iVFB,loot,Ours,Ours Base,8k,NVIDIA GeForce RTX 3090,24576,3.401483366265893,1.2530296463519335,4.6545130126178265,CUDA-synchronized codec only
8iVFB,loot,Ours,Ours Full,8k,NVIDIA GeForce RTX 3090,24576,4.581871442496777,2.2545799277722836,6.83645137026906,CUDA-synchronized codec only
8iVFB,redandblack,Ours,Ours Base,16k,NVIDIA GeForce RTX 3090,24576,3.572793446481228,2.7194409482181072,6.292234394699335,CUDA-synchronized codec only
8iVFB,redandblack,Ours,Ours Full,16k,NVIDIA GeForce RTX 3090,24576,5.349486663937569,4.281647119671106,9.631133783608675,CUDA-synchronized codec only
8iVFB,redandblack,Ours,Ours Base,1k,NVIDIA GeForce RTX 3090,24576,2.391752702067606,1.2131775978486985,3.6049302999163046,CUDA-synchronized codec only
8iVFB,redandblack,Ours,Ours Full,1k,NVIDIA GeForce RTX 3090,24576,3.5218985261162743,2.1215526818996295,5.643451208015904,CUDA-synchronized codec only
8iVFB,redandblack,Ours,Ours Base,2k,NVIDIA GeForce RTX 3090,24576,2.3203153368085623,1.2680161204189062,3.5883314572274685,CUDA-synchronized codec only
8iVFB,redandblack,Ours,Ours Full,2k,NVIDIA GeForce RTX 3090,24576,3.48080974817276,2.2311240807175636,5.711933828890324,CUDA-synchronized codec only
8iVFB,redandblack,Ours,Ours Base,32k,NVIDIA GeForce RTX 3090,24576,3.9830134958028793,1.3339248709380627,5.316938366740942,CUDA-synchronized codec only
8iVFB,redandblack,Ours,Ours Full,32k,NVIDIA GeForce RTX 3090,24576,5.4097134582698345,2.5790294148027897,7.988742873072624,CUDA-synchronized codec only
8iVFB,redandblack,Ours,Ours Base,4k,NVIDIA GeForce RTX 3090,24576,3.1479461025446653,1.281690428033471,4.4296365305781364,CUDA-synchronized codec only
8iVFB,redandblack,Ours,Ours Full,4k,NVIDIA GeForce RTX 3090,24576,4.283295825123787,2.259160313755274,6.542456138879061,CUDA-synchronized codec only
8iVFB,redandblack,Ours,Ours Base,512,NVIDIA GeForce RTX 3090,24576,3.8328111097216606,1.2085485234856606,5.041359633207321,CUDA-synchronized codec only
8iVFB,redandblack,Ours,Ours Full,512,NVIDIA GeForce RTX 3090,24576,4.91290083155036,2.095738999545574,7.008639831095934,CUDA-synchronized codec only
8iVFB,redandblack,Ours,Ours Base,8k,NVIDIA GeForce RTX 3090,24576,4.142797823995352,2.271960712969303,6.414758536964655,CUDA-synchronized codec only
8iVFB,redandblack,Ours,Ours Full,8k,NVIDIA GeForce RTX 3090,24576,5.7397444024682045,3.6940033845603466,9.433747787028551,CUDA-synchronized codec only
8iVFB,soldier,Ours,Ours Base,16k,NVIDIA GeForce RTX 3090,24576,1.8297534957528114,1.7296033538877964,3.559356849640608,CUDA-synchronized codec only
8iVFB,soldier,Ours,Ours Full,16k,NVIDIA GeForce RTX 3090,24576,3.4873541742563248,3.129843395203352,6.617197569459677,CUDA-synchronized codec only
8iVFB,soldier,Ours,Ours Base,1k,NVIDIA GeForce RTX 3090,24576,2.488547284156084,1.6859298888593912,4.174477173015475,CUDA-synchronized codec only
8iVFB,soldier,Ours,Ours Full,1k,NVIDIA GeForce RTX 3090,24576,4.077011788263917,2.97678972966969,7.053801517933607,CUDA-synchronized codec only
8iVFB,soldier,Ours,Ours Base,2k,NVIDIA GeForce RTX 3090,24576,2.3315175343304873,1.7349506057798862,4.0664681401103735,CUDA-synchronized codec only
8iVFB,soldier,Ours,Ours Full,2k,NVIDIA GeForce RTX 3090,24576,3.945702537894249,3.1038019824773073,7.049504520371556,CUDA-synchronized codec only
8iVFB,soldier,Ours,Ours Base,32k,NVIDIA GeForce RTX 3090,24576,1.907903902232647,1.806692287325859,3.714596189558506,CUDA-synchronized codec only
8iVFB,soldier,Ours,Ours Full,32k,NVIDIA GeForce RTX 3090,24576,3.7786451801657677,3.525768030434847,7.3044132106006145,CUDA-synchronized codec only
8iVFB,soldier,Ours,Ours Base,4k,NVIDIA GeForce RTX 3090,24576,2.622685916721821,2.1799283511936665,4.802614267915487,CUDA-synchronized codec only
8iVFB,soldier,Ours,Ours Full,4k,NVIDIA GeForce RTX 3090,24576,4.4079489558935165,3.6462405920028687,8.054189547896385,CUDA-synchronized codec only
8iVFB,soldier,Ours,Ours Base,512,NVIDIA GeForce RTX 3090,24576,2.6669616770232096,1.6632415348431095,4.330203211866319,CUDA-synchronized codec only
8iVFB,soldier,Ours,Ours Full,512,NVIDIA GeForce RTX 3090,24576,4.215579609037377,2.90176418190822,7.117343790945597,CUDA-synchronized codec only
8iVFB,soldier,Ours,Ours Base,8k,NVIDIA GeForce RTX 3090,24576,2.7941442541778088,1.7480839639902115,4.54222821816802,CUDA-synchronized codec only
8iVFB,soldier,Ours,Ours Full,8k,NVIDIA GeForce RTX 3090,24576,4.479565300047398,3.2538002394139767,7.733365539461374,CUDA-synchronized codec only
Owlii,basketball_player,Ours,Ours Base,16k,NVIDIA GeForce RTX 3090,24576,1.7588584572076797,1.3225274831056595,3.0813859403133392,CUDA-synchronized codec only
Owlii,basketball_player,Ours,Ours Full,16k,NVIDIA GeForce RTX 3090,24576,3.402772016823292,2.4175357297062874,5.820307746529579,CUDA-synchronized codec only
Owlii,basketball_player,Ours,Ours Base,1k,NVIDIA GeForce RTX 3090,24576,2.3920524921268225,1.2579399924725294,3.649992484599352,CUDA-synchronized codec only
Owlii,basketball_player,Ours,Ours Full,1k,NVIDIA GeForce RTX 3090,24576,3.6202693954110146,2.277511078864336,5.897780474275351,CUDA-synchronized codec only
Owlii,basketball_player,Ours,Ours Base,2k,NVIDIA GeForce RTX 3090,24576,1.5642411187291145,1.3006166722625494,2.864857790991664,CUDA-synchronized codec only
Owlii,basketball_player,Ours,Ours Full,2k,NVIDIA GeForce RTX 3090,24576,2.8155845757573843,2.357673006132245,5.173257581889629,CUDA-synchronized codec only
Owlii,basketball_player,Ours,Ours Base,32k,NVIDIA GeForce RTX 3090,24576,1.6496458686888218,1.3739190809428692,3.023564949631691,CUDA-synchronized codec only
Owlii,basketball_player,Ours,Ours Full,32k,NVIDIA GeForce RTX 3090,24576,3.2975869216024876,2.718047883361578,6.0156348049640656,CUDA-synchronized codec only
Owlii,basketball_player,Ours,Ours Base,4k,NVIDIA GeForce RTX 3090,24576,2.3139745332300663,1.7435285709798336,4.0575031042099,CUDA-synchronized codec only
Owlii,basketball_player,Ours,Ours Full,4k,NVIDIA GeForce RTX 3090,24576,3.688320305198431,2.8792436867952347,6.567563991993666,CUDA-synchronized codec only
Owlii,basketball_player,Ours,Ours Base,512,NVIDIA GeForce RTX 3090,24576,2.4383969439659268,1.253922939999029,3.692319883964956,CUDA-synchronized codec only
Owlii,basketball_player,Ours,Ours Full,512,NVIDIA GeForce RTX 3090,24576,3.667448994005099,2.221766136935912,5.889215130941011,CUDA-synchronized codec only
Owlii,basketball_player,Ours,Ours Base,8k,NVIDIA GeForce RTX 3090,24576,3.914356868714094,1.7411592043936253,5.655516073107719,CUDA-synchronized codec only
Owlii,basketball_player,Ours,Ours Full,8k,NVIDIA GeForce RTX 3090,24576,5.339560974389315,2.971774108707905,8.31133508309722,CUDA-synchronized codec only
Owlii,dancer,Ours,Ours Base,16k,NVIDIA GeForce RTX 3090,24576,1.5620050318539143,1.1765708923339844,2.7385759241878986,CUDA-synchronized codec only
Owlii,dancer,Ours,Ours Full,16k,NVIDIA GeForce RTX 3090,24576,2.7565640322864056,2.1239702850580215,4.880534317344427,CUDA-synchronized codec only
Owlii,dancer,Ours,Ours Base,1k,NVIDIA GeForce RTX 3090,24576,1.8085762336850166,1.1134584546089172,2.922034688293934,CUDA-synchronized codec only
Owlii,dancer,Ours,Ours Full,1k,NVIDIA GeForce RTX 3090,24576,2.8936005905270576,2.0305482875555754,4.924148878082633,CUDA-synchronized codec only
Owlii,dancer,Ours,Ours Base,2k,NVIDIA GeForce RTX 3090,24576,1.7366687208414078,1.1561121493577957,2.8927808701992035,CUDA-synchronized codec only
Owlii,dancer,Ours,Ours Full,2k,NVIDIA GeForce RTX 3090,24576,2.877036241814494,2.149649964645505,5.026686206459999,CUDA-synchronized codec only
Owlii,dancer,Ours,Ours Base,32k,NVIDIA GeForce RTX 3090,24576,1.7990400157868862,1.2238607667386532,3.0229007825255394,CUDA-synchronized codec only
Owlii,dancer,Ours,Ours Full,32k,NVIDIA GeForce RTX 3090,24576,3.150643974542618,2.3392608761787415,5.489904850721359,CUDA-synchronized codec only
Owlii,dancer,Ours,Ours Base,4k,NVIDIA GeForce RTX 3090,24576,2.398194395005703,1.674202848225832,4.072397243231535,CUDA-synchronized codec only
Owlii,dancer,Ours,Ours Full,4k,NVIDIA GeForce RTX 3090,24576,3.647697065025568,2.688858225941658,6.336555290967226,CUDA-synchronized codec only
Owlii,dancer,Ours,Ours Base,512,NVIDIA GeForce RTX 3090,24576,2.0617764946073294,1.100268505513668,3.1620450001209974,CUDA-synchronized codec only
Owlii,dancer,Ours,Ours Full,512,NVIDIA GeForce RTX 3090,24576,3.112285505980253,1.990099884569645,5.102385390549898,CUDA-synchronized codec only
Owlii,dancer,Ours,Ours Base,8k,NVIDIA GeForce RTX 3090,24576,4.9550755470991135,3.155886072665453,8.110961619764566,CUDA-synchronized codec only
Owlii,dancer,Ours,Ours Full,8k,NVIDIA GeForce RTX 3090,24576,6.786413408815861,4.6127276830375195,11.39914109185338,CUDA-synchronized codec only
Owlii,exercise,Ours,Ours Base,16k,NVIDIA GeForce RTX 3090,24576,2.0525579750537872,1.0762786082923412,3.1288365833461285,CUDA-synchronized codec only
Owlii,exercise,Ours,Ours Full,16k,NVIDIA GeForce RTX 3090,24576,3.134159903973341,1.9960769601166248,5.130236864089966,CUDA-synchronized codec only
Owlii,exercise,Ours,Ours Base,1k,NVIDIA GeForce RTX 3090,24576,1.840810015797615,1.025789326056838,2.866599341854453,CUDA-synchronized codec only
Owlii,exercise,Ours,Ours Full,1k,NVIDIA GeForce RTX 3090,24576,2.8009926304221153,1.8042978160083294,4.605290446430445,CUDA-synchronized codec only
Owlii,exercise,Ours,Ours Base,2k,NVIDIA GeForce RTX 3090,24576,2.0647265762090683,1.0502382386475801,3.1149648148566484,CUDA-synchronized codec only
Owlii,exercise,Ours,Ours Full,2k,NVIDIA GeForce RTX 3090,24576,3.044135181233287,1.860701646655798,4.904836827889085,CUDA-synchronized codec only
Owlii,exercise,Ours,Ours Base,32k,NVIDIA GeForce RTX 3090,24576,2.36842443048954,1.107177298516035,3.475601729005575,CUDA-synchronized codec only
Owlii,exercise,Ours,Ours Full,32k,NVIDIA GeForce RTX 3090,24576,3.609935022890568,2.1920174658298492,5.801952488720417,CUDA-synchronized codec only
Owlii,exercise,Ours,Ours Base,4k,NVIDIA GeForce RTX 3090,24576,2.9218633994460106,1.5522955767810345,4.474158976227045,CUDA-synchronized codec only
Owlii,exercise,Ours,Ours Full,4k,NVIDIA GeForce RTX 3090,24576,4.035284366458654,2.495341595262289,6.5306259617209435,CUDA-synchronized codec only
Owlii,exercise,Ours,Ours Base,512,NVIDIA GeForce RTX 3090,24576,1.8003730401396751,1.0143085028976202,2.8146815430372953,CUDA-synchronized codec only
Owlii,exercise,Ours,Ours Full,512,NVIDIA GeForce RTX 3090,24576,2.7344512026757,1.7706228755414486,4.505074078217149,CUDA-synchronized codec only
Owlii,exercise,Ours,Ours Base,8k,NVIDIA GeForce RTX 3090,24576,1.4183866754174232,1.0363881438970566,2.45477481931448,CUDA-synchronized codec only
Owlii,exercise,Ours,Ours Full,8k,NVIDIA GeForce RTX 3090,24576,2.4257419258356094,1.91829239949584,4.3440343253314495,CUDA-synchronized codec only
Owlii,model,Ours,Ours Base,16k,NVIDIA GeForce RTX 3090,24576,2.3558048382401466,1.0842626355588436,3.4400674737989902,CUDA-synchronized codec only
Owlii,model,Ours,Ours Full,16k,NVIDIA GeForce RTX 3090,24576,3.433476734906435,2.014202479273081,5.447679214179516,CUDA-synchronized codec only
Owlii,model,Ours,Ours Base,1k,NVIDIA GeForce RTX 3090,24576,1.7081958539783955,1.040809640660882,2.7490054946392775,CUDA-synchronized codec only
Owlii,model,Ours,Ours Full,1k,NVIDIA GeForce RTX 3090,24576,2.7011429890990257,1.88403882086277,4.585181809961796,CUDA-synchronized codec only
Owlii,model,Ours,Ours Base,2k,NVIDIA GeForce RTX 3090,24576,2.748772658407688,1.0797284413129091,3.8285010997205973,CUDA-synchronized codec only
Owlii,model,Ours,Ours Full,2k,NVIDIA GeForce RTX 3090,24576,3.7635815646499395,1.964311245828867,5.7278928104788065,CUDA-synchronized codec only
Owlii,model,Ours,Ours Base,32k,NVIDIA GeForce RTX 3090,24576,2.3086454682052135,1.1247109398245811,3.4333564080297947,CUDA-synchronized codec only
Owlii,model,Ours,Ours Full,32k,NVIDIA GeForce RTX 3090,24576,3.6071877479553223,2.2937378138303757,5.900925561785698,CUDA-synchronized codec only
Owlii,model,Ours,Ours Base,4k,NVIDIA GeForce RTX 3090,24576,5.015117838978767,3.086265716701746,8.101383555680513,CUDA-synchronized codec only
Owlii,model,Ours,Ours Full,4k,NVIDIA GeForce RTX 3090,24576,6.735624220222235,4.574339430779219,11.309963651001453,CUDA-synchronized codec only
Owlii,model,Ours,Ours Base,512,NVIDIA GeForce RTX 3090,24576,3.4923254381865263,1.042131019756198,4.534456457942724,CUDA-synchronized codec only
Owlii,model,Ours,Ours Full,512,NVIDIA GeForce RTX 3090,24576,4.454192267730832,1.8160911705344915,6.270283438265324,CUDA-synchronized codec only
Owlii,model,Ours,Ours Base,8k,NVIDIA GeForce RTX 3090,24576,1.4142767079174519,1.0350202545523643,2.449296962469816,CUDA-synchronized codec only
Owlii,model,Ours,Ours Full,8k,NVIDIA GeForce RTX 3090,24576,2.454393733292818,1.9466465301811695,4.401040263473988,CUDA-synchronized codec only
CTC,Facade_00009_vox12,Original_Unicorn,Original Unicorn,R01,NVIDIA A100-SXM4-40GB,40960,14.225426957942545,14.195627011940815,28.42105396988336,CUDA-synchronized codec only
CTC,Facade_00009_vox12,Original_Unicorn,Original Unicorn,R02,NVIDIA A100-SXM4-40GB,40960,12.307596477912739,12.228082844871096,24.535679322783835,CUDA-synchronized codec only
CTC,Facade_00009_vox12,Original_Unicorn,Original Unicorn,R03,NVIDIA A100-SXM4-40GB,40960,11.03544269001577,10.772278657066636,21.807721347082406,CUDA-synchronized codec only
CTC,Facade_00009_vox12,Original_Unicorn,Original Unicorn,R04,NVIDIA A100-SXM4-40GB,40960,11.43314127100166,11.159735969966277,22.592877240967937,CUDA-synchronized codec only
CTC,Facade_00009_vox12,Original_Unicorn,Original Unicorn,R05,NVIDIA A100-SXM4-40GB,40960,10.741883253096603,10.46302666212432,21.204909915220924,CUDA-synchronized codec only
CTC,Facade_00009_vox12,Original_Unicorn,Original Unicorn,R06,NVIDIA A100-SXM4-40GB,40960,9.78308256296441,9.416173196979798,19.199255759944208,CUDA-synchronized codec only
CTC,Facade_00009_vox12,Original_Unicorn,Original Unicorn,R07,NVIDIA A100-SXM4-40GB,40960,9.662695816950873,9.29750586906448,18.960201686015353,CUDA-synchronized codec only
CTC,Facade_00009_vox12,Original_Unicorn,Original Unicorn,R08,NVIDIA A100-SXM4-40GB,40960,9.445128438062966,8.970667610061355,18.41579604812432,CUDA-synchronized codec only
CTC,Facade_00009_vox12,Original_Unicorn,Original Unicorn,R09,NVIDIA A100-SXM4-40GB,40960,9.305000916006975,8.65498558699619,17.959986503003165,CUDA-synchronized codec only
CTC,Facade_00009_vox12,Ours,Ours Base,16k,NVIDIA A100-SXM4-40GB,40960,8.223223011009395,8.036835606093518,16.260058617102914,CUDA-synchronized codec only
CTC,Facade_00009_vox12,Ours,Ours Full,16k,NVIDIA A100-SXM4-40GB,40960,11.984223102102987,12.6114610490622,24.595684151165187,CUDA-synchronized codec only
CTC,Facade_00009_vox12,Ours,Ours Base,1k,NVIDIA A100-SXM4-40GB,40960,6.759549821028486,6.412369363126345,13.17191918415483,CUDA-synchronized codec only
CTC,Facade_00009_vox12,Ours,Ours Full,1k,NVIDIA A100-SXM4-40GB,40960,9.672680237097666,9.727605162071995,19.40028539916966,CUDA-synchronized codec only
CTC,Facade_00009_vox12,Ours,Ours Base,2k,NVIDIA A100-SXM4-40GB,40960,7.69915854698047,7.607743689091876,15.306902236072347,CUDA-synchronized codec only
CTC,Facade_00009_vox12,Ours,Ours Full,2k,NVIDIA A100-SXM4-40GB,40960,10.853512490051799,11.221221058163792,22.07473354821559,CUDA-synchronized codec only
CTC,Facade_00009_vox12,Ours,Ours Base,32k,NVIDIA A100-SXM4-40GB,40960,9.39575591206085,9.187975760898553,18.583731672959402,CUDA-synchronized codec only
CTC,Facade_00009_vox12,Ours,Ours Full,32k,NVIDIA A100-SXM4-40GB,40960,15.132152553997003,15.370652313926257,30.50280486792326,CUDA-synchronized codec only
CTC,Facade_00009_vox12,Ours,Ours Base,4k,NVIDIA A100-SXM4-40GB,40960,7.773605272057466,7.690711125964299,15.464316398021765,CUDA-synchronized codec only
CTC,Facade_00009_vox12,Ours,Ours Full,4k,NVIDIA A100-SXM4-40GB,40960,10.829897891147994,11.106373806949705,21.9362716980977,CUDA-synchronized codec only
CTC,Facade_00009_vox12,Ours,Ours Base,512,NVIDIA A100-SXM4-40GB,40960,6.545578485005535,6.21099742106162,12.756575906067155,CUDA-synchronized codec only
CTC,Facade_00009_vox12,Ours,Ours Full,512,NVIDIA A100-SXM4-40GB,40960,9.171054610982537,9.185395244974643,18.35644985595718,CUDA-synchronized codec only
CTC,Facade_00009_vox12,Ours,Ours Base,8k,NVIDIA A100-SXM4-40GB,40960,7.342428280040622,7.125819938024506,14.468248218065128,CUDA-synchronized codec only
CTC,Facade_00009_vox12,Ours,Ours Full,8k,NVIDIA A100-SXM4-40GB,40960,10.718915269128047,10.959810278960504,21.67872554808855,CUDA-synchronized codec only
CTC,House_without_roof_00057_vox12,Original_Unicorn,Original Unicorn,R01,NVIDIA A100-SXM4-40GB,40960,40.110791487735696,39.64722484094091,79.7580163286766,CUDA-synchronized codec only
CTC,House_without_roof_00057_vox12,Original_Unicorn,Original Unicorn,R02,NVIDIA A100-SXM4-40GB,40960,33.38800957694184,33.51338242623024,66.90139200317208,CUDA-synchronized codec only
CTC,House_without_roof_00057_vox12,Original_Unicorn,Original Unicorn,R03,NVIDIA A100-SXM4-40GB,40960,29.042322058114223,28.677551295841113,57.719873353955336,CUDA-synchronized codec only
CTC,House_without_roof_00057_vox12,Original_Unicorn,Original Unicorn,R04,NVIDIA A100-SXM4-40GB,40960,28.050275194225833,27.09646829101257,55.1467434852384,CUDA-synchronized codec only
CTC,House_without_roof_00057_vox12,Original_Unicorn,Original Unicorn,R05,NVIDIA A100-SXM4-40GB,40960,26.2965252448339,25.1385712280171,51.435096472851,CUDA-synchronized codec only
CTC,House_without_roof_00057_vox12,Original_Unicorn,Original Unicorn,R06,NVIDIA A100-SXM4-40GB,40960,24.221016261260957,22.486183373141102,46.70719963440206,CUDA-synchronized codec only
CTC,House_without_roof_00057_vox12,Original_Unicorn,Original Unicorn,R07,NVIDIA A100-SXM4-40GB,40960,23.27357852086425,21.57154236698989,44.84512088785414,CUDA-synchronized codec only
CTC,House_without_roof_00057_vox12,Original_Unicorn,Original Unicorn,R08,NVIDIA A100-SXM4-40GB,40960,22.4324133641785,20.425366476294585,42.857779840473086,CUDA-synchronized codec only
CTC,House_without_roof_00057_vox12,Original_Unicorn,Original Unicorn,R09,NVIDIA A100-SXM4-40GB,40960,22.006549745914526,20.110710259061307,42.11726000497583,CUDA-synchronized codec only
CTC,House_without_roof_00057_vox12,Ours,Ours Base,16k,NVIDIA A100-SXM4-40GB,40960,18.405038864933886,18.658486802014522,37.06352566694841,CUDA-synchronized codec only
CTC,House_without_roof_00057_vox12,Ours,Ours Full,16k,NVIDIA A100-SXM4-40GB,40960,32.74572289502248,35.86984502815176,68.61556792317424,CUDA-synchronized codec only
CTC,House_without_roof_00057_vox12,Ours,Ours Base,1k,NVIDIA A100-SXM4-40GB,40960,14.5405315940734,14.697943346924148,29.23847494099755,CUDA-synchronized codec only
CTC,House_without_roof_00057_vox12,Ours,Ours Full,1k,NVIDIA A100-SXM4-40GB,40960,23.177079425309785,24.03984777489677,47.216927200206555,CUDA-synchronized codec only
CTC,House_without_roof_00057_vox12,Ours,Ours Base,2k,NVIDIA A100-SXM4-40GB,40960,16.639334337203763,16.824828575947322,33.464162913151085,CUDA-synchronized codec only
CTC,House_without_roof_00057_vox12,Ours,Ours Full,2k,NVIDIA A100-SXM4-40GB,40960,26.418379478272982,27.86813214130234,54.28651161957532,CUDA-synchronized codec only
CTC,House_without_roof_00057_vox12,Ours,Ours Base,32k,NVIDIA A100-SXM4-40GB,40960,21.52478054421954,22.31296026566997,43.83774080988951,CUDA-synchronized codec only
CTC,House_without_roof_00057_vox12,Ours,Ours Full,32k,NVIDIA A100-SXM4-40GB,40960,46.51010395411868,49.85559692350216,96.36570087762084,CUDA-synchronized codec only
CTC,House_without_roof_00057_vox12,Ours,Ours Base,4k,NVIDIA A100-SXM4-40GB,40960,18.29121545399539,18.42093059408944,36.71214604808483,CUDA-synchronized codec only
CTC,House_without_roof_00057_vox12,Ours,Ours Full,4k,NVIDIA A100-SXM4-40GB,40960,28.90625089488458,30.451254345243797,59.357505240128376,CUDA-synchronized codec only
CTC,House_without_roof_00057_vox12,Ours,Ours Base,512,NVIDIA A100-SXM4-40GB,40960,14.312377369846217,13.913676840253174,28.22605421009939,CUDA-synchronized codec only
CTC,House_without_roof_00057_vox12,Ours,Ours Full,512,NVIDIA A100-SXM4-40GB,40960,22.299158474896103,22.399643964250572,44.698802439146675,CUDA-synchronized codec only
CTC,House_without_roof_00057_vox12,Ours,Ours Base,8k,NVIDIA A100-SXM4-40GB,40960,16.474441581987776,16.656785775208846,33.13122735719662,CUDA-synchronized codec only
CTC,House_without_roof_00057_vox12,Ours,Ours Full,8k,NVIDIA A100-SXM4-40GB,40960,28.60704465629533,30.699524386320263,59.30656904261559,CUDA-synchronized codec only
CTC,Shiva_00035_vox12,Original_Unicorn,Original Unicorn,R01,NVIDIA A100-SXM4-40GB,40960,16.62433823000174,16.14666238508653,32.77100061508827,CUDA-synchronized codec only
CTC,Shiva_00035_vox12,Original_Unicorn,Original Unicorn,R02,NVIDIA A100-SXM4-40GB,40960,13.20077819400467,13.298213703907095,26.498991897911765,CUDA-synchronized codec only
CTC,Shiva_00035_vox12,Original_Unicorn,Original Unicorn,R03,NVIDIA A100-SXM4-40GB,40960,11.194788189954124,11.021293263067491,22.216081453021616,CUDA-synchronized codec only
CTC,Shiva_00035_vox12,Original_Unicorn,Original Unicorn,R04,NVIDIA A100-SXM4-40GB,40960,10.166304219863378,9.961388365016319,20.127692584879696,CUDA-synchronized codec only
CTC,Shiva_00035_vox12,Original_Unicorn,Original Unicorn,R05,NVIDIA A100-SXM4-40GB,40960,9.403185762930661,9.220625538029708,18.62381130096037,CUDA-synchronized codec only
CTC,Shiva_00035_vox12,Original_Unicorn,Original Unicorn,R06,NVIDIA A100-SXM4-40GB,40960,8.532297251978889,8.011753296013921,16.54405054799281,CUDA-synchronized codec only
CTC,Shiva_00035_vox12,Original_Unicorn,Original Unicorn,R07,NVIDIA A100-SXM4-40GB,40960,8.229374187998474,7.686503651086241,15.915877839084715,CUDA-synchronized codec only
CTC,Shiva_00035_vox12,Original_Unicorn,Original Unicorn,R08,NVIDIA A100-SXM4-40GB,40960,8.002161936019547,7.271656560129486,15.273818496149033,CUDA-synchronized codec only
CTC,Shiva_00035_vox12,Original_Unicorn,Original Unicorn,R09,NVIDIA A100-SXM4-40GB,40960,7.825882908073254,7.187696950044483,15.013579858117737,CUDA-synchronized codec only
CTC,Shiva_00035_vox12,Ours,Ours Base,16k,NVIDIA A100-SXM4-40GB,40960,9.506906053167768,9.148042242857628,18.654948296025395,CUDA-synchronized codec only
CTC,Shiva_00035_vox12,Ours,Ours Full,16k,NVIDIA A100-SXM4-40GB,40960,13.27728652721271,14.180657380842604,27.457943908055313,CUDA-synchronized codec only
CTC,Shiva_00035_vox12,Ours,Ours Base,1k,NVIDIA A100-SXM4-40GB,40960,6.621743193943985,6.071840789052658,12.693583982996643,CUDA-synchronized codec only
CTC,Shiva_00035_vox12,Ours,Ours Full,1k,NVIDIA A100-SXM4-40GB,40960,8.449394486029632,8.301484148134477,16.75087863416411,CUDA-synchronized codec only
CTC,Shiva_00035_vox12,Ours,Ours Base,2k,NVIDIA A100-SXM4-40GB,40960,7.855384254944511,7.334579983027652,15.189964237972163,CUDA-synchronized codec only
CTC,Shiva_00035_vox12,Ours,Ours Full,2k,NVIDIA A100-SXM4-40GB,40960,9.864096071920358,9.893430879106745,19.757526951027103,CUDA-synchronized codec only
CTC,Shiva_00035_vox12,Ours,Ours Base,32k,NVIDIA A100-SXM4-40GB,40960,11.469441467896104,11.111175330006517,22.58061679790262,CUDA-synchronized codec only
CTC,Shiva_00035_vox12,Ours,Ours Full,32k,NVIDIA A100-SXM4-40GB,40960,19.45841241197195,19.369179354980588,38.82759176695254,CUDA-synchronized codec only
CTC,Shiva_00035_vox12,Ours,Ours Base,4k,NVIDIA A100-SXM4-40GB,40960,9.066639280994423,8.78314624086488,17.849785521859303,CUDA-synchronized codec only
CTC,Shiva_00035_vox12,Ours,Ours Full,4k,NVIDIA A100-SXM4-40GB,40960,11.748394366004504,12.18717113789171,23.935565503896214,CUDA-synchronized codec only
CTC,Shiva_00035_vox12,Ours,Ours Base,512,NVIDIA A100-SXM4-40GB,40960,6.378943444928154,5.877560350112617,12.256503795040771,CUDA-synchronized codec only
CTC,Shiva_00035_vox12,Ours,Ours Full,512,NVIDIA A100-SXM4-40GB,40960,7.989675396936946,7.859967309050262,15.849642705987208,CUDA-synchronized codec only
CTC,Shiva_00035_vox12,Ours,Ours Base,8k,NVIDIA A100-SXM4-40GB,40960,8.135400714003481,7.752014943747781,15.887415657751262,CUDA-synchronized codec only
CTC,Shiva_00035_vox12,Ours,Ours Full,8k,NVIDIA A100-SXM4-40GB,40960,11.186200755997561,11.562717363820411,22.748918119817972,CUDA-synchronized codec only
