step,R_noise,D_F,D_Y,D_U,D_V,lambda_D,loss,gradient_norm,lr,points,step_seconds,peak_gpu_memory_gib,finite
1764,1.138890027999878,5.3463085350813344e-05,6.207125261425972e-05,3.0005980079295114e-05,2.5271168851759285e-05,1.7518783807754517,2.890768527984619,26.927371978759766,1e-05,243223,3.6401979699730873,5.124252796173096,True
1765,0.6574223637580872,4.0435013943351805e-05,4.620802428689785e-05,2.0341747585916892e-05,2.5890214601531625e-05,1.324974536895752,1.9823968410491943,32.118465423583984,1e-05,251788,1.3092340156435966,8.094128608703613,True
1766,1.3492213487625122,4.9676469643600285e-05,6.199727795319632e-05,1.2512493412941694e-05,1.2915584193251561e-05,1.6277985572814941,2.977019786834717,37.09315872192383,1e-05,290728,1.640406295657158,8.99193286895752,True
1767,1.3691493272781372,5.2894774853484705e-05,5.8291599998483434e-05,2.880120518966578e-05,4.4607393647311255e-05,1.7332559823989868,3.102405309677124,249.16624450683594,1e-05,304331,1.6881266385316849,9.905967235565186,True
1768,0.7804722785949707,3.876787377521396e-05,4.733275272883475e-05,1.367484492220683e-05,1.2471638910938054e-05,1.270345687866211,2.0508179664611816,14.32530689239502,1e-05,330001,1.768999569118023,10.662118434906006,True
1769,0.6749314665794373,3.482839747448452e-05,4.3845233449246734e-05,7.01047702023061e-06,8.545323908037972e-06,1.1412569284439087,1.8161883354187012,25.539268493652344,1e-05,290294,1.6059391796588898,10.662118434906006,True
1770,1.6457397937774658,5.473987403092906e-05,6.38172568869777e-05,3.1837735150475055e-05,2.3177723051048815e-05,1.7937161922454834,3.439455986022949,37.618553161621094,1e-05,286437,1.6504604443907738,10.662118434906006,True
1771,0.9889999628067017,4.722572703030892e-05,5.832707756781019e-05,1.386197345709661e-05,1.3981363736093044e-05,1.5474926233291626,2.5364925861358643,29.541757583618164,1e-05,253082,1.4401374161243439,10.662118434906006,True
1772,1.1325304508209229,4.5759763452224433e-05,5.502197382156737e-05,1.8860875570680946e-05,1.7085376384784468e-05,1.4994559288024902,2.631986379623413,11.29164981842041,1e-05,226804,1.4223046898841858,10.662118434906006,True
1773,1.7045561075210571,5.374138709157705e-05,5.608067658613436e-05,4.176019137958065e-05,5.168687130208127e-05,1.7609977722167969,3.4655537605285645,16.59910011291504,1e-05,279848,1.6344909816980362,10.662118434906006,True
1774,0.9275761246681213,3.400399873498827e-05,4.120837547816336e-05,1.2376341146591585e-05,1.240540495928144e-05,1.1142430305480957,2.0418190956115723,21.10395622253418,1e-05,286884,1.4127478897571564,10.662118434906006,True
1775,0.8552212119102478,3.6707242543343455e-05,4.408833774505183e-05,1.7253860278287902e-05,1.1874082701979205e-05,1.2028229236602783,2.058044195175171,22.067956924438477,1e-05,289442,1.6793166995048523,10.662118434906006,True
1776,1.0548028945922852,4.208463724353351e-05,4.50561819889117e-05,3.010492400790099e-05,3.6235076549928635e-05,1.379029393196106,2.4338321685791016,19.269620895385742,1e-05,268357,1.4823037758469582,10.662118434906006,True
1777,1.5687137842178345,4.860575791099109e-05,5.987753320368938e-05,1.6662603229633532e-05,1.2918263564642984e-05,1.592713475227356,3.1614272594451904,10.158809661865234,1e-05,245124,1.3959103748202324,10.662118434906006,True
1778,1.0850287675857544,3.86700703529641e-05,4.444005389814265e-05,1.9411440007388592e-05,2.3308795789489523e-05,1.2671408653259277,2.3521695137023926,9.860349655151367,1e-05,272984,1.5405169650912285,10.662118434906006,True
1779,1.7266581058502197,5.7665220083436e-05,5.627072823699564e-05,7.494859164580703e-05,4.8748788685770705e-05,1.8895739316940308,3.616231918334961,25.823392868041992,1e-05,254068,1.4862492382526398,10.662118434906006,True
1780,2.648817777633667,7.606086728628725e-05,7.133986946428195e-05,9.299024532083422e-05,8.745744707994163e-05,2.4923624992370605,5.141180038452148,25.242176055908203,1e-05,278899,1.6582251712679863,10.662118434906006,True
1781,1.8609555959701538,5.397901622927748e-05,5.8685945987235755e-05,3.9554306567879394e-05,4.016214006696828e-05,1.7687844038009644,3.629739999771118,21.28141975402832,1e-05,307055,1.6637483686208725,10.662118434906006,True
1782,1.2346807718276978,4.3897030991502106e-05,5.0630595069378614e-05,2.8453645427362062e-05,1.8939028450404294e-05,1.438417911529541,2.673098564147949,10.272056579589844,1e-05,288274,1.5560617819428444,10.662118434906006,True
1783,2.2939066886901855,6.010661309119314e-05,6.024686081218533e-05,9.173413127427921e-05,2.7637614039122127e-05,1.9695734977722168,4.263480186462402,40.995426177978516,1e-05,275109,1.6298424825072289,10.662118434906006,True
1784,0.9738608002662659,3.208325506420806e-05,3.7419853470055386e-05,1.4609192476200406e-05,1.7537740859552287e-05,1.0513041019439697,2.025164842605591,7.774128437042236,1e-05,281749,1.5438159331679344,10.662118434906006,True
1785,1.002101182937622,3.2549021852901205e-05,4.027228715131059e-05,9.45382817008067e-06,9.304616469307803e-06,1.0665663480758667,2.068667411804199,15.39755916595459,1e-05,320234,1.6830781251192093,10.662118434906006,True
1786,1.2610105276107788,4.54078362963628e-05,5.613970279227942e-05,1.2919464097649325e-05,1.3505011338565964e-05,1.4879239797592163,2.748934507369995,13.257568359375,1e-05,249428,1.4305526912212372,10.662118434906006,True
1787,1.1651428937911987,3.6465065932134166e-05,4.383851046441123e-05,2.019203566305805e-05,8.497437193000223e-06,1.1948872804641724,2.360030174255371,13.167315483093262,1e-05,255741,1.4651064202189445,10.662118434906006,True
1788,0.8225936889648438,2.7940637664869428e-05,3.271103196311742e-05,1.3558152204495855e-05,1.3700757335755043e-05,0.9155588150024414,1.7381525039672852,15.367658615112305,1e-05,251230,1.4759305492043495,10.662118434906006,True
1789,0.6854498386383057,3.0734780011698604e-05,3.435819235164672e-05,2.063919964712113e-05,1.9089888155576773e-05,1.0071172714233398,1.6925671100616455,4.702599048614502,1e-05,306819,1.756396546959877,10.662118434906006,True
1790,0.986361563205719,3.6692006688099355e-05,3.825386011158116e-05,3.0935221730032936e-05,3.307768201921135e-05,1.2023236751556396,2.188685178756714,5.986725330352783,1e-05,263630,1.3497727885842323,10.662118434906006,True
1791,0.7597319483757019,2.4489945644745603e-05,2.78976858680835e-05,1.5701076335972175e-05,1.2832379979954567e-05,0.8024865388870239,1.562218427658081,9.15280532836914,1e-05,312754,1.6119814366102219,10.662118434906006,True
1792,1.0059809684753418,3.4184326068498194e-05,4.2445550207048655e-05,9.771725672180764e-06,9.029589818965178e-06,1.1201519966125488,2.1261329650878906,14.705723762512207,1e-05,259933,1.467584453523159,10.662118434906006,True
1793,1.6491508483886719,4.8283491196343675e-05,4.962857929058373e-05,5.13029117428232e-05,3.719353480846621e-05,1.5821534395217896,3.231304168701172,10.279976844787598,1e-05,262051,1.546014927327633,10.662118434906006,True
1794,0.9744327068328857,3.0383647754206322e-05,3.516269498504698e-05,1.252815764019033e-05,1.956485903065186e-05,0.9956113696098328,1.9700441360473633,10.475486755371094,1e-05,276722,1.5542538315057755,10.662118434906006,True
1795,0.8612851500511169,2.8600792575161904e-05,3.472958269412629e-05,9.939765732269734e-06,1.048908870870946e-05,0.9371907711029053,1.798475980758667,10.57022476196289,1e-05,243075,1.4045283570885658,10.662118434906006,True
1796,1.0948526859283447,3.120431210845709e-05,3.5043820389546454e-05,2.49307558988221e-05,1.4440828635997605e-05,1.0225028991699219,2.1173555850982666,6.539993762969971,1e-05,245942,1.4612896740436554,10.662118434906006,True
1797,1.5152156352996826,4.233805520925671e-05,4.757638816954568e-05,3.175898382323794e-05,2.1487114281626418e-05,1.3873333930969238,2.9025490283966064,6.543787956237793,1e-05,311362,1.7244609370827675,10.662118434906006,True
1798,0.9057667255401611,2.975869574584067e-05,3.641846706159413e-05,7.210524017864373e-06,1.234825231222203e-05,0.975132942199707,1.8808996677398682,8.16043758392334,1e-05,288816,1.6534134894609451,10.662118434906006,True
1799,0.734569251537323,2.4931801817729138e-05,3.0437462555710226e-05,7.458368145307759e-06,9.371276973979548e-06,0.8169652819633484,1.5515345335006714,15.999056816101074,1e-05,267144,1.373324565589428,10.662118434906006,True
1800,0.9760067462921143,3.183575245202519e-05,3.878891220665537e-05,1.0094642675539944e-05,1.185790551971877e-05,1.0431939363479614,2.0192008018493652,8.410256385803223,1e-05,341718,2.1203127801418304,10.662118434906006,True
1801,1.4617992639541626,4.304268441046588e-05,4.774025364895351e-05,3.0661449272884056e-05,2.7238505936111324e-05,1.410422682762146,2.8722219467163086,6.375047206878662,1e-05,327071,1.7262182757258415,10.829399585723877,True
1802,1.6190993785858154,4.460410127649084e-05,4.854475992033258e-05,2.792653140204493e-05,3.76377283828333e-05,1.4615871906280518,3.080686569213867,8.686982154846191,1e-05,255525,1.5331512168049812,10.829399585723877,True
1803,1.3630706071853638,3.249888322898187e-05,3.994893268099986e-05,8.519965376763139e-06,1.1777498002629727e-05,1.0649234056472778,2.4279940128326416,62.497982025146484,1e-05,274004,1.6220132932066917,10.829399585723877,True
1804,1.3064645528793335,3.4188342397101223e-05,4.289225398679264e-05,8.840333975967951e-06,7.312848538276739e-06,1.120283603668213,2.426748275756836,11.599130630493164,1e-05,275474,1.5891181081533432,10.829399585723877,True
1805,1.1352952718734741,3.35431432176847e-05,4.0606464608572423e-05,1.3302002116688527e-05,1.1404378710722085e-05,1.0991417169570923,2.2344369888305664,10.923661231994629,1e-05,299936,1.6950466334819794,10.829399585723877,True
1806,0.8103727102279663,2.271981065860018e-05,2.7353315090294927e-05,9.524545930617023e-06,8.114050615404267e-06,0.7444827556610107,1.554855465888977,12.348986625671387,1e-05,229137,1.3354731276631355,10.829399585723877,True
1807,1.115224838256836,3.5052562452619895e-05,3.796213059104048e-05,2.6214465833618306e-05,2.6433272068970837e-05,1.1486023664474487,2.263827323913574,9.64999771118164,1e-05,318734,1.7307112365961075,10.829399585723877,True
1808,1.1962300539016724,3.3627813536440954e-05,3.938609370379709e-05,1.3895844858780038e-05,1.8810103938449174e-05,1.1019161939620972,2.2981462478637695,4.196664333343506,1e-05,326060,1.860882818698883,10.829399585723877,True
1809,1.3912014961242676,3.204456879757345e-05,3.5645865864353254e-05,2.421817771391943e-05,1.826316110964399e-05,1.0500364303588867,2.4412379264831543,15.292478561401367,1e-05,263040,1.4747374281287193,10.829399585723877,True
1810,1.8083248138427734,4.041317879455164e-05,4.747695493279025e-05,2.2599644580623135e-05,1.584407982591074e-05,1.3242590427398682,3.1325838565826416,8.202997207641602,1e-05,271019,1.598003089427948,10.829399585723877,True
1811,0.9901320934295654,3.563004793250002e-05,4.143053592997603e-05,1.8020811694441363e-05,1.8436387108522467e-05,1.1675254106521606,2.1576576232910156,8.669901847839355,1e-05,248677,1.484627440571785,10.829399585723877,True
1812,1.5864442586898804,3.8923764805076644e-05,4.5467302697943524e-05,1.9703815269167535e-05,1.8882472431869246e-05,1.2754539251327515,2.861898183822632,4.781891345977783,1e-05,304575,1.724762186408043,10.829399585723877,True
1813,1.484584927558899,3.399818888283335e-05,3.97555559175089e-05,1.8499267753213644e-05,1.4952915989852045e-05,1.114052653312683,2.598637580871582,12.47351360321045,1e-05,295556,1.7629288509488106,10.829399585723877,True
1814,1.5312883853912354,3.9550901419715956e-05,4.1229035559808835e-05,3.163524888805114e-05,3.739776002475992e-05,1.2960039377212524,2.8272924423217773,15.39350700378418,1e-05,321037,1.8082148134708405,10.829399585723877,True
1815,2.2949397563934326,5.641593088512309e-05,5.492804484674707e-05,5.0084399845218286e-05,7.167475268943235e-05,1.8486372232437134,4.1435770988464355,17.554122924804688,1e-05,242830,1.443056508898735,10.829399585723877,True
1816,1.4801521301269531,3.4726654121186584e-05,3.614081288105808e-05,2.7787862563855015e-05,3.318048038636334e-05,1.137923002243042,2.618075132369995,11.322932243347168,1e-05,310279,1.7021511495113373,10.829399585723877,True
1817,0.8531383275985718,2.7117097488371655e-05,3.1415002013091e-05,1.3701824173040222e-05,1.4744945474376436e-05,0.8885730504989624,1.7417113780975342,14.435113906860352,1e-05,301965,1.6809595003724098,10.829399585723877,True
1818,0.7077492475509644,2.1738509531132877e-05,2.588778625067789e-05,8.180186341633089e-06,1.0401176041341387e-05,0.7123274803161621,1.4200767278671265,8.824281692504883,1e-05,298394,1.614559344947338,10.829399585723877,True
1819,1.9925569295883179,4.1886545659508556e-05,4.782396354130469e-05,2.513897379685659e-05,2.3009604774415493e-05,1.3725383281707764,3.3650951385498047,13.784297943115234,1e-05,272920,1.5253871977329254,10.829399585723877,True
1820,1.2664979696273804,3.187805486959405e-05,3.677401764434762e-05,1.83497086254647e-05,1.6030620827223174e-05,1.044580101966858,2.3110780715942383,16.256404876708984,1e-05,281950,1.6345159113407135,10.829399585723877,True
1821,1.6793663501739502,4.356861609267071e-05,4.417826494318433e-05,4.4439846533350646e-05,3.9039474359015e-05,1.4276564121246338,3.107022762298584,9.731800079345703,1e-05,281434,1.5989960283041,10.829399585723877,True
1822,1.882952332496643,3.9090748032322153e-05,4.422043639351614e-05,2.3717660951660946e-05,2.3685695850872435e-05,1.2809256315231323,3.1638779640197754,10.94100284576416,1e-05,284599,1.5046058297157288,10.829399585723877,True
1823,1.1109250783920288,3.2560928957536817e-05,3.7629830330843106e-05,2.0071020117029548e-05,1.4637426829722244e-05,1.0669565200805664,2.1778817176818848,14.709909439086914,1e-05,271170,1.5357424393296242,10.829399585723877,True
1824,1.3511546850204468,3.0432995117735118e-05,3.762902269954793e-05,9.019801836984698e-06,8.670038369018584e-06,0.9972283840179443,2.3483829498291016,10.467215538024902,1e-05,246551,1.398960903286934,10.829399585723877,True
1825,1.7729463577270508,3.699107401189394e-05,4.104838444618508e-05,3.023254066647496e-05,1.9405759303481318e-05,1.2121235132217407,2.985069751739502,6.602016448974609,1e-05,258746,1.5802161321043968,10.829399585723877,True
1826,1.5114243030548096,2.898983257182408e-05,3.4378390409983695e-05,1.278362742596073e-05,1.2864691598224454e-05,0.9499388337135315,2.4613630771636963,7.198566436767578,1e-05,245694,1.3831105753779411,10.829399585723877,True
1827,1.8098796606063843,3.868263229378499e-05,4.503556192503311e-05,2.026960464718286e-05,1.8978076695930213e-05,1.2675524950027466,3.077432155609131,10.36148738861084,1e-05,297646,1.6884114891290665,10.829399585723877,True
1828,1.184980034828186,3.12362244585529e-05,3.5955574276158586e-05,1.8910743165179156e-05,1.5245593203871977e-05,1.0235486030578613,2.208528518676758,11.964581489562988,1e-05,292283,1.7109296172857285,10.829399585723877,True
1829,1.8398122787475586,3.703903348650783e-05,4.084845568286255e-05,2.1920051949564368e-05,2.9301470931386575e-05,1.2136950492858887,3.0535073280334473,3.911546230316162,1e-05,331795,1.8109175190329552,10.829399585723877,True
1830,1.0251559019088745,2.7450223569758236e-05,3.3148091461043805e-05,1.0362105058447924e-05,1.0351140190323349e-05,0.8994889259338379,1.9246448278427124,5.333117485046387,1e-05,273091,1.4855628162622452,10.829399585723877,True
1831,1.0419526100158691,2.801896698656492e-05,3.1417934224009514e-05,1.8178654499934055e-05,1.746547786751762e-05,0.9181255102157593,1.9600781202316284,12.805588722229004,1e-05,256523,1.5304520577192307,10.829399585723877,True
1832,1.3485122919082642,3.2818279578350484e-05,4.031127173220739e-05,1.01126261142781e-05,1.0565989214228466e-05,1.0753893852233887,2.4239015579223633,8.090250968933105,1e-05,268072,1.4638361632823944,10.829399585723877,True
1833,1.0718612670898438,2.8633448891923763e-05,3.419927088543773e-05,1.0918802217929624e-05,1.2953167242812924e-05,0.9382608532905579,2.010122060775757,7.8102641105651855,1e-05,357344,1.972162589430809,10.829399585723877,True
1834,0.8896516561508179,2.8815013138228096e-05,3.424869282753207e-05,1.3264966582937632e-05,1.1762965186790098e-05,0.9442103505134583,1.833862066268921,18.148874282836914,1e-05,222853,1.358206920325756,10.829399585723877,True
1835,2.058988094329834,4.955388794769533e-05,4.0696879295865074e-05,6.038662831997499e-05,9.186317765852436e-05,1.6237818002700806,3.682769775390625,12.276602745056152,1e-05,335532,1.9266293123364449,10.829399585723877,True
1836,1.111549735069275,2.6234692995785736e-05,3.009259125974495e-05,1.7045689673977904e-05,1.227630036737537e-05,0.859658420085907,1.971208095550537,5.124917984008789,1e-05,289289,1.5395455658435822,10.829399585723877,True
1837,1.6685404777526855,3.65890737157315e-05,4.3204407120356336e-05,1.655934647715185e-05,1.6926798707572743e-05,1.1989507675170898,2.8674912452697754,18.75922203063965,1e-05,290097,1.6455925330519676,10.829399585723877,True
1838,1.1815441846847534,2.969820525322575e-05,3.4207405406050384e-05,1.6969042917480692e-05,1.537216485303361e-05,0.9731507897377014,2.1546950340270996,9.809040069580078,1e-05,269611,1.5348456650972366,10.829399585723877,True
1839,1.20805823802948,2.7659318220685236e-05,3.3058622648241e-05,1.1720933798642363e-05,1.1201868801435921e-05,0.9063405394554138,2.114398717880249,5.732969284057617,1e-05,288316,1.6278298646211624,10.829399585723877,True
1840,2.168152093887329,4.025725502287969e-05,4.912481745122932e-05,1.4907938748365268e-05,1.2401198546285741e-05,1.3191497325897217,3.487301826477051,9.581400871276855,1e-05,320779,1.8168219178915024,10.829399585723877,True
1841,1.4909566640853882,3.541915793903172e-05,3.585383092286065e-05,2.8762045985786244e-05,3.9468242903240025e-05,1.1606149673461914,2.651571750640869,8.808978080749512,1e-05,264083,1.4999275207519531,10.829399585723877,True
1842,1.3973363637924194,2.8831667805206962e-05,3.264434781158343e-05,1.839088690758217e-05,1.6396374121541157e-05,0.9447560906410217,2.342092514038086,10.323200225830078,1e-05,222838,1.3121003583073616,10.829399585723877,True
1843,1.6437830924987793,3.187158654327504e-05,3.558781463652849e-05,1.9397466530790552e-05,2.2048343453207053e-05,1.0443681478500366,2.6881513595581055,11.669283866882324,1e-05,249457,1.4844214096665382,10.829399585723877,True
1844,1.0267504453659058,2.269296965096146e-05,2.621619205456227e-05,1.3343539649213199e-05,1.0903070688073058e-05,0.7436032295227051,1.7703536748886108,91.03585052490234,1e-05,221911,1.3034346550703049,10.829399585723877,True
1845,1.3770313262939453,3.154983278363943e-05,3.635129542089999e-05,1.6847199731273577e-05,1.7443708202335984e-05,1.0338249206542969,2.410856246948242,6.7271904945373535,1e-05,287132,1.643286556005478,10.829399585723877,True
1846,1.2739312648773193,2.9966398869873956e-05,3.500012826407328e-05,1.4982269931351766e-05,1.474814325774787e-05,0.9819389581680298,2.2558703422546387,9.645514488220215,1e-05,291194,1.651689238846302,10.829399585723877,True
1847,2.2356910705566406,6.528713856823742e-05,4.661980347009376e-05,0.00011426610581111163,0.00012831216736231,2.139328956604004,4.3750200271606445,11.347868919372559,1e-05,261615,1.486595407128334,10.829399585723877,True
1848,1.4765360355377197,3.632678635767661e-05,3.474847108009271e-05,4.902034197584726e-05,3.310312604298815e-05,1.1903561353683472,2.6668920516967773,6.482158184051514,1e-05,299312,1.7414244934916496,10.829399585723877,True
1849,2.1166832447052,4.5292013965081424e-05,3.999256659881212e-05,6.338282400975004e-05,5.8997884480049834e-05,1.484128713607788,3.6008119583129883,10.882575035095215,1e-05,250762,1.47661841660738,10.829399585723877,True
1850,2.2776594161987305,4.3592524889390916e-05,4.690813511842862e-05,4.134981281822547e-05,2.5941548301489092e-05,1.4284398555755615,3.706099271774292,16.450077056884766,1e-05,306498,1.7440750673413277,10.829399585723877,True
1851,1.198523759841919,2.961800419143401e-05,3.374656807864085e-05,1.570699350850191e-05,1.87576388270827e-05,0.9705227613449097,2.169046401977539,7.57053804397583,1e-05,296211,1.705544300377369,10.829399585723877,True
1852,0.828698992729187,2.3666929337196052e-05,2.885043249989394e-05,8.569194505980704e-06,7.663640644750558e-06,0.7755179405212402,1.6042169332504272,9.175945281982422,1e-05,263820,1.5788290947675705,10.829399585723877,True
1853,1.1461046934127808,2.4361592295463197e-05,2.922565363405738e-05,1.0923619811364915e-05,8.61520220496459e-06,0.798280656337738,1.944385290145874,6.908092975616455,1e-05,248994,1.4556230679154396,10.829399585723877,True
1854,2.19136643409729,4.508952042669989e-05,4.556549174594693e-05,5.5879900173749775e-05,3.1443327316083014e-05,1.477493405342102,3.6688599586486816,5.31851863861084,1e-05,255506,1.4691457152366638,10.829399585723877,True
1855,1.3264389038085938,3.843522790702991e-05,3.580961492843926e-05,2.8186033887322992e-05,6.443808524636552e-05,1.2594455480575562,2.5858845710754395,9.619524955749512,1e-05,286818,1.6215408593416214,10.829399585723877,True
1856,2.189286231994629,3.7402856833068654e-05,4.3621821532724425e-05,2.3301467081182636e-05,1.4190486581355799e-05,1.2256168127059937,3.414903163909912,12.220585823059082,1e-05,261013,1.4872465208172798,10.829399585723877,True
1857,1.843043565750122,3.642437877715565e-05,3.815057425526902e-05,2.1177107555558905e-05,4.131446621613577e-05,1.1935540437698364,3.036597728729248,78.58002471923828,1e-05,267352,1.600945696234703,10.829399585723877,True
1858,1.9975911378860474,3.8825855881441385e-05,4.3547592213144526e-05,2.5359859137097374e-05,2.396143645455595e-05,1.2722456455230713,3.269836902618408,8.699326515197754,1e-05,349706,1.9272615015506744,10.829399585723877,True
1859,1.2848715782165527,2.8534534067148343e-05,3.446795744821429e-05,1.1523535249580164e-05,9.944991688826121e-06,0.9350196123123169,2.21989107131958,10.041200637817383,1e-05,239403,1.3848421424627304,10.829399585723877,True
1860,1.8710731267929077,3.525805368553847e-05,4.1158884414471686e-05,1.7351427231915295e-05,1.7759670299710706e-05,1.1553359031677246,3.026409149169922,10.418843269348145,1e-05,224491,1.2852527350187302,10.829399585723877,True
1861,1.7682610750198364,3.700463639688678e-05,4.130689922021702e-05,2.8573924282682128e-05,1.9621753381215967e-05,1.212567925453186,2.9808290004730225,13.944199562072754,1e-05,322936,1.882107600569725,10.829399585723877,True
1862,1.0980321168899536,2.4408042008872144e-05,2.8689033570117317e-05,1.5429946870426647e-05,7.700184141867794e-06,0.7998027205467224,1.8978347778320312,8.248185157775879,1e-05,256367,1.5101775079965591,10.829399585723877,True
1863,1.7850853204727173,4.177666050964035e-05,4.148476000409573e-05,4.123953840462491e-05,4.406517109600827e-05,1.368937611579895,3.1540229320526123,7.467555046081543,1e-05,280785,1.5933167412877083,10.829399585723877,True
1864,1.507439136505127,2.9558068490587175e-05,3.539068347890861e-05,1.220832382387016e-05,1.1912104127986822e-05,0.9685587882995605,2.4759979248046875,4.017806053161621,1e-05,265624,1.4241726025938988,10.829399585723877,True
1865,2.1096765995025635,3.690794255817309e-05,4.1475726902717724e-05,2.507086901459843e-05,2.1338313672458753e-05,1.2093994617462158,3.3190760612487793,6.838130950927734,1e-05,329456,1.8230621442198753,10.829399585723877,True
1866,1.2606714963912964,2.747262806224171e-05,3.246046617277898e-05,1.3829607269144617e-05,1.1188618373125792e-05,0.9002230763435364,2.1608946323394775,11.41357421875,1e-05,271281,1.503890298306942,10.829399585723877,True
1867,0.8173533082008362,2.5258390451199375e-05,2.5883036869345233e-05,2.2806605556979775e-05,2.396230775048025e-05,0.8276669383049011,1.6450202465057373,51.9500617980957,1e-05,304901,1.6858078837394714,10.829399585723877,True
1868,1.577578067779541,3.483529872028157e-05,4.0806080505717546e-05,1.823188540583942e-05,1.561399403726682e-05,1.1414830684661865,2.7190611362457275,10.946992874145508,1e-05,324103,1.8244911953806877,10.829399585723877,True
1869,2.4871435165405273,6.266825221246108e-05,4.616320802597329e-05,0.00012717355275526643,9.719323134049773e-05,2.053513288497925,4.540657043457031,17.356348037719727,1e-05,281803,1.6407617777585983,10.829399585723877,True
1870,1.6356697082519531,3.9972030208446085e-05,3.945142816519365e-05,3.704792834469117e-05,4.601974069373682e-05,1.3098034858703613,2.9454731941223145,10.227912902832031,1e-05,268641,1.54097780585289,10.829399585723877,True
1871,1.4685031175613403,3.4626504202606156e-05,3.797438694164157e-05,1.9852797777275555e-05,2.9312899641809054e-05,1.1346412897109985,2.603144407272339,10.22861385345459,1e-05,295121,1.6055607348680496,10.829399585723877,True
1872,1.5213513374328613,2.6899764634435996e-05,2.978008342324756e-05,2.3139145923778415e-05,1.3378470612224191e-05,0.8814514875411987,2.4028029441833496,5.5690202713012695,1e-05,263923,1.4781843274831772,10.829399585723877,True
1873,0.7955447435379028,1.9715900634764694e-05,2.308201146661304e-05,9.9867384051322e-06,9.248416063201148e-06,0.6460506319999695,1.4415953159332275,21.326675415039062,1e-05,229114,1.3183414861559868,10.829399585723877,True
1874,1.3434665203094482,3.104015195276588e-05,3.469317016424611e-05,1.9316004909342155e-05,2.084620064124465e-05,1.0171236991882324,2.3605902194976807,32.69011688232422,1e-05,226399,1.3274504914879799,10.829399585723877,True
1875,1.3837937116622925,3.0015482479939237e-05,3.2537463994231075e-05,2.3501737814513035e-05,2.1397334421635605e-05,0.9835473299026489,2.3673410415649414,10.739836692810059,1e-05,324621,1.916626662015915,10.829399585723877,True
1876,1.4367302656173706,2.760236748144962e-05,3.2504514820175245e-05,1.5251871445798315e-05,1.0539961294853128e-05,0.9044743776321411,2.3412046432495117,10.753484725952148,1e-05,279575,1.5275006219744682,10.829399585723877,True
1877,1.25528883934021,3.0475643143290654e-05,3.45653279509861e-05,1.725772199279163e-05,1.915544089570176e-05,0.9986258745193481,2.2539148330688477,9.62718677520752,1e-05,272948,1.5046415254473686,10.829399585723877,True
1878,1.4196739196777344,2.958798359031789e-05,3.2863448723219335e-05,2.3992217393242754e-05,1.5530948076047935e-05,0.9695390462875366,2.3892130851745605,12.886244773864746,1e-05,260137,1.494827724993229,10.829399585723877,True
1879,1.895106554031372,3.580556222004816e-05,4.04821548727341e-05,2.294456680829171e-05,2.0607019905583e-05,1.173276662826538,3.06838321685791,6.795426368713379,1e-05,281599,1.6473465412855148,10.829399585723877,True
1880,1.9335668087005615,3.786393426707946e-05,4.027346585644409e-05,3.523586565279402e-05,2.603482425911352e-05,1.2407253980636597,3.1742920875549316,4.1977057456970215,1e-05,266085,1.55872343480587,10.829399585723877,True
1881,1.2336077690124512,2.856155697372742e-05,2.657142795214895e-05,1.8833598005585372e-05,5.023029007134028e-05,0.9359050989151001,2.1695127487182617,6.424619197845459,1e-05,342300,1.8792330101132393,10.829399585723877,True
1882,1.0964816808700562,2.361508632020559e-05,2.7147154469275847e-05,1.197226174554089e-05,1.4065483810554724e-05,0.7738191485404968,1.8703007698059082,14.207003593444824,1e-05,240485,1.4186870381236076,10.829399585723877,True
1883,1.9413310289382935,3.672687307698652e-05,3.672192542580888e-05,3.9028040191624314e-05,3.445539914537221e-05,1.2034661769866943,3.1447973251342773,7.179372787475586,1e-05,255193,1.4808518216013908,10.829399585723877,True
1884,1.4020187854766846,3.165779708069749e-05,3.4154480090364814e-05,2.0393246813910082e-05,2.7942252927459776e-05,1.0373626947402954,2.4393815994262695,7.600196361541748,1e-05,267713,1.4757214412093163,10.829399585723877,True
1885,1.7137329578399658,4.212713974993676e-05,3.473629476502538e-05,6.982039485592395e-05,5.877892908756621e-05,1.3804221153259277,3.0941550731658936,9.472197532653809,1e-05,287198,1.665398232638836,10.829399585723877,True
1886,1.4594922065734863,3.1465493520954624e-05,3.55895099346526e-05,1.9717515897355042e-05,1.846937811933458e-05,1.0310612916946411,2.490553379058838,8.848730087280273,1e-05,294533,1.723454363644123,10.829399585723877,True
1887,1.118788719177246,2.4317216229974292e-05,2.7350164600647986e-05,1.546614475955721e-05,1.4970595657359809e-05,0.7968265414237976,1.9156153202056885,9.062466621398926,1e-05,245428,1.4357753321528435,10.829399585723877,True
1888,1.1324784755706787,2.400300945737399e-05,2.8411535822669975e-05,1.4075400940782856e-05,7.479459782189224e-06,0.786530613899231,1.9190090894699097,5.716444492340088,1e-05,255150,1.4154801443219185,10.829399585723877,True
1889,1.7023497819900513,3.0979783332441e-05,3.490331073408015e-05,1.723598688840866e-05,2.11823880817974e-05,1.0151455402374268,2.7174954414367676,8.413968086242676,1e-05,258776,1.5917172580957413,10.829399585723877,True
1890,1.6367720365524292,3.0360522941919044e-05,3.509931775624864e-05,1.8631604689289816e-05,1.3656685950991232e-05,0.9948536157608032,2.6316256523132324,7.739523887634277,1e-05,305226,1.7458943873643875,10.829399585723877,True
1891,2.663109064102173,4.6205233957152814e-05,4.33805507782381e-05,5.744555528508499e-05,5.191303353058174e-05,1.5140531063079834,4.177162170410156,6.137731075286865,1e-05,271348,1.6309831216931343,10.829399585723877,True
1892,1.448790431022644,2.9649743737536483e-05,3.416691833990626e-05,1.961439920705743e-05,1.2582058843690902e-05,0.9715628027915955,2.4203531742095947,7.604764461517334,1e-05,283480,1.534110389649868,10.829399585723877,True
1893,2.1503379344940186,4.0640861698193476e-05,3.735574864549562e-05,4.8663852794561535e-05,5.232854528003372e-05,1.3317197561264038,3.482057571411133,7.464748382568359,1e-05,327404,1.7732376158237457,10.829399585723877,True
1894,0.8601354360580444,1.9377906937734224e-05,2.2620750314672478e-05,1.1111536878161132e-05,8.187212188204285e-06,0.634975254535675,1.4951107501983643,8.868498802185059,1e-05,253390,1.4107106029987335,10.829399585723877,True
1895,1.5865087509155273,3.0199664251995273e-05,3.0081240765866823e-05,3.37285891873762e-05,2.738128387136385e-05,0.9895825982093811,2.5760912895202637,8.64499568939209,1e-05,304186,1.7636488899588585,10.829399585723877,True
1896,1.5150752067565918,2.893273085646797e-05,3.404008020879701e-05,1.475552016927395e-05,1.2465835425246041e-05,0.9480677247047424,2.4631428718566895,16.113536834716797,1e-05,231311,1.3215662464499474,10.829399585723877,True
1897,1.77289617061615,3.709634256665595e-05,3.751138137886301e-05,4.404911305755377e-05,2.7653330107568763e-05,1.2155729532241821,2.988469123840332,7.770573616027832,1e-05,250116,1.4017078652977943,10.829399585723877,True
1898,1.8400394916534424,3.9180598832899705e-05,3.370082413312048e-05,5.35473991476465e-05,5.769243216491304e-05,1.2838698625564575,3.1239094734191895,6.999791622161865,1e-05,252714,1.4661345928907394,10.829399585723877,True
1899,1.116809368133545,2.8353217203402892e-05,2.6627072656992823e-05,4.317368438933045e-05,2.3889615476946346e-05,0.929078221321106,2.0458874702453613,10.623918533325195,1e-05,270338,1.5994914025068283,10.829399585723877,True
1900,1.9992365837097168,3.798663237830624e-05,3.8026228139642626e-05,3.982475391239859e-05,3.59109508281108e-05,1.2447459697723389,3.2439825534820557,14.485553741455078,1e-05,281624,1.6370595544576645,10.829399585723877,True
1901,1.0658832788467407,2.817175663949456e-05,3.234891119063832e-05,1.2927181160193868e-05,1.8353402992943302e-05,0.9231321215629578,1.9890153408050537,6.174652099609375,1e-05,278995,1.6726580709218979,10.829399585723877,True
1902,1.3148853778839111,3.202829975634813e-05,3.520198879414238e-05,2.3501886971644126e-05,2.1512571038329042e-05,1.0495033264160156,2.3643887042999268,4.903686046600342,1e-05,256296,1.5302885919809341,10.829399585723877,True
1903,1.196288824081421,2.2712583813699894e-05,2.452055377943907e-05,1.6828427760628983e-05,1.7748910977388732e-05,0.7442459464073181,1.9405348300933838,91.13258361816406,1e-05,257953,1.4528721794486046,10.829399585723877,True
1904,2.22763729095459,4.3096406443510205e-05,3.9173242839751765e-05,4.4764045014744624e-05,6.496775313280523e-05,1.4121830463409424,3.6398203372955322,43.149837493896484,1e-05,265239,1.4829243943095207,10.829399585723877,True
1905,2.5369770526885986,7.338906289078295e-05,4.216299930703826e-05,0.00017543256399221718,0.00015870192146394402,2.404812812805176,4.941789627075195,16.67053985595703,1e-05,291947,1.7276901602745056,10.829399585723877,True
1906,2.114933729171753,4.911638825433329e-05,3.889811705448665e-05,7.735684630461037e-05,8.218555012717843e-05,1.6094458103179932,3.724379539489746,6.745662212371826,1e-05,282132,1.6739499792456627,10.829399585723877,True
1907,1.261628270149231,2.6200306820101105e-05,2.9932827601442114e-05,1.5877312762313522e-05,1.4128164366411511e-05,0.858531653881073,2.120159864425659,15.874890327453613,1e-05,211330,1.2964365780353546,10.829399585723877,True
1908,1.211022973060608,2.6485946364118718e-05,3.1688628951087594e-05,1.2256614354555495e-05,9.499178304395173e-06,0.8678914904594421,2.0789144039154053,6.00751256942749,1e-05,267894,1.494303971529007,10.829399585723877,True
1909,1.0270895957946777,2.3285729184863158e-05,2.747781400103122e-05,1.2993221389479004e-05,8.425732630712446e-06,0.763026773929596,1.790116310119629,15.389238357543945,1e-05,242285,1.4111984819173813,10.829399585723877,True
1910,1.1833229064941406,2.618044709379319e-05,2.965913517982699e-05,1.7151951396954246e-05,1.4336801541503519e-05,0.8578808903694153,2.041203737258911,6.061365127563477,1e-05,328054,1.833920307457447,10.829399585723877,True
1911,1.5370277166366577,5.806698391097598e-05,2.9199185519246385e-05,8.192347740987316e-05,0.00020741730986628681,1.9027389287948608,3.4397666454315186,12.882142066955566,1e-05,330408,1.8291088864207268,10.829399585723877,True
1912,1.3282947540283203,2.7654394216369838e-05,2.9649852876900695e-05,2.1888394257985055e-05,2.1447644030558877e-05,0.9061791896820068,2.234473943710327,7.343443870544434,1e-05,326471,1.8265475705265999,10.829399585723877,True
1913,2.0161561965942383,4.833366983802989e-05,4.097275450476445e-05,5.900936957914382e-05,8.182346209650859e-05,1.5837976932525635,3.5999538898468018,12.617393493652344,1e-05,250075,1.5401807576417923,10.829399585723877,True
1914,1.5805925130844116,3.41396989824716e-05,3.344090873724781e-05,2.894926910812501e-05,4.352289397502318e-05,1.1186896562576294,2.699282169342041,6.697010040283203,1e-05,269341,1.5514456927776337,10.829399585723877,True
1915,1.7268990278244019,3.4848930226871744e-05,3.730914249899797e-05,3.291819666628726e-05,2.2018390154698864e-05,1.1419297456741333,2.868828773498535,10.415811538696289,1e-05,291271,1.682431384921074,10.829399585723877,True
1916,1.780803918838501,3.274583286838606e-05,3.591465065255761e-05,3.230388756492175e-05,1.4174869647831656e-05,1.0730154514312744,2.8538193702697754,8.3417387008667,1e-05,225013,1.3645109832286835,10.829399585723877,True
1917,1.2874159812927246,3.0119115763227455e-05,3.133057543891482e-05,1.913024789246265e-05,3.383923103683628e-05,0.9869431853294373,2.2743592262268066,27.90172576904297,1e-05,281760,1.6404838263988495,10.829399585723877,True
1918,1.9011296033859253,3.126003866782412e-05,3.624003875302151e-05,1.8024622477241792e-05,1.4615460713685025e-05,1.0243289470672607,2.9254584312438965,8.151932716369629,1e-05,225576,1.302299253642559,10.829399585723877,True
1919,1.7076096534729004,2.869767922675237e-05,2.949574809463229e-05,2.9667808121303096e-05,2.293914985784795e-05,0.9403655529022217,2.647975206375122,12.963326454162598,1e-05,295681,1.632762350142002,10.829399585723877,True
1920,1.8362689018249512,3.611333522712812e-05,3.527147782733664e-05,3.5541826946428046e-05,4.173597335466184e-05,1.1833617687225342,3.0196306705474854,14.32874584197998,1e-05,247282,1.4323844984173775,10.829399585723877,True
1921,1.7958661317825317,3.588584513636306e-05,3.653480962384492e-05,3.956331784138456e-05,2.8314589144429192e-05,1.1759073734283447,2.971773624420166,18.068201065063477,1e-05,277165,1.499316729605198,10.829399585723877,True
1922,0.8824527263641357,2.3153095753514208e-05,2.811176636896562e-05,1.0392885997134726e-05,6.161285000416683e-06,0.7586806416511536,1.6411333084106445,11.019357681274414,1e-05,273611,1.6075335443019867,10.829399585723877,True
1923,1.2425227165222168,2.4129925805027597e-05,2.795508407871239e-05,1.3420164577837568e-05,1.1888745575561188e-05,0.7906894087791443,2.033212184906006,14.915451049804688,1e-05,256190,1.5232596471905708,10.829399585723877,True
1924,0.5741630792617798,1.3190234312787652e-05,1.4759665646124631e-05,1.111037090595346e-05,5.853506081621163e-06,0.4322175979614258,1.0063806772232056,20.571170806884766,1e-05,236731,1.2950442507863045,10.829399585723877,True
1925,2.088071823120117,4.644665023079142e-05,3.93906666431576e-05,5.851891910424456e-05,7.671026833122596e-05,1.5219638347625732,3.6100356578826904,18.313627243041992,1e-05,305432,1.8465976044535637,10.829399585723877,True
1926,2.002056121826172,3.2958541851257905e-05,3.8777532608946785e-05,1.6131823940668255e-05,1.487132249167189e-05,1.079985499382019,3.0820417404174805,10.455350875854492,1e-05,289780,1.648374430835247,10.829399585723877,True
1927,2.207303524017334,5.480109030031599e-05,3.8277259591268376e-05,0.00012184322258690372,8.690195681992918e-05,1.7957221269607544,4.003025531768799,16.898143768310547,1e-05,296828,1.6961422264575958,10.829399585723877,True
1928,1.5877476930618286,3.590247797546908e-05,4.0380138671025634e-05,2.642591243784409e-05,1.85130957106594e-05,1.176452398300171,2.764200210571289,9.015901565551758,1e-05,222676,1.3459474220871925,10.829399585723877,True
1929,1.8897955417633057,4.04494276153855e-05,3.903171818819828e-05,5.147525735083036e-05,3.792984352912754e-05,1.3254468441009521,3.215242385864258,10.86905288696289,1e-05,240051,1.4608585014939308,10.829399585723877,True
1930,1.655083179473877,3.336165536893532e-05,3.711275348905474e-05,2.1500805814866908e-05,2.2715923478244804e-05,1.0931947231292725,2.7482779026031494,10.45571231842041,1e-05,259241,1.427958905696869,10.829399585723877,True
1931,2.013411045074463,3.196240504621528e-05,3.652401574072428e-05,1.9497094399412163e-05,1.705804606899619e-05,1.0473440885543823,3.0607552528381348,12.938584327697754,1e-05,265754,1.502325251698494,10.829399585723877,True
1932,1.0747264623641968,2.4801942345220596e-05,2.7881171263288707e-05,1.3496043720806483e-05,1.763246655173134e-05,0.8127100467681885,1.8874365091323853,12.036493301391602,1e-05,274201,1.6417290195822716,10.829399585723877,True
1933,1.7532508373260498,3.734683559741825e-05,3.324157660244964e-05,4.462484139367007e-05,5.4700376495020464e-05,1.2237811088562012,2.977031946182251,6.1501312255859375,1e-05,312498,1.6903487369418144,10.829399585723877,True
1934,2.4236207008361816,4.464397716219537e-05,4.074420212418772e-05,6.549215322593227e-05,4.719446224044077e-05,1.4628938436508179,3.886514663696289,7.7506818771362305,1e-05,284943,1.663648582994938,10.829399585723877,True
1935,1.194759488105774,3.1759627745486796e-05,2.8627131541725248e-05,4.543616159935482e-05,3.687807111418806e-05,1.0406994819641113,2.2354588508605957,8.236552238464355,1e-05,316270,1.8250652775168419,10.829399585723877,True
1936,1.1812829971313477,2.36183223023545e-05,2.6473544494365342e-05,1.5723269825684838e-05,1.4382035260496195e-05,0.7739251852035522,1.9552081823349,13.30749797821045,1e-05,270801,1.6176865100860596,10.829399585723877,True
1937,0.9319400191307068,2.228504490631167e-05,2.6030491426354274e-05,1.085437361325603e-05,1.1243041626585182e-05,0.7302363514900208,1.6621763706207275,7.976119518280029,1e-05,294608,1.7051154673099518,10.829399585723877,True
1938,1.410691738128662,2.795436193991918e-05,3.344405195093714e-05,1.2074697224306874e-05,1.089589477487607e-05,0.9160085320472717,2.326700210571289,49.06629943847656,1e-05,283784,1.6170726493000984,10.829399585723877,True
1939,1.569313883781433,2.467822741891723e-05,2.7991243769065477e-05,1.7380109056830406e-05,1.2098243132641073e-05,0.8086561560630798,2.377969980239868,8.194985389709473,1e-05,241462,1.3417346477508545,10.829399585723877,True
1940,1.7207165956497192,2.696222873055376e-05,3.1065916118677706e-05,1.6780935766291805e-05,1.2521394637587946e-05,0.8834983110427856,2.604214906692505,11.34168815612793,1e-05,244015,1.5142332166433334,10.829399585723877,True
1941,1.708379864692688,3.13850432576146e-05,3.448937786743045e-05,1.931108272401616e-05,2.4832999770296738e-05,1.0284250974655151,2.736804962158203,12.093772888183594,1e-05,267034,1.5432921350002289,10.829399585723877,True
1942,1.3766613006591797,2.6859392164624296e-05,3.0372697437996976e-05,1.6365531337214634e-05,1.6273423170787282e-05,0.8801285624504089,2.2567899227142334,6.583218574523926,1e-05,287233,1.6415640264749527,10.829399585723877,True
1943,1.7564339637756348,2.9340484616113827e-05,3.2865700632100925e-05,2.252096965094097e-05,1.5008720765763428e-05,0.9614289999008179,2.717863082885742,11.526171684265137,1e-05,274481,1.6020848527550697,10.829399585723877,True
1944,1.4667152166366577,3.3658045140327886e-05,3.480896702967584e-05,3.548395397956483e-05,2.49266013270244e-05,1.1029068231582642,2.569622039794922,12.187470436096191,1e-05,318306,1.7011207267642021,10.829399585723877,True
1945,1.627133846282959,2.9126751542207785e-05,3.199434286216274e-05,2.5805880795815028e-05,1.5242072549881414e-05,0.9544253945350647,2.581559181213379,9.80588150024414,1e-05,253147,1.3787475526332855,10.829399585723877,True
1946,1.704069972038269,2.8919046599185094e-05,3.261135861976072e-05,2.0632409359677695e-05,1.5051824448164552e-05,0.9476193189620972,2.651689291000366,9.616426467895508,1e-05,259722,1.5508158206939697,10.829399585723877,True
1947,1.2965693473815918,3.130785989924334e-05,3.2523752452107146e-05,2.3014859834802337e-05,3.230547736166045e-05,1.0258959531784058,2.322465419769287,10.212904930114746,1e-05,320991,1.8766610100865364,10.829399585723877,True
1948,1.7022733688354492,3.277192445239052e-05,3.4628381399670616e-05,2.7744234103010967e-05,2.6660874937078916e-05,1.0738704204559326,2.776143789291382,5.305081367492676,1e-05,285369,1.6037246063351631,10.829399585723877,True
1949,1.4875130653381348,2.8603213650058024e-05,3.2082461984828115e-05,2.1185956939007156e-05,1.514497216703603e-05,0.9372701048851013,2.424783229827881,7.001188278198242,1e-05,312881,1.8372171819210052,10.829399585723877,True
1950,2.1849851608276367,3.62010468961671e-05,3.741986438399181e-05,3.468618160695769e-05,3.0403019991354086e-05,1.1862359046936035,3.3712210655212402,17.290103912353516,1e-05,326271,1.954425074160099,10.829399585723877,True
1951,1.892127275466919,3.312791159260087e-05,3.6306340916780755e-05,2.7886562747880816e-05,1.9298695406178012e-05,1.0855354070663452,2.9776625633239746,7.608170032501221,1e-05,276655,1.6313266456127167,10.829399585723877,True
1952,1.2772098779678345,2.6026184059446678e-05,2.8621388992178254e-05,1.7731577827362344e-05,1.8749560695141554e-05,0.8528259992599487,2.130035877227783,19.342132568359375,1e-05,268168,1.509612314403057,10.829399585723877,True
1953,1.8729588985443115,3.582918725442141e-05,3.7957830500090495e-05,3.2587300665909424e-05,2.6299205273971893e-05,1.1740508079528809,3.0470097064971924,40.872127532958984,1e-05,255110,1.4790589213371277,10.829399585723877,True
1954,2.0297391414642334,3.363945506862365e-05,3.7058656744193286e-05,2.5037667001015507e-05,2.1726042177760974e-05,1.1022976636886597,3.1320366859436035,6.71103048324585,1e-05,258888,1.5274405404925346,10.829399585723877,True
1955,1.2510051727294922,2.0666635464294814e-05,2.2630782041233033e-05,1.600407085788902e-05,1.3544330613513011e-05,0.6772043108940125,1.9282095432281494,11.92458438873291,1e-05,247468,1.4450532421469688,10.829399585723877,True
1956,1.5766700506210327,2.9776228984701447e-05,3.277613359387033e-05,1.5277311831596307e-05,2.6275722120772116e-05,0.975707471370697,2.552377462387085,12.184483528137207,1e-05,258850,1.4912354722619057,10.829399585723877,True
1957,1.7331116199493408,3.2704047043807805e-05,3.157134051434696e-05,3.5905977711081505e-05,3.629836646723561e-05,1.0716462135314941,2.804757833480835,16.05870246887207,1e-05,261512,1.5488795265555382,10.829399585723877,True
1958,1.8478907346725464,3.160682172165252e-05,3.566667510312982e-05,2.056606172118336e-05,1.82884577952791e-05,1.0356923341751099,2.8835830688476562,29.72532081604004,1e-05,309572,1.767507642507553,10.829399585723877,True
1959,1.292748212814331,2.2584756152355112e-05,2.7490776119520888e-05,8.486824299325235e-06,7.246571385621792e-06,0.7400572896003723,2.0328054428100586,11.483692169189453,1e-05,264597,1.4451798051595688,10.829399585723877,True
1960,1.0877445936203003,2.3682434402871877e-05,2.749166924331803e-05,1.3532572666008491e-05,1.097688618756365e-05,0.7760260105133057,1.863770604133606,12.579833030700684,1e-05,292149,1.6650590598583221,10.829399585723877,True
1961,0.4801303446292877,1.4442674910242204e-05,1.5679828720749356e-05,1.3347461390367243e-05,8.11496011010604e-06,0.47325757145881653,0.9533879160881042,11.832096099853516,1e-05,208338,1.1690409481525421,10.829399585723877,True
1962,1.4650444984436035,3.727390867425129e-05,3.0223007343010977e-05,7.371819810941815e-05,4.3135009036632255e-05,1.2213914394378662,2.6864359378814697,14.039849281311035,1e-05,313474,1.7536594420671463,10.829399585723877,True
1963,1.6016571521759033,3.065868804696947e-05,3.1653526093577966e-05,2.514239531592466e-05,3.0205945222405717e-05,1.0046238899230957,2.606281042098999,7.639384746551514,1e-05,322280,1.737403266131878,10.829399585723877,True
1964,0.9807046055793762,2.1973457478452474e-05,2.254561331938021e-05,1.7382319128955714e-05,2.3131671696319245e-05,0.7200262546539307,1.700730800628662,5.68272066116333,1e-05,303178,1.8200406357645988,10.829399585723877,True
1965,1.8815268278121948,3.14433200401254e-05,3.0365976272150874e-05,4.248268669471145e-05,2.6868008717428893e-05,1.030334711074829,2.9118614196777344,13.893390655517578,1e-05,246406,1.3801706582307816,10.829399585723877,True
1966,1.2232719659805298,2.4612669221824035e-05,2.84346333501162e-05,1.497789617133094e-05,1.131565932155354e-05,0.80650794506073,2.0297799110412598,12.12927532196045,1e-05,214842,1.2732475399971008,10.829399585723877,True
1967,1.3103795051574707,2.5767287297639996e-05,2.6884768885793164e-05,2.4486422262270935e-05,2.0343253709143028e-05,0.8443424701690674,2.154721975326538,21.264982223510742,1e-05,248848,1.3890293464064598,10.829399585723877,True
1968,2.006835460662842,3.8824615330668166e-05,3.698874934343621e-05,4.094600444659591e-05,4.771842941408977e-05,1.2722049951553345,3.2790403366088867,14.043036460876465,1e-05,270426,1.5469810515642166,10.829399585723877,True
1969,1.4314261674880981,2.6508423616178334e-05,2.5144949177047238e-05,3.390465644770302e-05,2.7293048333376646e-05,0.8686280250549316,2.3000540733337402,14.813047409057617,1e-05,263486,1.5323336198925972,10.829399585723877,True
1970,0.8227404952049255,2.1442539946292527e-05,2.245765062980354e-05,1.5291239833459258e-05,2.1503174139070325e-05,0.7026291489601135,1.525369644165039,11.912919998168945,1e-05,284275,1.5437634959816933,10.829399585723877,True
1971,1.540549874305725,3.0165858333930373e-05,3.357214882271364e-05,2.170848529203795e-05,1.8185492081101984e-05,0.9884748458862305,2.529024600982666,14.031033515930176,1e-05,264688,1.4664336293935776,10.829399585723877,True
1972,1.5380924940109253,2.7280613721814007e-05,3.145158552797511e-05,1.708192576188594e-05,1.2453474482754245e-05,0.8939311504364014,2.432023525238037,65.49085998535156,1e-05,279061,1.6854097098112106,10.829399585723877,True
1973,1.5208295583724976,3.3297812478849664e-05,3.305620339233428e-05,3.281771932961419e-05,3.522756742313504e-05,1.0911027193069458,2.6119322776794434,6.165020942687988,1e-05,288076,1.6563133150339127,10.829399585723877,True
1974,1.3568661212921143,2.5601786546758376e-05,2.6909370717476122e-05,2.6140553018194623e-05,1.7217515051015653e-05,0.8389193415641785,2.1957855224609375,11.28256893157959,1e-05,242478,1.3663569912314415,10.829399585723877,True
1975,1.1973260641098022,2.661056896613445e-05,2.6768557290779427e-05,2.5774334062589332e-05,2.6498863007873297e-05,0.8719751238822937,2.069301128387451,20.045591354370117,1e-05,293125,1.6872405484318733,10.829399585723877,True
1976,1.3883429765701294,2.579956708359532e-05,2.7376141588320024e-05,2.534885425120592e-05,1.6790825611678883e-05,0.8454002141952515,2.233743190765381,33.86617660522461,1e-05,271039,1.4607154950499535,10.829399585723877,True
1977,1.0739562511444092,2.4343538825633004e-05,2.4913291781558655e-05,1.812480877561029e-05,2.7143758416059427e-05,0.7976890802383423,1.8716453313827515,16.317628860473633,1e-05,236788,1.4050050005316734,10.829399585723877,True
1978,1.6519023180007935,2.812901948345825e-05,3.102514165220782e-05,2.3302513000089675e-05,1.5578794773318805e-05,0.92173171043396,2.573634147644043,6.700760841369629,1e-05,329023,1.89600021392107,10.829399585723877,True
1979,1.203879714012146,3.262067912146449e-05,2.605413283163216e-05,7.209488830994815e-05,3.254575130995363e-05,1.0689144134521484,2.272794246673584,25.930410385131836,1e-05,280960,1.5273137241601944,10.829399585723877,True
1980,1.6576781272888184,3.0356743081938475e-05,2.7205916921957396e-05,4.3762262066593394e-05,3.585617378121242e-05,0.99472975730896,2.6524078845977783,12.374943733215332,1e-05,344013,1.9087313264608383,10.829399585723877,True
1981,1.3067153692245483,2.3630893338122405e-05,2.550965109548997e-05,1.8235446987091564e-05,1.7753796782926656e-05,0.774337112903595,2.081052541732788,15.126147270202637,1e-05,289420,1.6691968813538551,10.829399585723877,True
1982,1.7279067039489746,3.140378976240754e-05,3.444635513005778e-05,2.4139861125149764e-05,2.04123389266897e-05,1.0290393829345703,2.756946086883545,12.123794555664062,1e-05,276328,1.5648620799183846,10.829399585723877,True
1983,1.7062968015670776,2.9635039027198218e-05,3.5017088521271944e-05,1.4714300050400198e-05,1.226348103955388e-05,0.9710809588432312,2.677377700805664,10.728607177734375,1e-05,292909,1.7304752990603447,10.829399585723877,True
1984,2.278303861618042,4.278915730537847e-05,3.7215544580249116e-05,6.815272354288027e-05,5.0867263780673966e-05,1.4021151065826416,3.6804189682006836,9.22685718536377,1e-05,270293,1.5401467457413673,10.829399585723877,True
1985,1.09539794921875,2.6544035790720955e-05,3.127832678728737e-05,1.363708906865213e-05,1.1045225619454868e-05,0.8697949647903442,1.9651929140090942,14.24500846862793,1e-05,264830,1.4667044505476952,10.829399585723877,True
1986,1.9492948055267334,3.2167597964871675e-05,3.430699143791571e-05,2.43981703533791e-05,2.7100666557089426e-05,1.054067850112915,3.0033626556396484,18.315288543701172,1e-05,275492,1.6233502179384232,10.829399585723877,True
1987,1.9420579671859741,3.534215647960082e-05,3.42727180395741e-05,3.9625218050787225e-05,3.7475721910595894e-05,1.1580917835235596,3.100149631500244,20.016939163208008,1e-05,254547,1.4853805527091026,10.829399585723877,True
1988,2.487948179244995,4.459443152882159e-05,3.5802677302854136e-05,9.501016029389575e-05,4.6929217205615714e-05,1.4612703323364258,3.949218511581421,13.531533241271973,1e-05,260095,1.4313245713710785,10.829399585723877,True
1989,2.0254287719726562,3.14297249133233e-05,3.1301722628995776e-05,3.708173244376667e-05,2.6545718355919234e-05,1.0298892259597778,3.0553178787231445,5.219779014587402,1e-05,233833,1.37007188051939,10.829399585723877,True
1990,1.6313831806182861,2.8705213480861858e-05,3.302925324533135e-05,1.8587270460557193e-05,1.2878927009296604e-05,0.9406124353408813,2.571995735168457,15.097976684570312,1e-05,274834,1.5133967325091362,10.829399585723877,True
1991,1.7594237327575684,3.1370087526738644e-05,3.686215131892823e-05,1.725828042253852e-05,1.2529503692348953e-05,1.0279350280761719,2.7873587608337402,6.95189094543457,1e-05,284026,1.6502041816711426,10.829399585723877,True
1992,1.319471001625061,2.9053990147076547e-05,3.0014598451089114e-05,2.2847454602015205e-05,2.949687586806249e-05,0.9520411491394043,2.271512031555176,8.69346809387207,1e-05,280672,1.6172237619757652,10.829399585723877,True
1993,2.121068239212036,3.208475391147658e-05,3.3912318031070754e-05,2.984098500746768e-05,2.336313991690986e-05,1.0513532161712646,3.172421455383301,8.015238761901855,1e-05,273290,1.5691388174891472,10.829399585723877,True
1994,1.475174069404602,3.424133319640532e-05,2.658832454471849e-05,6.065994602977298e-05,5.374076863517985e-05,1.1220200061798096,2.597194194793701,10.332132339477539,1e-05,321559,1.9131309911608696,10.829399585723877,True
1995,1.3990967273712158,3.2435866160085425e-05,3.159116022288799e-05,3.129812830593437e-05,3.8641835999442264e-05,1.0628584623336792,2.4619550704956055,11.074235916137695,1e-05,255338,1.4636947587132454,10.829399585723877,True
1996,1.6738606691360474,2.9408764021354727e-05,3.2716605346649885e-05,1.3996649613545742e-05,2.497383684385568e-05,0.9636663794517517,2.6375269889831543,9.988375663757324,1e-05,246017,1.4819128662347794,10.829399585723877,True
1997,2.0933032035827637,4.3049745727330446e-05,3.674020990729332e-05,7.321767770918086e-05,5.073902866570279e-05,1.410654067993164,3.5039572715759277,10.793965339660645,1e-05,289217,1.7156179770827293,10.829399585723877,True
1998,1.190528392791748,2.465279249008745e-05,2.7252079235040583e-05,1.6529544154764153e-05,1.7180307622766122e-05,0.8078227043151855,1.9983510971069336,10.128066062927246,1e-05,295305,1.71639733761549,10.829399585723877,True
1999,1.347412347793579,2.6303901904611848e-05,2.812845923472196e-05,2.129135827999562e-05,2.0369101548567414e-05,0.861926257610321,2.209338665008545,15.499946594238281,1e-05,283879,1.591306410729885,10.829399585723877,True
2000,1.096493124961853,3.064728298340924e-05,2.9324553906917572e-05,3.506106440909207e-05,3.4169876016676426e-05,1.004250168800354,2.100743293762207,6.643400192260742,1e-05,257621,1.5557381808757782,10.829399585723877,True
2001,0.8881242275238037,2.0148789189988747e-05,2.424315971438773e-05,9.287759894505143e-06,6.4435821514052805e-06,0.6602355241775513,1.548359751701355,14.691503524780273,1e-05,282364,1.605731338262558,10.829399585723877,True
2002,1.6139212846755981,2.9383132641669363e-05,3.231225491617806e-05,1.679812339716591e-05,2.4393402782152407e-05,0.9628264904022217,2.5767478942871094,8.114763259887695,1e-05,272360,1.6429887190461159,10.829399585723877,True
2003,1.3892756700515747,2.521434726077132e-05,2.8886466679978184e-05,1.6595937267993577e-05,1.1800041647802573e-05,0.8262237310409546,2.2154994010925293,18.28584861755371,1e-05,307669,1.5571999922394753,10.829399585723877,True
2004,1.195402979850769,2.5954375814762898e-05,2.9269400329212658e-05,1.9697426978382282e-05,1.2321173926466145e-05,0.8504729866981506,2.0458760261535645,8.854586601257324,1e-05,258866,1.4761062860488892,10.829399585723877,True
2005,1.5852161645889282,3.400593050173484e-05,3.310065949335694e-05,4.3627274862956256e-05,2.981622310471721e-05,1.1143063306808472,2.6995224952697754,26.07667350769043,1e-05,259935,1.5283026993274689,10.829399585723877,True
2006,0.9026181697845459,1.8965351046063006e-05,1.8988630472449586e-05,1.848599458753597e-05,1.930502367031295e-05,0.6214566230773926,1.5240747928619385,6.2184906005859375,1e-05,274034,1.5468111857771873,10.829399585723877,True
2007,1.25533926486969,2.928190224338323e-05,2.9395270757959224e-05,3.3286280086031184e-05,2.4597300580353476e-05,0.9595093727111816,2.214848518371582,7.567935466766357,1e-05,277450,1.560289479792118,10.829399585723877,True
2008,1.0773581266403198,2.2473863282357343e-05,2.6355121008236893e-05,1.2592541679623537e-05,9.067631253856234e-06,0.7364235520362854,1.81378173828125,8.416751861572266,1e-05,268516,1.4669863805174828,10.829399585723877,True
2009,1.0856581926345825,2.3533229978056625e-05,2.5646108042565174e-05,2.1568939700955525e-05,1.2820259144064039e-05,0.7711368799209595,1.856795072555542,29.027700424194336,1e-05,235718,1.3421749249100685,10.829399585723877,True
2010,1.3571743965148926,2.8257134545128793e-05,2.988630330946762e-05,2.8663680495810695e-05,1.8075570551445708e-05,0.9259297847747803,2.283104181289673,11.400922775268555,1e-05,255896,1.5043448433279991,10.829399585723877,True
2011,2.0842809677124023,3.5547269362723455e-05,3.868479689117521e-05,2.4234894226538017e-05,2.8034455681336112e-05,1.1648129224777222,3.249094009399414,11.789229393005371,1e-05,274480,1.540482982993126,10.829399585723877,True
2012,0.9741080403327942,2.4198510800488293e-05,2.872226104955189e-05,1.0701436622184701e-05,1.0553086212894414e-05,0.7929368019104004,1.7670447826385498,10.297322273254395,1e-05,278084,1.6093724817037582,10.829399585723877,True
2013,1.6053311824798584,3.0496148610836826e-05,3.0940725991968066e-05,2.806228985718917e-05,3.0262543077697046e-05,0.9992977976799011,2.6046290397644043,10.967127799987793,1e-05,298441,1.5943177491426468,10.829399585723877,True
2014,1.6665672063827515,3.283282421762124e-05,3.2943542464636266e-05,3.4268297895323485e-05,3.0733041057828814e-05,1.0758659839630127,2.7424330711364746,20.02172088623047,1e-05,304035,1.719485118985176,10.829399585723877,True
2015,2.6116902828216553,4.2846149881370366e-05,3.878117058775388e-05,5.8453602832742035e-05,5.1628576329676434e-05,1.4039826393127441,4.01567268371582,11.705947875976562,1e-05,283846,1.542900487780571,10.829399585723877,True
2016,1.1031255722045898,2.6243204047204927e-05,2.9739261663053185e-05,1.9334103853907436e-05,1.2175947631476447e-05,0.859937310218811,1.9630628824234009,5.7189130783081055,1e-05,269449,1.5933956950902939,10.829399585723877,True
2017,1.6435458660125732,2.7108488211524673e-05,3.1557781767332926e-05,1.256705309060635e-05,1.4954156540625263e-05,0.8882909417152405,2.531836748123169,20.413625717163086,1e-05,283369,1.662556916475296,10.829399585723877,True
2018,1.3121387958526611,2.4914264940889552e-05,2.9423199521261267e-05,1.3398679584497586e-05,9.376244634040631e-06,0.8163906335830688,2.1285295486450195,10.575122833251953,1e-05,261324,1.509805090725422,10.829399585723877,True
2019,1.1918219327926636,2.2044030629331246e-05,2.556313484092243e-05,1.1809666830231436e-05,1.1163763701915741e-05,0.7223387956619263,1.9141607284545898,8.00245475769043,1e-05,251593,1.4118548706173897,10.829399585723877,True
2020,1.264611005783081,2.5546327378833666e-05,2.7627998861134984e-05,2.31544763664715e-05,1.5448140402440913e-05,0.8371020555496216,2.101713180541992,7.168306827545166,1e-05,247228,1.480035737156868,10.829399585723877,True
2021,1.8285080194473267,2.8905760700581595e-05,3.216724508092739e-05,2.1612917407765053e-05,1.6629697711323388e-05,0.9471839666366577,2.7756919860839844,9.607722282409668,1e-05,221432,1.291444145143032,10.829399585723877,True
2022,1.1545908451080322,2.3530492399004288e-05,2.6569121473585255e-05,1.8095412087859586e-05,1.0733796443673782e-05,0.7710471749305725,1.92563796043396,13.069147109985352,1e-05,260038,1.5633093938231468,10.829399585723877,True
2023,1.7483848333358765,2.8513606594060548e-05,3.238149292883463e-05,1.910905120894313e-05,1.4710830328112934e-05,0.934333860874176,2.6827187538146973,7.905970573425293,1e-05,293752,1.7498189583420753,10.829399585723877,True
2024,1.833240270614624,2.9010810976615176e-05,3.417838888708502e-05,1.3678848517884035e-05,1.3337305972527247e-05,0.9506262540817261,2.7838664054870605,3.5042977333068848,1e-05,286352,1.4648524895310402,10.829399585723877,True
2025,1.913896083831787,2.856302489817608e-05,3.162325810990296e-05,2.2619937226409093e-05,1.6144724213518202e-05,0.9359531998634338,2.849849224090576,11.076467514038086,1e-05,256533,1.497816227376461,10.829399585723877,True
2026,2.5391058921813965,4.0574537706561387e-05,3.979313260060735e-05,3.953244595322758e-05,4.6305067371577024e-05,1.3295464515686035,3.86865234375,8.013333320617676,1e-05,298382,1.7477161660790443,10.829399585723877,True
2027,1.8743292093276978,3.252067108405754e-05,2.9543285563704558e-05,3.0067851184867322e-05,5.283778955345042e-05,1.0656373500823975,2.9399666786193848,7.645425796508789,1e-05,251955,1.4984003230929375,10.829399585723877,True
2028,2.0778872966766357,3.327724334667437e-05,3.727107105078176e-05,2.625356319185812e-05,1.6337942724931054e-05,1.0904287099838257,3.168315887451172,15.63422966003418,1e-05,273981,1.587139368057251,10.829399585723877,True
2029,1.2251754999160767,2.0851368390140124e-05,2.4506427507731132e-05,1.0788894542201888e-05,8.983499355963431e-06,0.6832576394081116,1.908433198928833,6.197146415710449,1e-05,327332,1.729512795805931,10.829399585723877,True
2030,1.582603931427002,2.692544694582466e-05,3.0158744266373105e-05,2.006121212616563e-05,1.4389892385224812e-05,0.8822930455207825,2.4648969173431396,5.364806175231934,1e-05,236657,1.434845618903637,10.829399585723877,True
2031,2.191873788833618,3.760688196052797e-05,3.686662967083976e-05,3.127845047856681e-05,4.837683081859723e-05,1.2323023080825806,3.4241762161254883,15.311060905456543,1e-05,244518,1.4298023283481598,10.829399585723877,True
2032,2.7451117038726807,4.869616168434732e-05,3.846066101687029e-05,7.744125468889251e-05,8.136407268466428e-05,1.5956758260726929,4.340787410736084,10.296506881713867,1e-05,303887,1.8309400007128716,10.829399585723877,True
2033,1.4312556982040405,3.045654739253223e-05,3.000749711645767e-05,3.479862425592728e-05,2.8808775823563337e-05,0.9980001449584961,2.429255962371826,6.92795991897583,1e-05,255643,1.5043862089514732,10.829399585723877,True
2034,1.4271841049194336,2.5115954485954717e-05,2.7756550480262376e-05,1.5011700270406436e-05,1.9376626369194128e-05,0.8229995965957642,2.250183582305908,8.446867942810059,1e-05,358901,2.0840732529759407,10.829399585723877,True
2035,1.530767798423767,3.2441108487546444e-05,2.5727200409164652e-05,4.152295150561258e-05,6.364270666381344e-05,1.0630302429199219,2.5937981605529785,6.407039642333984,1e-05,238785,1.3612946346402168,10.829399585723877,True
2036,1.618612289428711,2.9989419999765232e-05,3.2495921914232895e-05,2.0755147488671355e-05,2.4184686481021345e-05,0.9826933145523071,2.6013054847717285,11.867484092712402,1e-05,281655,1.6380905583500862,10.829399585723877,True
2037,1.3632341623306274,2.6938547307508998e-05,2.9747139706159942e-05,2.1955391275696456e-05,1.5070153494889382e-05,0.8827223181724548,2.2459564208984375,14.100800514221191,1e-05,272821,1.5518205761909485,10.829399585723877,True
2038,1.394162654876709,3.363863652339205e-05,2.835636587406043e-05,6.481879972852767e-05,3.41521117661614e-05,1.1022708415985107,2.4964334964752197,8.585813522338867,1e-05,233816,1.3750122860074043,10.829399585723877,True
2039,1.788233995437622,2.6610103304847144e-05,2.8094778826925904e-05,2.202266114181839e-05,2.2289485059445724e-05,0.8719598650932312,2.660193920135498,8.078177452087402,1e-05,282686,1.56578379124403,10.829399585723877,True
2040,1.4945249557495117,3.8299527659546584e-05,2.9785902370349504e-05,5.2420895372051746e-05,7.525992987211794e-05,1.2549989223480225,2.749523878097534,13.11673355102539,1e-05,261319,1.5488618686795235,10.829399585723877,True
2041,0.6746283769607544,1.8559658201411366e-05,2.2242445993470028e-05,7.775342965032905e-06,7.247234862006735e-06,0.6081628799438477,1.282791256904602,9.869200706481934,1e-05,321657,1.8597731813788414,10.829399585723877,True
2042,2.923344373703003,3.19028040394187e-05,3.244619074393995e-05,2.7026473617297597e-05,3.351880150148645e-05,1.0453910827636719,3.968735456466675,31.67964744567871,1e-05,295322,1.6043908149003983,10.829399585723877,True
2043,1.3900730609893799,2.8167545679025352e-05,3.145198570564389e-05,1.9341936422279105e-05,1.728651113808155e-05,0.9229941368103027,2.3130671977996826,13.818679809570312,1e-05,332622,1.8849987834692001,10.829399585723877,True
2044,2.262859582901001,3.8868485717102885e-05,3.776128505705856e-05,3.7163295928621665e-05,4.7216886741807684e-05,1.2736425399780273,3.5365021228790283,8.82507610321045,1e-05,300483,1.7293837741017342,10.829399585723877,True
2045,1.1676820516586304,2.5031837139977142e-05,2.509191654098686e-05,2.8968222977709956e-05,2.073498399113305e-05,0.820243239402771,1.9879252910614014,7.356974124908447,1e-05,241356,1.3958893939852715,10.829399585723877,True
2046,1.3821552991867065,2.506315468053799e-05,2.863353438442573e-05,1.461331430618884e-05,1.4090727745497134e-05,0.8212694525718689,2.2034246921539307,4.721444129943848,1e-05,279207,1.442899078130722,10.829399585723877,True
2047,2.0838708877563477,4.178600283921696e-05,3.7737983802799135e-05,6.0104066506028175e-05,4.775605339091271e-05,1.3692437410354614,3.4531145095825195,6.219370365142822,1e-05,320808,1.9067512601613998,10.829399585723877,True
2048,1.7739617824554443,3.1351959478342906e-05,3.494887278066017e-05,2.295336344104726e-05,1.816905387386214e-05,1.0273410081863403,2.801302909851074,8.78097152709961,1e-05,331871,1.8608646392822266,10.829399585723877,True
2049,1.5681577920913696,3.6168104998068884e-05,3.5807817766908556e-05,4.217439709464088e-05,3.232353992643766e-05,1.1851564645767212,2.753314256668091,7.880706787109375,1e-05,285842,1.6833039373159409,10.829399585723877,True
2050,1.6834207773208618,3.861226650769822e-05,3.289635787950829e-05,4.030783748021349e-05,7.121213275240734e-05,1.2652467489242554,2.948667526245117,7.75990104675293,1e-05,255329,1.5570193603634834,10.829399585723877,True
2051,1.3900569677352905,3.1402294553117827e-05,3.143492358503863e-05,3.2917312637437135e-05,2.969150045828428e-05,1.028990387916565,2.4190473556518555,6.095287799835205,1e-05,261506,1.4857195913791656,10.829399585723877,True
2052,1.4851927757263184,2.9529070161515847e-05,2.8665559511864558e-05,3.734778874786571e-05,2.6891397283179685e-05,0.9676085710525513,2.45280122756958,7.721546173095703,1e-05,253406,1.482366144657135,10.829399585723877,True
2053,1.2574104070663452,2.6842866645893082e-05,3.111834666924551e-05,1.455908113712212e-05,1.347377292404417e-05,0.8795870542526245,2.1369974613189697,13.988150596618652,1e-05,262756,1.5317767187952995,10.829399585723877,True
2054,1.671575665473938,3.486090281512588e-05,3.550073233782314e-05,3.3811767934821546e-05,3.2071078749140725e-05,1.142322063446045,2.8138976097106934,6.030587673187256,1e-05,257745,1.4734554514288902,10.829399585723877,True
2055,1.4609224796295166,2.944559855677653e-05,2.856900027836673e-05,3.0474631785182282e-05,3.367616591276601e-05,0.9648733735084534,2.425795793533325,15.581742286682129,1e-05,260068,1.3974808678030968,10.829399585723877,True
2056,1.664617657661438,3.254037437727675e-05,3.383017610758543e-05,2.6790465199155733e-05,3.055149136343971e-05,1.0662829875946045,2.730900764465332,5.226119041442871,1e-05,303770,1.713279627263546,10.829399585723877,True
2057,1.7044626474380493,3.185414971085265e-05,3.288947482360527e-05,2.8597036362043582e-05,2.8899301469209604e-05,1.0437967777252197,2.7482595443725586,16.94938850402832,1e-05,259447,1.5669274851679802,10.829399585723877,True
2058,0.9143326878547668,2.1563913833233528e-05,2.2166377675603144e-05,2.3664679247303866e-05,1.58483690029243e-05,0.7066063284873962,1.620939016342163,4.588632106781006,1e-05,327683,1.744739755988121,10.829399585723877,True
2059,1.506524682044983,3.043164178961888e-05,3.2187148462980986e-05,2.5279561668867245e-05,2.505067823221907e-05,0.9971840381622314,2.503708839416504,10.43121337890625,1e-05,290002,1.654181994497776,10.829399585723877,True
2060,0.8549781441688538,2.0765171939274296e-05,2.368560672039166e-05,1.0841376933967695e-05,1.3166354619897902e-05,0.6804331541061401,1.5354113578796387,10.336129188537598,1e-05,278641,1.5444369316101074,10.829399585723877,True
2061,1.925360918045044,3.0341649107867852e-05,3.320302130305208e-05,2.4684944946784526e-05,1.88301237358246e-05,0.9942351579666138,2.9195961952209473,7.10886812210083,1e-05,276721,1.6455717012286186,10.829399585723877,True
2062,1.6430697441101074,3.090438258368522e-05,2.7202642741031013e-05,4.9266400310443714e-05,3.475281482678838e-05,1.0126748085021973,2.6557445526123047,8.090585708618164,1e-05,254294,1.3997866213321686,10.829399585723877,True
2063,1.4162942171096802,2.9687464120797813e-05,3.20460821967572e-05,2.2972502847551368e-05,2.2250724214245565e-05,0.9727988243103027,2.3890929222106934,11.591103553771973,1e-05,284336,1.6046450734138489,10.829399585723877,True
