run,configuration,point,profile,lambda,dataset,sequence,endpoint,num_blocks,points,physical_bits,physical_bpp,y_mse,y_psnr,u_mse,u_psnr,v_mse,v_psnr,yuv611,x_low_bits,r1_bits,r2_bits,r3_bits,r4_bits,r5_bits
full_88blocks_v2,R03_32k8k_L8192,8K,32k8k,8192,8i,Longdress,B_unpool,16.0,857966.0,420728.0,0.4903784066035251,0.0010314011832741625,29.865723746850293,0.0002227336979506181,36.5221407247257,0.0002889266208983806,35.392124416219154,31.388575952755826,19568.0,6232.0,28200.0,95736.0,270992.0,562504.0
full_88blocks_v2,R03_32k8k_L8192,8K,32k8k,8192,8i,Longdress,B_native,16.0,857966.0,420728.0,0.4903784066035251,0.0008459635342484434,30.72648357074456,0.0001957716426309434,37.082502151927436,0.00023351350275104143,36.316880016044266,32.21978544905488,19568.0,6232.0,28200.0,95736.0,270992.0,562504.0
full_88blocks_v2,R03_32k8k_L8192,8K,32k8k,8192,8i,Longdress,Canonical_Base,16.0,857966.0,420728.0,0.4903784066035251,0.000580678432974034,32.36064303834604,0.00018975840228528868,37.21798984943171,0.0002202733108830653,36.570381203634554,33.494028660392814,19568.0,6232.0,28200.0,95736.0,270992.0,562504.0
full_88blocks_v2,R03_32k8k_L8192,8K,32k8k,8192,8i,Longdress,Official_Full,16.0,857966.0,983232.0,1.1460034546823534,0.00017918251504954742,37.4670437183899,8.714388710286887e-05,40.597630720147286,9.698983455731346e-05,40.13273781476155,38.191578855656026,19568.0,6232.0,28200.0,95736.0,270992.0,562504.0
full_88blocks_v2,R03_32k8k_L8192,8K,32k8k,8192,8i,Loot,B_unpool,16.0,805285.0,113160.0,0.14052167866035006,0.0002337870358912683,36.31179575282767,1.1700488671700081e-05,49.31795999536668,1.2116539907324735e-05,49.166213829499725,39.54436854272905,14384.0,1976.0,7464.0,26960.0,62376.0,95960.0
full_88blocks_v2,R03_32k8k_L8192,8K,32k8k,8192,8i,Loot,B_native,16.0,805285.0,113160.0,0.14052167866035006,0.00019254438879936917,37.15469133229145,1.1827105466946483e-05,49.271215303972085,1.148477961084585e-05,49.398773343576686,40.19976708016218,14384.0,1976.0,7464.0,26960.0,62376.0,95960.0
full_88blocks_v2,R03_32k8k_L8192,8K,32k8k,8192,8i,Loot,Canonical_Base,16.0,805285.0,113160.0,0.14052167866035006,0.00017220286298006294,37.63959632405551,1.1499546280198936e-05,49.39319294593623,1.1338972757731735e-05,49.454262881112086,40.58562922142267,14384.0,1976.0,7464.0,26960.0,62376.0,95960.0
full_88blocks_v2,R03_32k8k_L8192,8K,32k8k,8192,8i,Loot,Official_Full,16.0,805285.0,209120.0,0.25968445953916935,9.23992701872008e-05,40.3433145902798,1.1053314179402323e-05,49.5650748541565,1.123106838433598e-05,49.49578928391109,42.640093959968304,14384.0,1976.0,7464.0,26960.0,62376.0,95960.0
full_88blocks_v2,R03_32k8k_L8192,8K,32k8k,8192,8i,Redandblack,B_unpool,8.0,757691.0,187520.0,0.2474887520110441,0.0002635468076211807,35.79142240086104,7.51113434275978e-05,41.24294470239539,0.0003572172295741932,34.47067602055219,36.307769391014226,14888.0,3128.0,13424.0,43160.0,112920.0,195856.0
full_88blocks_v2,R03_32k8k_L8192,8K,32k8k,8192,8i,Redandblack,B_native,8.0,757691.0,187520.0,0.2474887520110441,0.00022115215871100488,36.55308817037304,6.974020806199361e-05,41.56516761289826,0.0002704298255725619,35.67945411963898,37.07039384434694,14888.0,3128.0,13424.0,43160.0,112920.0,195856.0
full_88blocks_v2,R03_32k8k_L8192,8K,32k8k,8192,8i,Redandblack,Canonical_Base,8.0,757691.0,187520.0,0.2474887520110441,0.00019148335826781634,37.17868964392555,6.946905853877107e-05,41.582085867480316,0.00026471489177553914,35.772216263827325,37.55330499935762,14888.0,3128.0,13424.0,43160.0,112920.0,195856.0
full_88blocks_v2,R03_32k8k_L8192,8K,32k8k,8192,8i,Redandblack,Official_Full,8.0,757691.0,383376.0,0.5059793504212139,0.00010188158953161645,39.91904287899386,5.348996095875495e-05,42.717277190876615,0.00010883061154560368,39.63248930414907,40.23300297112361,14888.0,3128.0,13424.0,43160.0,112920.0,195856.0
full_88blocks_v2,R03_32k8k_L8192,8K,32k8k,8192,8i,Soldier,B_unpool,16.0,1089091.0,255056.0,0.23419163320604064,0.0004059943600856127,33.914799994294796,1.6748043118527283e-05,47.76035929670325,1.3102759655969977e-05,48.82637225173348,37.50944143927569,21912.0,5600.0,21328.0,63880.0,142336.0,212992.0
full_88blocks_v2,R03_32k8k_L8192,8K,32k8k,8192,8i,Soldier,B_native,16.0,1089091.0,255056.0,0.23419163320604064,0.0003087883928661608,35.10339032847047,1.6766305023638978e-05,47.7556263713482,1.2778318423602803e-05,48.935262938615274,38.413903910098284,21912.0,5600.0,21328.0,63880.0,142336.0,212992.0
full_88blocks_v2,R03_32k8k_L8192,8K,32k8k,8192,8i,Soldier,Canonical_Base,16.0,1089091.0,255056.0,0.23419163320604064,0.00024744195939457766,36.06526653985787,1.6553979757981657e-05,47.81097580187204,1.2707643767013043e-05,48.95934968238105,39.14524059042504,21912.0,5600.0,21328.0,63880.0,142336.0,212992.0
full_88blocks_v2,R03_32k8k_L8192,8K,32k8k,8192,8i,Soldier,Official_Full,16.0,1089091.0,468048.0,0.42976023123871193,0.00011614067422006057,39.350156571282334,1.614812314186785e-05,47.918779474194025,1.261490248985622e-05,48.991161021246896,41.62635999039187,21912.0,5600.0,21328.0,63880.0,142336.0,212992.0
full_88blocks_v2,R03_32k8k_L8192,8K,32k8k,8192,Owlii,Basketball,B_unpool,8.0,796217.0,107032.0,0.1344256653650952,0.0002729422216456067,35.63929277780535,3.688873465977239e-05,44.33106241485133,1.549202355884137e-05,48.098918512504376,38.28321719927348,13976.0,2640.0,8480.0,25008.0,56928.0,112192.0
full_88blocks_v2,R03_32k8k_L8192,8K,32k8k,8192,Owlii,Basketball,B_native,8.0,796217.0,107032.0,0.1344256653650952,0.0002155899800770393,36.66371427615046,3.6744134008316826e-05,44.34811983686192,1.493500532753006e-05,48.2579461814077,39.073543959396545,13976.0,2640.0,8480.0,25008.0,56928.0,112192.0
full_88blocks_v2,R03_32k8k_L8192,8K,32k8k,8192,Owlii,Basketball,Canonical_Base,8.0,796217.0,107032.0,0.1344256653650952,0.00015327272942589773,38.14535108768546,3.638355948931007e-05,44.39094815142095,1.4644553824397117e-05,48.343238554302545,40.200786653979534,13976.0,2640.0,8480.0,25008.0,56928.0,112192.0
full_88blocks_v2,R03_32k8k_L8192,8K,32k8k,8192,Owlii,Basketball,Official_Full,8.0,796217.0,219224.0,0.27533197608189725,7.681837838692216e-05,41.14534864901184,3.153782377128345e-05,45.01168277929462,1.3518320741305448e-05,48.69077253518612,42.57181840106897,13976.0,2640.0,8480.0,25008.0,56928.0,112192.0
full_88blocks_v2,R03_32k8k_L8192,8K,32k8k,8192,Owlii,Dancer,B_unpool,8.0,702038.0,117408.0,0.1672388104347628,0.00034979606885382275,34.56185075602585,3.0671878278668676e-05,45.13259627959995,1.6645292073149887e-05,47.78708579921887,37.53634832687174,12728.0,2768.0,9696.0,27000.0,65216.0,126472.0
full_88blocks_v2,R03_32k8k_L8192,8K,32k8k,8192,Owlii,Dancer,B_native,8.0,702038.0,117408.0,0.1672388104347628,0.0002739937639358553,35.62259321555768,3.0451777355784157e-05,45.163873541548284,1.5612399748589108e-05,48.06530337330336,38.37059202602472,12728.0,2768.0,9696.0,27000.0,65216.0,126472.0
full_88blocks_v2,R03_32k8k_L8192,8K,32k8k,8192,Owlii,Dancer,Canonical_Base,8.0,702038.0,117408.0,0.1672388104347628,0.00018590320091932348,37.30713132392538,3.039067762286372e-05,45.1725961632053,1.5257327223170255e-05,48.16521539375539,39.64757493756412,12728.0,2768.0,9696.0,27000.0,65216.0,126472.0
full_88blocks_v2,R03_32k8k_L8192,8K,32k8k,8192,Owlii,Dancer,Official_Full,8.0,702038.0,243880.0,0.34738860289613954,8.671712057452731e-05,40.61895151231832,2.4435722403345686e-05,46.11974817219024,1.2697278414772418e-05,48.96289357478007,42.349543852610026,12728.0,2768.0,9696.0,27000.0,65216.0,126472.0
full_88blocks_v2,R03_32k8k_L8192,8K,32k8k,8192,Owlii,Exercise,B_unpool,8.0,645135.0,72264.0,0.11201376456090585,0.00024087401989506075,36.18210039456502,3.456840774287552e-05,44.61320624056334,1.604342471461012e-05,47.94702919349936,38.7066047251816,10016.0,1512.0,5040.0,15048.0,40648.0,104760.0
full_88blocks_v2,R03_32k8k_L8192,8K,32k8k,8192,Owlii,Exercise,B_native,8.0,645135.0,72264.0,0.11201376456090585,0.0002105091486433072,36.76729025153885,3.4290570564455497e-05,44.648252885527995,1.553928468804204e-05,48.08568976731128,39.167210520259054,10016.0,1512.0,5040.0,15048.0,40648.0,104760.0
full_88blocks_v2,R03_32k8k_L8192,8K,32k8k,8192,Owlii,Exercise,Canonical_Base,8.0,645135.0,72264.0,0.11201376456090585,0.0001800002872546056,37.44726801824524,3.430052067117735e-05,44.646992874527704,1.53822148516202e-05,48.12981126915422,39.68255153164417,10016.0,1512.0,5040.0,15048.0,40648.0,104760.0
full_88blocks_v2,R03_32k8k_L8192,8K,32k8k,8192,Owlii,Exercise,Official_Full,8.0,645135.0,177024.0,0.2743983817340557,0.00010225429815061964,39.90318427830505,3.0373876103792227e-05,45.174997828899784,1.4400822760383487e-05,48.4161269470427,41.6262788057216,10016.0,1512.0,5040.0,15048.0,40648.0,104760.0
full_88blocks_v2,R03_32k8k_L8192,8K,32k8k,8192,Owlii,Model,B_unpool,8.0,657755.0,153064.0,0.23270670690454653,0.0005550072071363958,32.55701377239046,4.5610964450441275e-05,43.40930744442326,2.8696892911798466e-05,45.42165122928347,35.52163016350619,11704.0,3592.0,12240.0,36128.0,89400.0,190632.0
full_88blocks_v2,R03_32k8k_L8192,8K,32k8k,8192,Owlii,Model,B_native,8.0,657755.0,153064.0,0.23270670690454653,0.0004293601655844501,33.671782502336,4.4738250033979216e-05,43.493210076209294,2.6579978423577165e-05,45.75445375933738,36.40979485619533,11704.0,3592.0,12240.0,36128.0,89400.0,190632.0
full_88blocks_v2,R03_32k8k_L8192,8K,32k8k,8192,Owlii,Model,Canonical_Base,8.0,657755.0,153064.0,0.23270670690454653,0.0002982514692035788,35.254174082932096,4.452332577433847e-05,43.51412402479809,2.5560339535845412e-05,45.924333814383374,37.62043779209675,11704.0,3592.0,12240.0,36128.0,89400.0,190632.0
full_88blocks_v2,R03_32k8k_L8192,8K,32k8k,8192,Owlii,Model,Official_Full,8.0,657755.0,343696.0,0.5225289051394516,0.00010679488475921886,39.71449548562584,3.437665845732834e-05,44.63736340681916,1.872878283084127e-05,47.27490446171254,41.27490509778584,11704.0,3592.0,12240.0,36128.0,89400.0,190632.0
full_88blocks_v2,DIAGNOSTIC_8k256_L8192,same_lambda_control,8k256,8192,8i,Longdress,B_unpool,16.0,857966.0,261680.0,0.3050004312525205,0.002844411260983536,25.46007610662719,0.00043720130138979866,33.5931855398316,0.0006112559597263762,32.13776893490146,27.31142638931203,19568.0,952.0,14392.0,51504.0,175264.0,430880.0
full_88blocks_v2,DIAGNOSTIC_8k256_L8192,same_lambda_control,8k256,8192,8i,Longdress,B_native,16.0,857966.0,261680.0,0.3050004312525205,0.0024875345185007332,26.042308840132407,0.0003943870801782354,34.04077320655788,0.000623308596491819,32.05296883402858,27.79344938517261,19568.0,952.0,14392.0,51504.0,175264.0,430880.0
full_88blocks_v2,DIAGNOSTIC_8k256_L8192,same_lambda_control,8k256,8192,8i,Longdress,Official_Full,16.0,857966.0,692560.0,0.8072114745805777,0.00036665504547149887,34.357423343821196,0.0001536751556425313,38.13396338352488,0.0002581395708702909,35.88145416249054,35.019994701117824,19568.0,952.0,14392.0,51504.0,175264.0,430880.0
full_88blocks_v2,DIAGNOSTIC_8k256_L8192,same_lambda_control,8k256,8192,8i,Loot,B_unpool,16.0,805285.0,112672.0,0.13991568202561827,0.0005007166088627008,33.00408002733726,0.00019182011289096406,37.171058577513605,1.6559331813705705e-05,47.80957191432488,35.375638831982755,14384.0,304.0,6128.0,22256.0,69600.0,95568.0
full_88blocks_v2,DIAGNOSTIC_8k256_L8192,same_lambda_control,8k256,8192,8i,Loot,B_native,16.0,805285.0,112672.0,0.13991568202561827,0.0004526629199985098,33.44225079393824,1.6560082094637302e-05,47.80937514582564,1.5110588545806763e-05,48.20718619895362,37.08375826355109,14384.0,304.0,6128.0,22256.0,69600.0,95568.0
full_88blocks_v2,DIAGNOSTIC_8k256_L8192,same_lambda_control,8k256,8192,8i,Loot,Official_Full,16.0,805285.0,208240.0,0.2585916787224399,8.427158059531718e-05,40.743188603876845,1.0220653425458068e-05,49.90521338056559,1.0595729240132374e-05,49.74869148054954,43.014129560547026,14384.0,304.0,6128.0,22256.0,69600.0,95568.0
full_88blocks_v2,DIAGNOSTIC_8k256_L8192,same_lambda_control,8k256,8192,8i,Redandblack,B_unpool,8.0,757691.0,167368.0,0.22089215788494254,0.0007487266921225143,31.256766839884513,0.00023263355306978704,36.33327646176164,0.0006644093555760857,31.775642608587184,31.95619001370699,14888.0,488.0,10112.0,36208.0,105672.0,165512.0
full_88blocks_v2,DIAGNOSTIC_8k256_L8192,same_lambda_control,8k256,8192,8i,Redandblack,B_native,8.0,757691.0,167368.0,0.22089215788494254,0.0005547601338210431,32.55894755752354,0.00010457950364066618,39.80553423766941,0.0005270706723776579,32.78131148419646,33.49256638337589,14888.0,488.0,10112.0,36208.0,105672.0,165512.0
full_88blocks_v2,DIAGNOSTIC_8k256_L8192,same_lambda_control,8k256,8192,8i,Redandblack,Official_Full,8.0,757691.0,332880.0,0.43933476839503177,0.00012480150481753116,39.03780178034925,8.032089923953169e-05,40.95171437990635,0.0002918163540115958,35.348903729704254,38.81592859896327,14888.0,488.0,10112.0,36208.0,105672.0,165512.0
full_88blocks_v2,DIAGNOSTIC_8k256_L8192,same_lambda_control,8k256,8192,8i,Soldier,B_unpool,16.0,1089091.0,220632.0,0.2025836224888462,0.0007604289489638607,31.189413582243375,7.694872869420462e-05,41.137985509546944,1.5787675282322596e-05,48.01681814664775,34.53641064370687,21912.0,536.0,11456.0,43000.0,143728.0,222656.0
full_88blocks_v2,DIAGNOSTIC_8k256_L8192,same_lambda_control,8k256,8192,8i,Soldier,B_native,16.0,1089091.0,220632.0,0.2025836224888462,0.0006425699976282973,31.92079556046654,2.2875935247100563e-05,46.40621141442847,1.4285503509770991e-05,48.45104447779565,35.797753656877916,21912.0,536.0,11456.0,43000.0,143728.0,222656.0
full_88blocks_v2,DIAGNOSTIC_8k256_L8192,same_lambda_control,8k256,8192,8i,Soldier,Official_Full,16.0,1089091.0,443288.0,0.40702567554042773,0.00011461809146251324,39.407468273753885,1.1600555259826773e-05,49.355212227982996,9.47957111044899e-06,50.23211311246207,42.00401687287104,21912.0,536.0,11456.0,43000.0,143728.0,222656.0
full_88blocks_v2,DIAGNOSTIC_8k256_L8192,same_lambda_control,8k256,8192,Owlii,Basketball,B_unpool,8.0,796217.0,102624.0,0.12888948615766807,0.000610430338357508,32.14363890102598,0.00024131812137520302,36.174100642588265,2.1160807203940636e-05,46.74467769645795,34.47257646815026,13976.0,504.0,6392.0,22248.0,59504.0,58176.0
full_88blocks_v2,DIAGNOSTIC_8k256_L8192,same_lambda_control,8k256,8192,Owlii,Basketball,B_native,8.0,796217.0,102624.0,0.12888948615766807,0.0005552057158086301,32.55546071495259,4.857377359651954e-05,43.13598155771679,2.024475453161638e-05,46.93687484700003,35.67570258680404,13976.0,504.0,6392.0,22248.0,59504.0,58176.0
full_88blocks_v2,DIAGNOSTIC_8k256_L8192,same_lambda_control,8k256,8192,Owlii,Basketball,Official_Full,8.0,796217.0,160800.0,0.20195499468109823,9.370024701004877e-05,40.28259264235383,3.570233407249531e-05,44.47303390563734,1.47490509652017e-05,48.31235923674705,41.81011862456342,13976.0,504.0,6392.0,22248.0,59504.0,58176.0
full_88blocks_v2,DIAGNOSTIC_8k256_L8192,same_lambda_control,8k256,8192,Owlii,Dancer,B_unpool,8.0,702038.0,104936.0,0.1494733903292984,0.0007751793996407601,31.105977771611354,0.00018780410429634862,37.262949208357284,2.646187844874494e-05,45.77379329802025,33.70907614200571,12728.0,824.0,5872.0,21488.0,64024.0,73768.0
full_88blocks_v2,DIAGNOSTIC_8k256_L8192,same_lambda_control,8k256,8192,Owlii,Dancer,B_native,8.0,702038.0,104936.0,0.1494733903292984,0.0007140182829533444,31.462906676578697,4.988034279355249e-05,43.02070570573673,2.7031658819465615e-05,45.68127302653643,34.684927348968166,12728.0,824.0,5872.0,21488.0,64024.0,73768.0
full_88blocks_v2,DIAGNOSTIC_8k256_L8192,same_lambda_control,8k256,8192,Owlii,Dancer,Official_Full,8.0,702038.0,178704.0,0.2545503234867628,0.00011280676716815899,39.476648466679634,2.901571320142214e-05,45.37366750081859,1.6645807910754116e-05,47.78695121344357,41.252563689292494,12728.0,824.0,5872.0,21488.0,64024.0,73768.0
full_88blocks_v2,DIAGNOSTIC_8k256_L8192,same_lambda_control,8k256,8192,Owlii,Exercise,B_unpool,8.0,645135.0,72424.0,0.1122617746673177,0.0005100390339200323,32.92396585534665,0.00025129709687336755,35.998125285946884,2.1666801587884704e-05,46.642051936756665,35.02299654434793,10016.0,264.0,4600.0,15864.0,41680.0,36872.0
full_88blocks_v2,DIAGNOSTIC_8k256_L8192,same_lambda_control,8k256,8192,Owlii,Exercise,B_native,8.0,645135.0,72424.0,0.1122617746673177,0.00052426840196238,32.80446316741574,4.237517878056531e-05,43.72888456499795,2.0321652660760927e-05,46.92040975902738,35.93450916606497,10016.0,264.0,4600.0,15864.0,41680.0,36872.0
full_88blocks_v2,DIAGNOSTIC_8k256_L8192,same_lambda_control,8k256,8192,Owlii,Exercise,Official_Full,8.0,645135.0,109296.0,0.16941570368992537,0.0001252521071727623,39.02214959067062,3.3221269889557994e-05,44.78583770575569,1.5747676405341518e-05,48.02783517987628,40.86832130370696,10016.0,264.0,4600.0,15864.0,41680.0,36872.0
full_88blocks_v2,DIAGNOSTIC_8k256_L8192,same_lambda_control,8k256,8192,Owlii,Model,B_unpool,8.0,657755.0,110320.0,0.16772202415793114,0.0012305168385249826,29.09912438988039,0.00019672641471125268,37.06137322881175,5.155145672248786e-05,42.877590580700954,31.816713768599385,11704.0,552.0,5936.0,22704.0,69424.0,125936.0
full_88blocks_v2,DIAGNOSTIC_8k256_L8192,same_lambda_control,8k256,8192,Owlii,Model,B_native,8.0,657755.0,110320.0,0.16772202415793114,0.0009884229225821165,30.05057191400788,8.134883199869252e-05,40.89648678254648,5.498383630728767e-05,42.597649620378064,32.97469598587148,11704.0,552.0,5936.0,22704.0,69424.0,125936.0
full_88blocks_v2,DIAGNOSTIC_8k256_L8192,same_lambda_control,8k256,8192,Owlii,Model,Official_Full,8.0,657755.0,236256.0,0.3591854109812924,0.0001689822252717197,37.72158975104604,4.2564987717463186e-05,43.70947487591444,2.8139601191781134e-05,45.506820618918965,39.4432292501387,11704.0,552.0,5936.0,22704.0,69424.0,125936.0
full_88blocks_v2,R04_8k256_L4096,4K,8k256,4096,8i,Longdress,B_unpool,16.0,857966.0,230808.0,0.2690176533802039,0.002753395526777285,25.60131397484826,0.00048623507264390436,33.131537182480194,0.0006282190521401781,32.01888896791574,27.344788749935688,19568.0,632.0,12792.0,45768.0,152048.0,340384.0
full_88blocks_v2,R04_8k256_L4096,4K,8k256,4096,8i,Longdress,B_native,16.0,857966.0,230808.0,0.2690176533802039,0.002493025856559584,26.032732171629274,0.00039082876644354206,34.08013478095758,0.0006443386930036854,31.908857881733997,27.773173211558404,19568.0,632.0,12792.0,45768.0,152048.0,340384.0
full_88blocks_v2,R04_8k256_L4096,4K,8k256,4096,8i,Longdress,Canonical_Base,16.0,857966.0,230808.0,0.2690176533802039,0.002049939690526198,26.8825891575252,0.00034839778610166365,34.57924613385631,0.0005695979202251604,32.44431605109236,28.539887141262483,19568.0,632.0,12792.0,45768.0,152048.0,340384.0
full_88blocks_v2,R04_8k256_L4096,4K,8k256,4096,8i,Longdress,Official_Full,16.0,857966.0,571192.0,0.665751323479019,0.0004194935444574727,33.772747180964714,0.00016634654898737248,37.78986204541402,0.0002779955069409511,35.5596222324207,34.498245920452874,19568.0,632.0,12792.0,45768.0,152048.0,340384.0
full_88blocks_v2,R04_8k256_L4096,4K,8k256,4096,8i,Loot,B_unpool,16.0,805285.0,91624.0,0.11377835176366131,0.0006698810903916004,31.740022814333987,0.0004232275887472137,33.7342602989029,2.1189583343412583e-05,46.738775828567285,33.86414662668427,14384.0,216.0,5096.0,18120.0,53808.0,56120.0
full_88blocks_v2,R04_8k256_L4096,4K,8k256,4096,8i,Loot,B_native,16.0,805285.0,91624.0,0.11377835176366131,0.0005610731380269097,32.50980523108952,2.4964041479476212e-05,46.02685104480329,1.7687734575125576e-05,47.52327787470456,36.076120038255624,14384.0,216.0,5096.0,18120.0,53808.0,56120.0
full_88blocks_v2,R04_8k256_L4096,4K,8k256,4096,8i,Loot,Canonical_Base,16.0,805285.0,91624.0,0.11377835176366131,0.00022121213119206246,36.55191060164322,1.3043626168263411e-05,48.846016566145366,1.3495736343691984e-05,48.69803414828992,39.60693929053683,14384.0,216.0,5096.0,18120.0,53808.0,56120.0
full_88blocks_v2,R04_8k256_L4096,4K,8k256,4096,8i,Loot,Official_Full,16.0,805285.0,147744.0,0.18346796475781865,0.0001254568974385466,39.01505456811277,1.224565115587649e-05,49.12018116551093,1.2301761734516351e-05,49.10032688821527,41.53885443280035,14384.0,216.0,5096.0,18120.0,53808.0,56120.0
full_88blocks_v2,R04_8k256_L4096,4K,8k256,4096,8i,Redandblack,B_unpool,8.0,757691.0,142576.0,0.18817169532170766,0.0008590023557664009,30.660056451385532,0.0004315417671887352,33.64977164301608,0.0006850159823639189,31.642992957024866,31.15663791354427,14888.0,368.0,8928.0,31432.0,86960.0,121744.0
full_88blocks_v2,R04_8k256_L4096,4K,8k256,4096,8i,Redandblack,B_native,8.0,757691.0,142576.0,0.18817169532170766,0.0006329061398657236,31.986606911845634,0.00011037113300078793,39.57144499231718,0.0005457078348572174,32.6303981090289,33.01518557155249,14888.0,368.0,8928.0,31432.0,86960.0,121744.0
full_88blocks_v2,R04_8k256_L4096,4K,8k256,4096,8i,Redandblack,Canonical_Base,8.0,757691.0,142576.0,0.18817169532170766,0.00038526270230608523,34.14243033464838,0.00011405370087806243,39.42890617929256,0.0005646152006745493,32.48247433875581,34.595745315742334,14888.0,368.0,8928.0,31432.0,86960.0,121744.0
full_88blocks_v2,R04_8k256_L4096,4K,8k256,4096,8i,Redandblack,Official_Full,8.0,757691.0,264320.0,0.34884933303945803,0.00015360537061348228,38.135935994931515,8.44278619753963e-05,40.73514208524297,0.00032348598072208854,34.901445360987346,38.05652542697742,14888.0,368.0,8928.0,31432.0,86960.0,121744.0
full_88blocks_v2,R04_8k256_L4096,4K,8k256,4096,8i,Soldier,B_unpool,16.0,1089091.0,190576.0,0.17498629591099366,0.0007981264604628997,30.979282906919323,0.00020863606025391815,36.8061062680198,1.6971631484421412e-05,47.702764069089476,33.798070972328155,21912.0,376.0,9968.0,37264.0,121056.0,137600.0
full_88blocks_v2,R04_8k256_L4096,4K,8k256,4096,8i,Soldier,B_native,16.0,1089091.0,190576.0,0.17498629591099366,0.0007965308017888313,30.9879742540174,2.5539510052878958e-05,45.9278743844974,1.6521718231167093e-05,47.819447887643996,34.95939597453072,21912.0,376.0,9968.0,37264.0,121056.0,137600.0
full_88blocks_v2,R04_8k256_L4096,4K,8k256,4096,8i,Soldier,Canonical_Base,16.0,1089091.0,190576.0,0.17498629591099366,0.00037482835745038755,34.26167560211283,1.5346498149208835e-05,48.13990708654427,1.2648903163812758e-05,48.97947132239638,37.8361790027022,21912.0,376.0,9968.0,37264.0,121056.0,137600.0
full_88blocks_v2,R04_8k256_L4096,4K,8k256,4096,8i,Soldier,Official_Full,16.0,1089091.0,328176.0,0.30133019187561005,0.00017271697764282325,37.626649702831855,1.4416783342475516e-05,48.411316281358296,1.116339011293822e-05,49.52203898251186,40.461656685107656,21912.0,376.0,9968.0,37264.0,121056.0,137600.0
full_88blocks_v2,R04_8k256_L4096,4K,8k256,4096,Owlii,Basketball,B_unpool,8.0,796217.0,82952.0,0.1041826537237964,0.0008776124999240156,30.56697199688856,0.0005341953837785428,32.72299869231472,2.756128249145648e-05,45.59700577548023,32.71522955614079,13976.0,320.0,5520.0,17928.0,45208.0,36568.0
full_88blocks_v2,R04_8k256_L4096,4K,8k256,4096,Owlii,Basketball,B_native,8.0,796217.0,82952.0,0.1041826537237964,0.0006395828203705774,31.941032102142056,5.671414419586621e-05,42.46308616941866,2.261855430077479e-05,46.45535157114403,35.070578794176875,13976.0,320.0,5520.0,17928.0,45208.0,36568.0
full_88blocks_v2,R04_8k256_L4096,4K,8k256,4096,Owlii,Basketball,Canonical_Base,8.0,796217.0,82952.0,0.1041826537237964,0.00021438023286867775,36.68815261665027,4.032343259061286e-05,43.944425050419795,1.724446777109758e-05,47.63350205045061,38.963355350096506,13976.0,320.0,5520.0,17928.0,45208.0,36568.0
full_88blocks_v2,R04_8k256_L4096,4K,8k256,4096,Owlii,Basketball,Official_Full,8.0,796217.0,119520.0,0.15010983186744317,0.00012277666000864087,39.10884185254034,3.837441987573739e-05,44.159581769003054,1.6397014184022696e-05,47.852352276510366,40.83312314509443,13976.0,320.0,5520.0,17928.0,45208.0,36568.0
full_88blocks_v2,R04_8k256_L4096,4K,8k256,4096,Owlii,Dancer,B_unpool,8.0,702038.0,87296.0,0.12434654534369935,0.0009916067915882046,30.03660507379025,0.00045138627665311564,33.45451648768278,3.256114081602421e-05,44.87300387522862,32.31839385070661,12728.0,608.0,5056.0,18128.0,50776.0,46120.0
full_88blocks_v2,R04_8k256_L4096,4K,8k256,4096,Owlii,Dancer,B_native,8.0,702038.0,87296.0,0.12434654534369935,0.0008319904660360266,30.798816503579154,5.448343861201245e-05,42.637354906126006,2.9678133757431935e-05,45.275634121642995,34.08823600615549,12728.0,608.0,5056.0,18128.0,50776.0,46120.0
full_88blocks_v2,R04_8k256_L4096,4K,8k256,4096,Owlii,Dancer,Canonical_Base,8.0,702038.0,87296.0,0.12434654534369935,0.0003461930527891653,34.60681651554799,3.896585258233885e-05,44.09315816851866,2.2014691319059652e-05,46.57287399660231,37.28836640730111,12728.0,608.0,5056.0,18128.0,50776.0,46120.0
full_88blocks_v2,R04_8k256_L4096,4K,8k256,4096,Owlii,Dancer,Official_Full,8.0,702038.0,133416.0,0.19004099493189827,0.00014840941233095644,38.28538554624586,3.171831059372855e-05,44.98689952481814,1.839332665802991e-05,47.353397161905576,40.25657624552487,12728.0,608.0,5056.0,18128.0,50776.0,46120.0
full_88blocks_v2,R04_8k256_L4096,4K,8k256,4096,Owlii,Exercise,B_unpool,8.0,645135.0,55720.0,0.08636951955792199,0.0008286799987552993,30.816131432789412,0.0005905064943833461,32.28775321658696,2.9140126937617707e-05,45.355085607270844,32.817453427574286,10016.0,208.0,3952.0,12640.0,28904.0,19336.0
full_88blocks_v2,R04_8k256_L4096,4K,8k256,4096,Owlii,Exercise,B_native,8.0,645135.0,55720.0,0.08636951955792199,0.0006016053725964333,32.206882939613514,5.233167518813891e-05,42.81235362846416,2.2697792616739132e-05,46.44016376330366,35.311726878681114,10016.0,208.0,3952.0,12640.0,28904.0,19336.0
full_88blocks_v2,R04_8k256_L4096,4K,8k256,4096,Owlii,Exercise,Canonical_Base,8.0,645135.0,55720.0,0.08636951955792199,0.000213344981447294,36.70917568672407,3.739955426275121e-05,44.27133573799014,1.741971566524836e-05,47.58958938078151,39.01449740488951,10016.0,208.0,3952.0,12640.0,28904.0,19336.0
full_88blocks_v2,R04_8k256_L4096,4K,8k256,4096,Owlii,Exercise,Official_Full,8.0,645135.0,75056.0,0.1163415409177924,0.00015732180698768475,38.032110739564594,3.5699056973966694e-05,44.47343256056207,1.6915014351507822e-05,47.71727629399618,40.04792166149323,10016.0,208.0,3952.0,12640.0,28904.0,19336.0
full_88blocks_v2,R04_8k256_L4096,4K,8k256,4096,Owlii,Model,B_unpool,8.0,657755.0,94664.0,0.1439198485758375,0.0013493865503781805,28.69863622864324,0.00038117369840594143,34.188770740128454,5.570123265729641e-05,42.541351938686695,31.115242506334326,11704.0,416.0,5168.0,19752.0,57624.0,92176.0
full_88blocks_v2,R04_8k256_L4096,4K,8k256,4096,Owlii,Model,B_native,8.0,657755.0,94664.0,0.1439198485758375,0.0010611707886462284,29.742147135562384,8.425455846569013e-05,40.744065929736635,5.718790907708797e-05,42.42695781979001,32.702988320362614,11704.0,416.0,5168.0,19752.0,57624.0,92176.0
full_88blocks_v2,R04_8k256_L4096,4K,8k256,4096,Owlii,Model,Canonical_Base,8.0,657755.0,94664.0,0.1439198485758375,0.0005802828933159004,32.363602322064764,5.9745116168938284e-05,42.23697590088094,3.902206004956253e-05,44.086898070957446,35.06318598802837,11704.0,416.0,5168.0,19752.0,57624.0,92176.0
full_88blocks_v2,R04_8k256_L4096,4K,8k256,4096,Owlii,Model,Official_Full,8.0,657755.0,186840.0,0.28405713373520536,0.0002096567098874201,36.78491233806804,4.646795144407873e-05,43.32846473123521,3.0865627730537963e-05,45.105248861312944,38.64289845261955,11704.0,416.0,5168.0,19752.0,57624.0,92176.0
full_88blocks_v2,R05_8k256_L2048,2K,8k256,2048,8i,Longdress,B_unpool,16.0,857966.0,201304.0,0.23462934428637033,0.0027626571559245935,25.5867300742103,0.0006977302721284993,31.563124340609072,0.0006487725615774984,31.879075259477467,27.120322505668547,19568.0,464.0,11344.0,40032.0,129896.0,244536.0
full_88blocks_v2,R05_8k256_L2048,2K,8k256,2048,8i,Longdress,B_native,16.0,857966.0,201304.0,0.23462934428637033,0.002577940142593063,25.887271707853042,0.0004009306681371989,33.96930722264465,0.0006655584501466258,31.76813798248718,27.63263443153126,19568.0,464.0,11344.0,40032.0,129896.0,244536.0
full_88blocks_v2,R05_8k256_L2048,2K,8k256,2048,8i,Longdress,Canonical_Base,16.0,857966.0,201304.0,0.23462934428637033,0.001982772785743258,27.02727050571124,0.0003471507711737994,34.59481865648235,0.0005868578821205036,32.31467058009032,28.634139033855014,19568.0,464.0,11344.0,40032.0,129896.0,244536.0
full_88blocks_v2,R05_8k256_L2048,2K,8k256,2048,8i,Longdress,Official_Full,16.0,857966.0,445840.0,0.519647631724334,0.0005248029372107985,32.80003742971435,0.0001965499634783896,37.065270325416044,0.00031370932975980395,35.03472565130919,33.61252756937642,19568.0,464.0,11344.0,40032.0,129896.0,244536.0
full_88blocks_v2,R05_8k256_L2048,2K,8k256,2048,8i,Loot,B_unpool,16.0,805285.0,72304.0,0.08978684565091861,0.001099229460650577,29.58911640522405,0.0009018383521039134,30.448712995762097,3.0611850707513496e-05,45.141104133701944,31.64056444510104,14384.0,200.0,3984.0,14568.0,39168.0,24976.0
full_88blocks_v2,R05_8k256_L2048,2K,8k256,2048,8i,Loot,B_native,16.0,805285.0,72304.0,0.08978684565091861,0.0007572783466573945,31.207444610568782,6.001453435404857e-05,42.217435591937765,2.115371828122963e-05,46.74613283745718,34.52602951160095,14384.0,200.0,3984.0,14568.0,39168.0,24976.0
full_88blocks_v2,R05_8k256_L2048,2K,8k256,2048,8i,Loot,Canonical_Base,16.0,805285.0,72304.0,0.08978684565091861,0.0002609742201604401,35.83402391493278,1.443370935316068e-05,48.406220441947774,1.4916382777476298e-05,48.26336480498932,38.959216092066725,14384.0,200.0,3984.0,14568.0,39168.0,24976.0
full_88blocks_v2,R05_8k256_L2048,2K,8k256,2048,8i,Loot,Official_Full,16.0,805285.0,97280.0,0.12080195210391352,0.00019464816047958176,37.107496962219145,1.4544181308344252e-05,48.3731072015603,1.4318465953606488e-05,48.44103508813879,39.93239050787675,14384.0,200.0,3984.0,14568.0,39168.0,24976.0
full_88blocks_v2,R05_8k256_L2048,2K,8k256,2048,8i,Redandblack,B_unpool,8.0,757691.0,118504.0,0.15640148820561417,0.001150669854207058,29.390492646093243,0.0008105345070114335,30.912284911354625,0.0007210728060487719,31.42020882757834,29.834431201936553,14888.0,248.0,7712.0,26528.0,69128.0,80616.0
full_88blocks_v2,R05_8k256_L2048,2K,8k256,2048,8i,Redandblack,B_native,8.0,757691.0,118504.0,0.15640148820561417,0.0007715275110315419,31.126485833063814,0.00013500294006118588,38.69656773442432,0.0005761407155828696,32.394714323101084,32.23127463198854,14888.0,248.0,7712.0,26528.0,69128.0,80616.0
full_88blocks_v2,R05_8k256_L2048,2K,8k256,2048,8i,Redandblack,Canonical_Base,8.0,757691.0,118504.0,0.15640148820561417,0.00037977127827610457,34.20477883616571,0.00012073576567030623,39.18164059377585,0.0005746371677082081,32.4060628713533,34.60204706026543,14888.0,248.0,7712.0,26528.0,69128.0,80616.0
full_88blocks_v2,R05_8k256_L2048,2K,8k256,2048,8i,Redandblack,Official_Full,8.0,757691.0,199120.0,0.26279842310387747,0.00020247816430259827,36.93621805210854,9.173927481321542e-05,40.37444697230673,0.0003794723492724606,34.20819864026444,37.0249942406528,14888.0,248.0,7712.0,26528.0,69128.0,80616.0
full_88blocks_v2,R05_8k256_L2048,2K,8k256,2048,8i,Soldier,B_unpool,16.0,1089091.0,160592.0,0.14745507951126213,0.001162867611865308,29.34469725262147,0.0006620318252368259,31.791211326259816,2.321135121849322e-05,46.34299576922176,31.775298826401297,21912.0,232.0,8360.0,31656.0,98432.0,58792.0
full_88blocks_v2,R05_8k256_L2048,2K,8k256,2048,8i,Soldier,B_native,16.0,1089091.0,160592.0,0.14745507951126213,0.001103081005497245,29.573925936806766,4.755109553692024e-05,43.228394728347006,1.958460655528326e-05,47.08085148782225,33.46910022962623,21912.0,232.0,8360.0,31656.0,98432.0,58792.0
full_88blocks_v2,R05_8k256_L2048,2K,8k256,2048,8i,Soldier,Canonical_Base,16.0,1089091.0,160592.0,0.14745507951126213,0.0004221237953632892,33.74560165723598,1.6855029800815543e-05,47.73270475280754,1.3789946344263244e-05,48.604374236309475,37.351336116566614,21912.0,232.0,8360.0,31656.0,98432.0,58792.0
full_88blocks_v2,R05_8k256_L2048,2K,8k256,2048,8i,Soldier,Official_Full,16.0,1089091.0,219384.0,0.20143771273474853,0.00028412088710860707,35.46496838003321,1.7415438614863222e-05,47.59065583185877,1.3155742231181783e-05,48.808846445138045,38.64866406964951,21912.0,232.0,8360.0,31656.0,98432.0,58792.0
full_88blocks_v2,R05_8k256_L2048,2K,8k256,2048,Owlii,Basketball,B_unpool,8.0,796217.0,66088.0,0.08300249806271406,0.0013528950591610075,28.687358892817826,0.0010200656200947732,29.91371889484749,3.794014930063036e-05,44.20900964424891,30.780860237000418,13976.0,240.0,4544.0,14472.0,32856.0,20104.0
full_88blocks_v2,R05_8k256_L2048,2K,8k256,2048,Owlii,Basketball,B_native,8.0,796217.0,66088.0,0.08300249806271406,0.0007622382077988791,31.179092856605028,8.989626514668741e-05,40.46258351202016,2.5429594416723078e-05,45.946605664457536,34.18546828951348,13976.0,240.0,4544.0,14472.0,32856.0,20104.0
full_88blocks_v2,R05_8k256_L2048,2K,8k256,2048,Owlii,Basketball,Canonical_Base,8.0,796217.0,66088.0,0.08300249806271406,0.00024883722318287606,36.04084653668714,4.221945741173574e-05,43.74487352378512,1.8498394446237647e-05,47.32865964213126,38.4148265482549,13976.0,240.0,4544.0,14472.0,32856.0,20104.0
full_88blocks_v2,R05_8k256_L2048,2K,8k256,2048,Owlii,Basketball,Official_Full,8.0,796217.0,86192.0,0.10825189615393793,0.0001730853654719756,37.617396505731826,4.1136931752399154e-05,43.85768103810348,1.8054243326254023e-05,47.43420708628392,39.62453339484729,13976.0,240.0,4544.0,14472.0,32856.0,20104.0
full_88blocks_v2,R05_8k256_L2048,2K,8k256,2048,Owlii,Dancer,B_unpool,8.0,702038.0,70408.0,0.10029086744592174,0.0015269669249955132,28.16170369916405,0.0009906088858551816,30.04097780673607,4.4378659410031936e-05,43.52825821067941,30.317432276549972,12728.0,432.0,4232.0,14848.0,38168.0,25088.0
full_88blocks_v2,R05_8k256_L2048,2K,8k256,2048,Owlii,Dancer,B_native,8.0,702038.0,70408.0,0.10029086744592174,0.001006752919012931,29.970771025108256,8.476424957196049e-05,40.71787278490392,3.2694616551810585e-05,44.855237517530995,33.17471705663556,12728.0,432.0,4232.0,14848.0,38168.0,25088.0
full_88blocks_v2,R05_8k256_L2048,2K,8k256,2048,Owlii,Dancer,Canonical_Base,8.0,702038.0,70408.0,0.10029086744592174,0.0003872324492149998,34.12028256930433,3.993805968893422e-05,43.98613038285005,2.3282086778493474e-05,46.32978096368859,36.879700845295574,12728.0,432.0,4232.0,14848.0,38168.0,25088.0
full_88blocks_v2,R05_8k256_L2048,2K,8k256,2048,Owlii,Dancer,Official_Full,8.0,702038.0,95496.0,0.13602682475877373,0.00021203791967101492,36.73586465338984,3.4742382298536544e-05,44.5914040512796,2.098984014996339e-05,46.779908688141305,38.973312582469994,12728.0,432.0,4232.0,14848.0,38168.0,25088.0
full_88blocks_v2,R05_8k256_L2048,2K,8k256,2048,Owlii,Exercise,B_unpool,8.0,645135.0,41696.0,0.06463143373092453,0.001334616291923396,28.74643577934787,0.0010870375153262497,29.637554674886537,4.0616830527409e-05,43.91293969118345,30.75363863026965,10016.0,136.0,3120.0,9800.0,18624.0,9200.0
full_88blocks_v2,R05_8k256_L2048,2K,8k256,2048,Owlii,Exercise,B_native,8.0,645135.0,41696.0,0.06463143373092453,0.0007186595928728095,31.434767729611174,9.009788744340331e-05,40.452853919557725,2.5324480898726622e-05,45.96459448045831,34.37825684721039,10016.0,136.0,3120.0,9800.0,18624.0,9200.0
full_88blocks_v2,R05_8k256_L2048,2K,8k256,2048,Owlii,Exercise,Canonical_Base,8.0,645135.0,41696.0,0.06463143373092453,0.0002489718622474366,36.038497322664156,3.9654090365892405e-05,44.01712008050972,1.8568441261441404e-05,47.31224551831974,38.4450436918518,10016.0,136.0,3120.0,9800.0,18624.0,9200.0
full_88blocks_v2,R05_8k256_L2048,2K,8k256,2048,Owlii,Exercise,Official_Full,8.0,645135.0,50896.0,0.07889201484960512,0.00020701579921411802,36.83996508409402,3.891225437885093e-05,44.09913607645666,1.8347779528315777e-05,47.36416487103994,39.062886431507586,10016.0,136.0,3120.0,9800.0,18624.0,9200.0
full_88blocks_v2,R05_8k256_L2048,2K,8k256,2048,Owlii,Model,B_unpool,8.0,657755.0,80304.0,0.12208801149364125,0.0016776578765041695,27.752965998216695,0.0007690917920137438,31.14021823545768,6.562872551208277e-05,41.8290602951489,29.935884314988343,11704.0,272.0,4480.0,16768.0,47080.0,58656.0
full_88blocks_v2,R05_8k256_L2048,2K,8k256,2048,Owlii,Model,B_native,8.0,657755.0,80304.0,0.12208801149364125,0.0012192256732886865,29.139159009501626,0.00010626452441425758,39.73611697118969,6.047418967031798e-05,42.18429942297496,32.0944213063968,11704.0,272.0,4480.0,16768.0,47080.0,58656.0
full_88blocks_v2,R05_8k256_L2048,2K,8k256,2048,Owlii,Model,Canonical_Base,8.0,657755.0,80304.0,0.12208801149364125,0.0006192706547164218,32.08119499348872,6.123382753396021e-05,42.130085933337384,4.323737698991266e-05,43.64140660541112,34.782332812460105,11704.0,272.0,4480.0,16768.0,47080.0,58656.0
full_88blocks_v2,R05_8k256_L2048,2K,8k256,2048,Owlii,Model,Official_Full,8.0,657755.0,138960.0,0.21126407248899667,0.000288831589628357,35.393553095407086,5.1800414805968795e-05,42.85666762509169,3.698193158227608e-05,44.32010409195882,37.44226128618663,11704.0,272.0,4480.0,16768.0,47080.0,58656.0
full_88blocks_v2,R06_2k128_L1024,1K,2k128,1024,8i,Longdress,B_unpool,16.0,857966.0,164904.0,0.19220342064837068,0.0029846593427595033,25.251052303645647,0.0010522478535000223,29.77881951504432,0.0008161330898671976,30.882390134497932,26.520940433927016,19568.0,184.0,9856.0,32960.0,102336.0,137120.0
full_88blocks_v2,R06_2k128_L1024,1K,2k128,1024,8i,Longdress,B_native,16.0,857966.0,164904.0,0.19220342064837068,0.0024720754730956705,26.06938274259345,0.00048823814606872536,33.11368292145456,0.000821348716694834,30.85472417079814,27.548087943476677,19568.0,184.0,9856.0,32960.0,102336.0,137120.0
full_88blocks_v2,R06_2k128_L1024,1K,2k128,1024,8i,Longdress,Canonical_Base,16.0,857966.0,164904.0,0.19220342064837068,0.0018345115780776858,27.364795429544312,0.00041750636808976114,33.79336895976423,0.0007094116061120137,31.491017106636644,28.68414483045834,19568.0,184.0,9856.0,32960.0,102336.0,137120.0
full_88blocks_v2,R06_2k128_L1024,1K,2k128,1024,8i,Longdress,Official_Full,16.0,857966.0,302024.0,0.35202327364953856,0.0007447975407825018,31.279617660040934,0.00031166766358200674,35.063082546894805,0.0005279028594550367,32.77445985579681,31.93940604536715,19568.0,184.0,9856.0,32960.0,102336.0,137120.0
full_88blocks_v2,R06_2k128_L1024,1K,2k128,1024,8i,Loot,B_unpool,16.0,805285.0,51768.0,0.064285315136877,0.0015143701113518816,28.197679704937077,0.0013200968257176032,28.79394213239103,7.849393488143948e-05,41.051638992965934,29.87895741937243,14384.0,128.0,3264.0,11176.0,22816.0,6568.0
full_88blocks_v2,R06_2k128_L1024,1K,2k128,1024,8i,Loot,B_native,16.0,805285.0,51768.0,0.064285315136877,0.0008467139734491516,30.72263272941486,7.885498019570711e-05,41.03170872998193,4.797279006351789e-05,43.19005022539873,33.56969441648373,14384.0,128.0,3264.0,11176.0,22816.0,6568.0
full_88blocks_v2,R06_2k128_L1024,1K,2k128,1024,8i,Loot,Canonical_Base,16.0,805285.0,51768.0,0.064285315136877,0.0003352730807653191,34.74601314881348,1.764290125803908e-05,47.534299964858356,2.030413513449276e-05,46.92415504785953,37.866816738199844,14384.0,128.0,3264.0,11176.0,22816.0,6568.0
full_88blocks_v2,R06_2k128_L1024,1K,2k128,1024,8i,Loot,Official_Full,16.0,805285.0,58336.0,0.0724414337781034,0.000308469507828036,35.10787759463859,1.847415709258213e-05,47.33435367731048,2.1592814539436347e-05,46.656907453786324,38.07981583736605,14384.0,128.0,3264.0,11176.0,22816.0,6568.0
full_88blocks_v2,R06_2k128_L1024,1K,2k128,1024,8i,Redandblack,B_unpool,8.0,757691.0,89136.0,0.11764162435610295,0.001448806207213759,28.38989702014188,0.0011565454140394962,29.36837309128108,0.00104444145005233,29.811159009511712,28.68986427770551,14888.0,128.0,6440.0,20992.0,46688.0,28440.0
full_88blocks_v2,R06_2k128_L1024,1K,2k128,1024,8i,Redandblack,B_native,8.0,757691.0,89136.0,0.11764162435610295,0.0008670209659716164,30.619704004526383,0.00014806023306202662,38.29561571329121,0.0009256223239386505,30.33566179719167,31.543687692205147,14888.0,128.0,6440.0,20992.0,46688.0,28440.0
full_88blocks_v2,R06_2k128_L1024,1K,2k128,1024,8i,Redandblack,Canonical_Base,8.0,757691.0,89136.0,0.11764162435610295,0.00038672128575897033,34.12601923005163,0.00011458581873309831,39.40869127805443,0.0008326007741867067,30.79563189624045,34.37005481932558,14888.0,128.0,6440.0,20992.0,46688.0,28440.0
full_88blocks_v2,R06_2k128_L1024,1K,2k128,1024,8i,Redandblack,Official_Full,8.0,757691.0,117576.0,0.1551767145181875,0.0002987282410190962,35.2472371834334,0.00010941055453647991,39.60940780782725,0.0008129770307341648,30.899217244752105,35.249006019147465,14888.0,128.0,6440.0,20992.0,46688.0,28440.0
full_88blocks_v2,R06_2k128_L1024,1K,2k128,1024,8i,Soldier,B_unpool,16.0,1089091.0,127456.0,0.1170297064248993,0.0016401965119627285,27.851041160082165,0.0011501855993429383,29.392320741970394,6.228043471546455e-05,42.0564836473159,29.81938141872241,21912.0,144.0,7320.0,27736.0,70344.0,18080.0
full_88blocks_v2,R06_2k128_L1024,1K,2k128,1024,8i,Soldier,B_native,16.0,1089091.0,127456.0,0.1170297064248993,0.0012363224046659097,29.07868260388842,7.491573209998064e-05,41.25426972063268,4.4700712065015684e-05,43.49685558670211,32.402902616333165,21912.0,144.0,7320.0,27736.0,70344.0,18080.0
full_88blocks_v2,R06_2k128_L1024,1K,2k128,1024,8i,Soldier,Canonical_Base,16.0,1089091.0,127456.0,0.1170297064248993,0.0005175165009957847,32.860757981857006,2.109267214328279e-05,46.75868397805787,1.8732072895616622e-05,47.27414160835374,36.399671684694205,21912.0,144.0,7320.0,27736.0,70344.0,18080.0
full_88blocks_v2,R06_2k128_L1024,1K,2k128,1024,8i,Soldier,Official_Full,16.0,1089091.0,145536.0,0.13363070670862215,0.00044612520765390586,33.50543236889072,2.2029534955205766e-05,46.56994670734831,1.931466633436508e-05,47.14112789998876,36.84295860258518,21912.0,144.0,7320.0,27736.0,70344.0,18080.0
full_88blocks_v2,R06_2k128_L1024,1K,2k128,1024,Owlii,Basketball,B_unpool,8.0,796217.0,51032.0,0.06409308015277242,0.001722605093159277,27.638142730564002,0.0014024213108989132,28.53121497416627,8.734171145617338e-05,40.58778302354113,29.368481797636427,13976.0,104.0,3920.0,11672.0,21360.0,8368.0
full_88blocks_v2,R06_2k128_L1024,1K,2k128,1024,Owlii,Basketball,B_native,8.0,796217.0,51032.0,0.06409308015277242,0.0008042024810346928,30.94634591394741,0.00010522345822206761,39.7788742899694,5.03024480988223e-05,42.98410878364795,33.555132319662725,13976.0,104.0,3920.0,11672.0,21360.0,8368.0
full_88blocks_v2,R06_2k128_L1024,1K,2k128,1024,Owlii,Basketball,Canonical_Base,8.0,796217.0,51032.0,0.06409308015277242,0.0003031816086544246,35.182971470444414,4.494633266961143e-05,43.47305738109314,2.303457396827749e-05,46.37619815750664,37.61838554515828,13976.0,104.0,3920.0,11672.0,21360.0,8368.0
full_88blocks_v2,R06_2k128_L1024,1K,2k128,1024,Owlii,Basketball,Official_Full,8.0,796217.0,59400.0,0.07460277788592808,0.0002593018639843158,35.86194361305492,4.5393593445505435e-05,43.43005436296988,2.41580128398414e-05,46.16938792243989,38.09638799546741,13976.0,104.0,3920.0,11672.0,21360.0,8368.0
full_88blocks_v2,R06_2k128_L1024,1K,2k128,1024,Owlii,Dancer,B_unpool,8.0,702038.0,53112.0,0.07565402442602823,0.0020074117147504834,26.97363545745329,0.0014619333296488222,28.3507243259419,0.00010403475267222001,39.828215609645355,28.752594085038375,12728.0,248.0,3712.0,12304.0,24120.0,11960.0
full_88blocks_v2,R06_2k128_L1024,1K,2k128,1024,Owlii,Dancer,B_native,8.0,702038.0,53112.0,0.07565402442602823,0.0010479624444246609,29.796542807791845,0.00010311122093390955,39.866940706572194,6.546963665129237e-05,41.83960069354109,32.560724780858045,12728.0,248.0,3712.0,12304.0,24120.0,11960.0
full_88blocks_v2,R06_2k128_L1024,1K,2k128,1024,Owlii,Dancer,Canonical_Base,8.0,702038.0,53112.0,0.07565402442602823,0.0004624853284295152,33.34902039969637,4.1526221652958956e-05,43.816775822520135,3.1861493494226805e-05,44.967338706849375,36.10977961594347,12728.0,248.0,3712.0,12304.0,24120.0,11960.0
full_88blocks_v2,R06_2k128_L1024,1K,2k128,1024,Owlii,Dancer,Official_Full,8.0,702038.0,65072.0,0.0926901392802099,0.00032007044801705893,34.94754422249475,4.080043253997647e-05,43.893352327745994,3.317438101456046e-05,44.79197171687902,37.29632367244919,12728.0,248.0,3712.0,12304.0,24120.0,11960.0
full_88blocks_v2,R06_2k128_L1024,1K,2k128,1024,Owlii,Exercise,B_unpool,8.0,645135.0,30104.0,0.046663101521386995,0.001718981455974331,27.64728808369062,0.0014764002270222514,28.307958966960342,9.492427290117573e-05,40.22622720774592,29.302239334606245,10016.0,64.0,2528.0,7256.0,10240.0,3856.0
full_88blocks_v2,R06_2k128_L1024,1K,2k128,1024,Owlii,Exercise,B_native,8.0,645135.0,30104.0,0.046663101521386995,0.0007720833321320345,31.123358230684353,0.00010338204789230161,39.85554869155007,5.1059006653336126e-05,42.919276385950496,33.68937180770084,10016.0,64.0,2528.0,7256.0,10240.0,3856.0
full_88blocks_v2,R06_2k128_L1024,1K,2k128,1024,Owlii,Exercise,Canonical_Base,8.0,645135.0,30104.0,0.046663101521386995,0.00029829900610879893,35.25348193644921,4.404002766568238e-05,43.56152416879,2.1703768588589984e-05,46.63464849786186,37.71463303566839,10016.0,64.0,2528.0,7256.0,10240.0,3856.0
full_88blocks_v2,R06_2k128_L1024,1K,2k128,1024,Owlii,Exercise,Official_Full,8.0,645135.0,33960.0,0.05264014508591225,0.0002747649271501314,35.61038704353664,4.530018562006401e-05,43.439000184374024,2.305455724367768e-05,46.37243213868516,37.93421932303488,10016.0,64.0,2528.0,7256.0,10240.0,3856.0
full_88blocks_v2,R06_2k128_L1024,1K,2k128,1024,Owlii,Model,B_unpool,8.0,657755.0,66208.0,0.10065753966142409,0.002076547971205084,26.826580316193507,0.0011360079174267015,29.44618641791598,0.00011114216279024866,39.54121156239398,28.743359984683874,11704.0,128.0,4128.0,14240.0,36008.0,29992.0
full_88blocks_v2,R06_2k128_L1024,1K,2k128,1024,Owlii,Model,B_native,8.0,657755.0,66208.0,0.10065753966142409,0.0012762421434211826,28.940669184245863,0.00012078876659546485,39.17973453400746,8.620294369149607e-05,40.64477903465951,31.683566084267767,11704.0,128.0,4128.0,14240.0,36008.0,29992.0
full_88blocks_v2,R06_2k128_L1024,1K,2k128,1024,Owlii,Model,Canonical_Base,8.0,657755.0,66208.0,0.10065753966142409,0.0006917732874185678,31.600362121260765,6.344366031896376e-05,41.97611768778878,5.457136129090619e-05,42.63035212539834,34.276080317593966,11704.0,128.0,4128.0,14240.0,36008.0,29992.0
full_88blocks_v2,R06_2k128_L1024,1K,2k128,1024,Owlii,Model,Official_Full,8.0,657755.0,96200.0,0.14625506457571588,0.0004405567350168376,33.55998155088208,5.930930636224734e-05,42.26877155123805,5.471632471573762e-05,42.618830817791704,35.78093645929028,11704.0,128.0,4128.0,14240.0,36008.0,29992.0
external_family_probes_88blocks,DIAGNOSTIC_32k8k_L4096_OUT_OF_RANGE_UNKNOWN,4K_alt,32k8k,4096,8i,Longdress,B_unpool,16.0,857966.0,408304.0,0.475897646293676,0.0010639117106994915,29.730944107129243,0.00023045701721350264,36.374100634530876,0.00029382350954152033,35.31913458186071,31.259862482395878,19568.0,6088.0,27360.0,93040.0,262248.0,542784.0
external_family_probes_88blocks,DIAGNOSTIC_32k8k_L4096_OUT_OF_RANGE_UNKNOWN,4K_alt,32k8k,4096,8i,Longdress,B_native,16.0,857966.0,408304.0,0.475897646293676,0.0008856496933036973,30.52738023427766,0.0002071035329739174,36.83812492424801,0.00024733059633948195,36.06722155375556,32.008703485458696,19568.0,6088.0,27360.0,93040.0,262248.0,542784.0
external_family_probes_88blocks,DIAGNOSTIC_32k8k_L4096_OUT_OF_RANGE_UNKNOWN,4K_alt,32k8k,4096,8i,Longdress,Official_Full,16.0,857966.0,951088.0,1.1085381005774122,0.0002005520980108769,36.977727904273806,9.363765117533795e-05,40.285494887642166,0.00010114904487019299,39.95038213828057,37.7627805564457,19568.0,6088.0,27360.0,93040.0,262248.0,542784.0
external_family_probes_88blocks,DIAGNOSTIC_32k8k_L4096_OUT_OF_RANGE_UNKNOWN,4K_alt,32k8k,4096,8i,Loot,B_unpool,16.0,805285.0,109536.0,0.13602140856963685,0.00024386927651191815,36.128429101487725,1.210084266410029e-05,49.171843857474954,1.2352830732299744e-05,49.08233509566462,39.37809419525824,14384.0,1944.0,7112.0,25896.0,60200.0,92776.0
external_family_probes_88blocks,DIAGNOSTIC_32k8k_L4096_OUT_OF_RANGE_UNKNOWN,4K_alt,32k8k,4096,8i,Loot,B_native,16.0,805285.0,109536.0,0.13602140856963685,0.00020411544138472715,36.90124139553826,1.2277788006519431e-05,49.108798696031926,1.1800428870288159e-05,49.281022085739636,39.97465864437514,14384.0,1944.0,7112.0,25896.0,60200.0,92776.0
external_family_probes_88blocks,DIAGNOSTIC_32k8k_L4096_OUT_OF_RANGE_UNKNOWN,4K_alt,32k8k,4096,8i,Loot,Official_Full,16.0,805285.0,202312.0,0.25123030976610766,9.994538446351293e-05,40.00237257056732,1.1517823433095115e-05,49.38629583439403,1.149478003213769e-05,49.394993351161325,42.3494405761199,14384.0,1944.0,7112.0,25896.0,60200.0,92776.0
external_family_probes_88blocks,DIAGNOSTIC_32k8k_L4096_OUT_OF_RANGE_UNKNOWN,4K_alt,32k8k,4096,8i,Redandblack,B_unpool,8.0,757691.0,182496.0,0.24085808066876865,0.0002741897948995039,35.6194871330037,7.396333132160737e-05,41.30983536371578,0.0003703986204753653,34.31330639487544,36.16750806957668,14888.0,3072.0,13104.0,41856.0,109576.0,190184.0
external_family_probes_88blocks,DIAGNOSTIC_32k8k_L4096_OUT_OF_RANGE_UNKNOWN,4K_alt,32k8k,4096,8i,Redandblack,B_native,8.0,757691.0,182496.0,0.24085808066876865,0.00023201888356559597,36.3447666728757,6.935518351834718e-05,41.589210747595786,0.0002978434991875316,35.260118744900765,36.86474119121884,14888.0,3072.0,13104.0,41856.0,109576.0,190184.0
external_family_probes_88blocks,DIAGNOSTIC_32k8k_L4096_OUT_OF_RANGE_UNKNOWN,4K_alt,32k8k,4096,8i,Redandblack,Official_Full,8.0,757691.0,372680.0,0.4918627778342359,0.00010982260439347966,39.59308261406961,5.366873841288864e-05,42.7027861352162,0.00011440812118172184,39.41543146353964,39.95958916039668,14888.0,3072.0,13104.0,41856.0,109576.0,190184.0
external_family_probes_88blocks,DIAGNOSTIC_32k8k_L4096_OUT_OF_RANGE_UNKNOWN,4K_alt,32k8k,4096,8i,Soldier,B_unpool,16.0,1089091.0,247008.0,0.22680198440717994,0.0004250278763849853,33.71582584859928,1.7599406843046176e-05,47.54501969068404,1.381590521183262e-05,48.596206550381126,37.304522666582606,21912.0,5480.0,20560.0,61736.0,137320.0,209208.0
external_family_probes_88blocks,DIAGNOSTIC_32k8k_L4096_OUT_OF_RANGE_UNKNOWN,4K_alt,32k8k,4096,8i,Soldier,B_native,16.0,1089091.0,247008.0,0.22680198440717994,0.0003308656654237341,34.803482980884766,1.763324386759233e-05,47.536677861576074,1.3554176583279084e-05,48.67926860687719,38.12960554422023,21912.0,5480.0,20560.0,61736.0,137320.0,209208.0
external_family_probes_88blocks,DIAGNOSTIC_32k8k_L4096_OUT_OF_RANGE_UNKNOWN,4K_alt,32k8k,4096,8i,Soldier,Official_Full,16.0,1089091.0,456216.0,0.41889612530082426,0.00012775886500852545,38.93608955062466,1.7057043300054815e-05,47.680962480663084,1.3412313723150773e-05,48.72496296680755,41.25280784390232,21912.0,5480.0,20560.0,61736.0,137320.0,209208.0
external_family_probes_88blocks,DIAGNOSTIC_32k8k_L4096_OUT_OF_RANGE_UNKNOWN,4K_alt,32k8k,4096,Owlii,Basketball,B_unpool,8.0,796217.0,104264.0,0.1309492261531718,0.00028355522058057036,35.47362352439127,3.722044670171574e-05,44.29218418982628,1.5889271221049037e-05,47.988960217312766,38.14036069418583,13976.0,2608.0,8312.0,24152.0,55216.0,107944.0
external_family_probes_88blocks,DIAGNOSTIC_32k8k_L4096_OUT_OF_RANGE_UNKNOWN,4K_alt,32k8k,4096,Owlii,Basketball,B_native,8.0,796217.0,104264.0,0.1309492261531718,0.00022676472916051779,36.44424494409501,3.714184611443865e-05,44.30136513698342,1.5408522929867108e-05,48.122389910125094,38.88615308895982,13976.0,2608.0,8312.0,24152.0,55216.0,107944.0
external_family_probes_88blocks,DIAGNOSTIC_32k8k_L4096_OUT_OF_RANGE_UNKNOWN,4K_alt,32k8k,4096,Owlii,Basketball,Official_Full,8.0,796217.0,212208.0,0.26652030790601056,8.257739142821618e-05,40.83138840354812,3.227373560248023e-05,44.911507632094015,1.4010138690156076e-05,48.53557565494286,42.3044267135407,13976.0,2608.0,8312.0,24152.0,55216.0,107944.0
external_family_probes_88blocks,DIAGNOSTIC_32k8k_L4096_OUT_OF_RANGE_UNKNOWN,4K_alt,32k8k,4096,Owlii,Dancer,B_unpool,8.0,702038.0,115040.0,0.16386577364758034,0.00036295557403872723,34.401465295935864,3.1185053166922586e-05,45.06053511190166,1.703419855392443e-05,47.68678294840225,37.39451372948989,12728.0,2728.0,9448.0,26672.0,63464.0,122640.0
external_family_probes_88blocks,DIAGNOSTIC_32k8k_L4096_OUT_OF_RANGE_UNKNOWN,4K_alt,32k8k,4096,Owlii,Dancer,B_native,8.0,702038.0,115040.0,0.16386577364758034,0.00028809889255140033,35.40458411139026,3.101090234203847e-05,45.08485596662815,1.6154160100307958e-05,47.91715617236804,38.17868960091722,12728.0,2728.0,9448.0,26672.0,63464.0,122640.0
external_family_probes_88blocks,DIAGNOSTIC_32k8k_L4096_OUT_OF_RANGE_UNKNOWN,4K_alt,32k8k,4096,Owlii,Dancer,Official_Full,8.0,702038.0,237680.0,0.33855717211888814,9.324104941142785e-05,40.30392847216802,2.5085833753016217e-05,46.005714601807036,1.3084261179950374e-05,48.83250795341987,42.08272417352937,12728.0,2728.0,9448.0,26672.0,63464.0,122640.0
external_family_probes_88blocks,DIAGNOSTIC_32k8k_L4096_OUT_OF_RANGE_UNKNOWN,4K_alt,32k8k,4096,Owlii,Exercise,B_unpool,8.0,645135.0,69552.0,0.10780999325722523,0.0002475040208747007,36.064177412576434,3.528475739015865e-05,44.52412864328121,1.628132860071148e-05,47.88310158389418,38.599036837829246,10016.0,1488.0,4792.0,14568.0,38688.0,98184.0
external_family_probes_88blocks,DIAGNOSTIC_32k8k_L4096_OUT_OF_RANGE_UNKNOWN,4K_alt,32k8k,4096,Owlii,Exercise,B_native,8.0,645135.0,69552.0,0.10780999325722523,0.00021736364937261193,36.62813083050402,3.5019794767761787e-05,44.55686403412188,1.586993873325738e-05,47.994247498588635,39.03998706446683,10016.0,1488.0,4792.0,14568.0,38688.0,98184.0
external_family_probes_88blocks,DIAGNOSTIC_32k8k_L4096_OUT_OF_RANGE_UNKNOWN,4K_alt,32k8k,4096,Owlii,Exercise,Official_Full,8.0,645135.0,167736.0,0.26000139505684855,0.00010806277457152379,39.6632388590257,3.131320666421757e-05,45.04272455689845,1.4770472290915855e-05,48.30605617751064,41.41602673607041,10016.0,1488.0,4792.0,14568.0,38688.0,98184.0
external_family_probes_88blocks,DIAGNOSTIC_32k8k_L4096_OUT_OF_RANGE_UNKNOWN,4K_alt,32k8k,4096,Owlii,Model,B_unpool,8.0,657755.0,149288.0,0.2269659675715122,0.0005772385831821879,32.38644647947398,4.6947089876169695e-05,43.28391323310367,2.9844542348898912e-05,45.2513507640949,35.356742859255306,11704.0,3528.0,11936.0,35144.0,86976.0,187144.0
external_family_probes_88blocks,DIAGNOSTIC_32k8k_L4096_OUT_OF_RANGE_UNKNOWN,4K_alt,32k8k,4096,Owlii,Model,B_native,8.0,657755.0,149288.0,0.2269659675715122,0.00045354841663385303,33.43376344867289,4.6176450650166096e-05,43.35579452152665,2.7948890916678702e-05,45.5363542134905,36.18684117838181,11704.0,3528.0,11936.0,35144.0,86976.0,187144.0
external_family_probes_88blocks,DIAGNOSTIC_32k8k_L4096_OUT_OF_RANGE_UNKNOWN,4K_alt,32k8k,4096,Owlii,Model,Official_Full,8.0,657755.0,336432.0,0.5114852794733601,0.00011831184985169249,39.26971755224389,3.564648287979566e-05,44.47983314094007,1.98659333592295e-05,47.0189102571355,40.889631088942366,11704.0,3528.0,11936.0,35144.0,86976.0,187144.0
external_family_probes_88blocks,DIAGNOSTIC_2k128_L2048_RANGE_UNKNOWN,2K_alt,2k128,2048,8i,Longdress,B_unpool,16.0,857966.0,190064.0,0.2215285920421089,0.003044365585326225,25.16503196133941,0.0006520149529958063,31.857424442541213,0.0007869454807101913,31.040553543587038,26.736021219270587,19568.0,208.0,11104.0,37576.0,121608.0,210128.0
external_family_probes_88blocks,DIAGNOSTIC_2k128_L2048_RANGE_UNKNOWN,2K_alt,2k128,2048,8i,Longdress,B_native,16.0,857966.0,190064.0,0.2215285920421089,0.002292969779317595,26.39601669108743,0.00044068144777427074,33.558752324464166,0.0007914291128467795,31.015879781840184,27.868841531603614,19568.0,208.0,11104.0,37576.0,121608.0,210128.0
external_family_probes_88blocks,DIAGNOSTIC_2k128_L2048_RANGE_UNKNOWN,2K_alt,2k128,2048,8i,Longdress,Official_Full,16.0,857966.0,400192.0,0.4664427261686361,0.000580238376239851,32.36393550890063,0.0002610136091507123,35.83336848121594,0.00045608344489268804,33.409556916753964,32.92831730642171,19568.0,208.0,11104.0,37576.0,121608.0,210128.0
external_family_probes_88blocks,DIAGNOSTIC_2k128_L2048_RANGE_UNKNOWN,2K_alt,2k128,2048,8i,Loot,B_unpool,16.0,805285.0,68056.0,0.08451169461743357,0.0008901406494657171,30.505413658710857,0.0006361190228316682,31.96461616862873,4.628633804752355e-05,43.34547177148987,32.292821236547965,14384.0,128.0,3952.0,14280.0,35312.0,22560.0
external_family_probes_88blocks,DIAGNOSTIC_2k128_L2048_RANGE_UNKNOWN,2K_alt,2k128,2048,8i,Loot,B_native,16.0,805285.0,68056.0,0.08451169461743357,0.000608416489040526,32.157990243983406,3.6170160540678144e-05,44.41649563625002,3.747929242429698e-05,44.26208616800377,35.20331540851927,14384.0,128.0,3952.0,14280.0,35312.0,22560.0
external_family_probes_88blocks,DIAGNOSTIC_2k128_L2048_RANGE_UNKNOWN,2K_alt,2k128,2048,8i,Loot,Official_Full,16.0,805285.0,90616.0,0.112526621009953,0.00021019032508403856,36.7738727812374,1.6894983259218787e-05,47.72242234219508,1.8717545286066423e-05,47.27751107447154,39.45539626301138,14384.0,128.0,3952.0,14280.0,35312.0,22560.0
external_family_probes_88blocks,DIAGNOSTIC_2k128_L2048_RANGE_UNKNOWN,2K_alt,2k128,2048,8i,Redandblack,B_unpool,8.0,757691.0,108760.0,0.14354136448763413,0.0011029642422372707,29.57438567025598,0.0006274243106121096,32.02438657840784,0.000975181200255249,30.10914679727765,29.947480924652673,14888.0,152.0,7424.0,24864.0,61432.0,57312.0
external_family_probes_88blocks,DIAGNOSTIC_2k128_L2048_RANGE_UNKNOWN,2K_alt,2k128,2048,8i,Redandblack,B_native,8.0,757691.0,108760.0,0.14354136448763413,0.0006634663029387969,31.781811297993467,0.00011761631810038656,39.29532420017411,0.0008470165995462529,30.721080784287984,32.588409096552866,14888.0,152.0,7424.0,24864.0,61432.0,57312.0
external_family_probes_88blocks,DIAGNOSTIC_2k128_L2048_RANGE_UNKNOWN,2K_alt,2k128,2048,8i,Redandblack,Official_Full,8.0,757691.0,166072.0,0.21918169808008806,0.0002324926375874862,36.33590795486952,0.00010520018103197742,39.77983512833219,0.0006463363709405285,31.89541404568843,36.211337112904715,14888.0,152.0,7424.0,24864.0,61432.0,57312.0
external_family_probes_88blocks,DIAGNOSTIC_2k128_L2048_RANGE_UNKNOWN,2K_alt,2k128,2048,8i,Soldier,B_unpool,16.0,1089091.0,154616.0,0.14196793472721747,0.0010180125158274194,29.922468825873043,0.00036312246090087976,34.399468870176555,2.9407828917969205e-05,45.31537036824112,32.40620652420699,21912.0,160.0,8640.0,32496.0,91408.0,58240.0
external_family_probes_88blocks,DIAGNOSTIC_2k128_L2048_RANGE_UNKNOWN,2K_alt,2k128,2048,8i,Soldier,B_native,16.0,1089091.0,154616.0,0.14196793472721747,0.0008279575328719087,30.819919382300647,3.411606937960188e-05,44.6704101106497,3.229034511294282e-05,44.90927313302883,34.3123999421853,21912.0,160.0,8640.0,32496.0,91408.0,58240.0
external_family_probes_88blocks,DIAGNOSTIC_2k128_L2048_RANGE_UNKNOWN,2K_alt,2k128,2048,8i,Soldier,Official_Full,16.0,1089091.0,212856.0,0.19544372325177603,0.0002975315407601385,35.264669887522075,2.0040117232260664e-05,46.98099742227198,1.706713997583306e-05,47.67839249639793,38.28092615547529,21912.0,160.0,8640.0,32496.0,91408.0,58240.0
external_family_probes_88blocks,DIAGNOSTIC_2k128_L2048_RANGE_UNKNOWN,2K_alt,2k128,2048,Owlii,Basketball,B_unpool,8.0,796217.0,63592.0,0.0798676742646791,0.001105272186952803,29.565307584176004,0.0007748314252634647,31.10792773676016,5.539888455295479e-05,42.564989796284934,31.383095379762644,13976.0,144.0,4672.0,14664.0,30136.0,18728.0
external_family_probes_88blocks,DIAGNOSTIC_2k128_L2048_RANGE_UNKNOWN,2K_alt,2k128,2048,Owlii,Basketball,B_native,8.0,796217.0,63592.0,0.0798676742646791,0.000617504487004171,32.09359882320812,6.331482302676281e-05,41.9849460269827,4.200202278336182e-05,43.76729793828331,34.78922961306434,13976.0,144.0,4672.0,14664.0,30136.0,18728.0
external_family_probes_88blocks,DIAGNOSTIC_2k128_L2048_RANGE_UNKNOWN,2K_alt,2k128,2048,Owlii,Basketball,Official_Full,8.0,796217.0,82320.0,0.10338890026211447,0.00018656311944984847,37.29174205190112,4.35411436747771e-05,43.61100167735863,2.259277190891428e-05,46.46030482187467,39.22771985133,13976.0,144.0,4672.0,14664.0,30136.0,18728.0
external_family_probes_88blocks,DIAGNOSTIC_2k128_L2048_RANGE_UNKNOWN,2K_alt,2k128,2048,Owlii,Dancer,B_unpool,8.0,702038.0,67104.0,0.0955845694962381,0.0012496523080987069,29.032108043349147,0.0007043621642631881,31.522039807755124,6.641673492973315e-05,41.777224782837656,30.93648910633596,12728.0,360.0,4392.0,14848.0,34776.0,22392.0
external_family_probes_88blocks,DIAGNOSTIC_2k128_L2048_RANGE_UNKNOWN,2K_alt,2k128,2048,Owlii,Dancer,B_native,8.0,702038.0,67104.0,0.0955845694962381,0.0008336941732441833,30.7899323381152,6.179026970691045e-05,42.09079909139406,5.610418801646065e-05,42.510047186983485,33.6675550383836,12728.0,360.0,4392.0,14848.0,34776.0,22392.0
external_family_probes_88blocks,DIAGNOSTIC_2k128_L2048_RANGE_UNKNOWN,2K_alt,2k128,2048,Owlii,Dancer,Official_Full,8.0,702038.0,89496.0,0.12748027884530466,0.000231013174088867,36.36363252701117,3.796480257763825e-05,44.20618854173138,2.9868189772206063e-05,45.24791097977233,38.45448683544634,12728.0,360.0,4392.0,14848.0,34776.0,22392.0
external_family_probes_88blocks,DIAGNOSTIC_2k128_L2048_RANGE_UNKNOWN,2K_alt,2k128,2048,Owlii,Exercise,B_unpool,8.0,645135.0,38640.0,0.059894440698458465,0.0010784323575654708,29.672070899284613,0.0008600852678927665,30.654584911522154,6.230302714997636e-05,42.054908515335796,31.342739852820703,10016.0,104.0,3136.0,9416.0,15968.0,8600.0
external_family_probes_88blocks,DIAGNOSTIC_2k128_L2048_RANGE_UNKNOWN,2K_alt,2k128,2048,Owlii,Exercise,B_native,8.0,645135.0,38640.0,0.059894440698458465,0.0006059615440814714,32.17554936432976,6.095889575654708e-05,42.14962908649785,4.270134336952731e-05,43.695584620055214,34.862313736566456,10016.0,104.0,3136.0,9416.0,15968.0,8600.0
external_family_probes_88blocks,DIAGNOSTIC_2k128_L2048_RANGE_UNKNOWN,2K_alt,2k128,2048,Owlii,Exercise,Official_Full,8.0,645135.0,47240.0,0.07322498391809466,0.00021667680305982468,36.641875807999895,4.185159869670689e-05,43.782879476612365,2.139893109783224e-05,46.69607919637122,38.79127669012287,10016.0,104.0,3136.0,9416.0,15968.0,8600.0
external_family_probes_88blocks,DIAGNOSTIC_2k128_L2048_RANGE_UNKNOWN,2K_alt,2k128,2048,Owlii,Model,B_unpool,8.0,657755.0,77856.0,0.11836626099383508,0.0016315629928316776,27.87396153925711,0.0005559083409065685,32.549968097129764,8.373339618049274e-05,40.771012936891665,30.070593783695514,11704.0,160.0,4728.0,16544.0,44720.0,53800.0
external_family_probes_88blocks,DIAGNOSTIC_2k128_L2048_RANGE_UNKNOWN,2K_alt,2k128,2048,Owlii,Model,B_native,8.0,657755.0,77856.0,0.11836626099383508,0.0010399499892254716,29.829875452451077,8.323394078463865e-05,40.79699542823413,7.593788912224157e-05,41.19541479296615,32.621457866988344,11704.0,160.0,4728.0,16544.0,44720.0,53800.0
external_family_probes_88blocks,DIAGNOSTIC_2k128_L2048_RANGE_UNKNOWN,2K_alt,2k128,2048,Owlii,Model,Official_Full,8.0,657755.0,131656.0,0.2001596339062417,0.00031365959048885983,35.03541428889556,5.740786165547962e-05,42.41028629556716,4.836275908294122e-05,43.154889307162335,36.97220766701285,11704.0,160.0,4728.0,16544.0,44720.0,53800.0
rwtt_reference_88blocks,R03_32k8k_L8192,8K,32k8k,8192,RWTT_Train,train_low,B_unpool,20.0,1072315.0,2856.0,0.0026633964833094755,1.5375701008061995e-06,58.1316507477252,1.000187356424092e-06,59.99918639760311,5.486239756303885e-07,62.60725217044186,58.92454288179953,2064.0,160.0,160.0,160.0,312.0,1240.0
rwtt_reference_88blocks,R03_32k8k_L8192,8K,32k8k,8192,RWTT_Train,train_low,B_native,20.0,1072315.0,2856.0,0.0026633964833094755,1.3686926815730453e-06,58.636940549192,9.412612326285652e-07,60.262898280666796,5.659074852810041e-07,62.47254561596151,59.319635898972535,2064.0,160.0,160.0,160.0,312.0,1240.0
rwtt_reference_88blocks,R03_32k8k_L8192,8K,32k8k,8192,RWTT_Train,train_low,Canonical_Base,20.0,1072315.0,2856.0,0.0026633964833094755,1.2679221963660864e-06,58.96907395291494,9.243438462569302e-07,60.34166445712941,4.143233082733711e-07,63.82660634237861,59.74783931462471,2064.0,160.0,160.0,160.0,312.0,1240.0
rwtt_reference_88blocks,R03_32k8k_L8192,8K,32k8k,8192,RWTT_Train,train_low,Official_Full,20.0,1072315.0,4096.0,0.00381977310771555,1.0585757090780225e-06,59.752780758977565,1.0327258283537955e-06,59.860149611883806,7.010929905391605e-07,61.54224374901206,59.98988473934516,2064.0,160.0,160.0,160.0,312.0,1240.0
rwtt_reference_88blocks,R03_32k8k_L8192,8K,32k8k,8192,RWTT_Train,train_typical,B_unpool,20.0,1440416.0,453048.0,0.3145258036567214,0.0009385878558319263,30.275250693215874,8.6041177254557e-05,40.65293656029111,4.243064967238631e-05,43.72320318528638,33.25345548810909,31392.0,8704.0,31536.0,102672.0,278744.0,747448.0
rwtt_reference_88blocks,R03_32k8k_L8192,8K,32k8k,8192,RWTT_Train,train_typical,B_native,20.0,1440416.0,453048.0,0.3145258036567214,0.0008439570050999157,30.736796776912605,8.096905298545698e-05,40.916809402050546,4.0595831451212696e-05,43.91518559296728,33.65659695706169,31392.0,8704.0,31536.0,102672.0,278744.0,747448.0
rwtt_reference_88blocks,R03_32k8k_L8192,8K,32k8k,8192,RWTT_Train,train_typical,Canonical_Base,20.0,1440416.0,453048.0,0.3145258036567214,0.000733553183626119,31.345683937252172,7.96983682259153e-05,40.9855057041989,4.0532317872281344e-05,43.921985600787295,34.122699366062406,31392.0,8704.0,31536.0,102672.0,278744.0,747448.0
rwtt_reference_88blocks,R03_32k8k_L8192,8K,32k8k,8192,RWTT_Train,train_typical,Official_Full,20.0,1440416.0,1200496.0,0.8334370070868415,0.00018752757891914555,37.26934853314253,4.813302584919911e-05,43.17556835843853,3.211008992602831e-05,44.933584781668145,38.96565554237023,31392.0,8704.0,31536.0,102672.0,278744.0,747448.0
rwtt_reference_88blocks,R03_32k8k_L8192,8K,32k8k,8192,RWTT_Train,train_high,B_unpool,20.0,1328618.0,429632.0,0.3233675894801967,0.002184690532618104,26.606100733365334,5.81156142195123e-05,42.35707167810597,3.893861890257396e-05,44.09619456350349,30.76123383022518,25592.0,10016.0,38264.0,102040.0,253720.0,710864.0
rwtt_reference_88blocks,R03_32k8k_L8192,8K,32k8k,8192,RWTT_Train,train_high,B_native,20.0,1328618.0,429632.0,0.3233675894801967,0.0020466655013567482,26.8895313085267,5.455768753546919e-05,42.63144045827179,3.633903558953739e-05,44.39626602721434,31.04561179208079,25592.0,10016.0,38264.0,102040.0,253720.0,710864.0
rwtt_reference_88blocks,R03_32k8k_L8192,8K,32k8k,8192,RWTT_Train,train_high,Canonical_Base,20.0,1328618.0,429632.0,0.3233675894801967,0.0013620584272221212,28.65804262411549,5.3447816142788976e-05,42.720700351981804,3.631296438539896e-05,44.39938296290333,32.38354238244726,25592.0,10016.0,38264.0,102040.0,253720.0,710864.0
rwtt_reference_88blocks,R03_32k8k_L8192,8K,32k8k,8192,RWTT_Train,train_high,Official_Full,20.0,1328618.0,1140496.0,0.8584077590398445,0.00017038533935924397,37.685677764079124,4.261031575870566e-05,43.70485247499726,3.080299110308606e-05,45.11407109587451,39.36662376941832,25592.0,10016.0,38264.0,102040.0,253720.0,710864.0
rwtt_reference_88blocks,R03_32k8k_L8192,8K,32k8k,8192,RWTT_Val,val28,B_unpool,28.0,2144542.0,656880.0,0.3063031640322269,0.0017111087225584764,27.66722394838159,6.149704063982892e-05,42.11145782837848,5.3550700396961214e-05,42.71234844597836,31.353393745580796,41800.0,10728.0,41488.0,140048.0,422816.0,1287224.0
rwtt_reference_88blocks,R03_32k8k_L8192,8K,32k8k,8192,RWTT_Val,val28,B_native,28.0,2144542.0,656880.0,0.3063031640322269,0.0015967881287967313,27.96752704774914,5.812344640328331e-05,42.35648642317017,4.94585145649001e-05,43.05758931362402,31.652404752911128,41800.0,10728.0,41488.0,140048.0,422816.0,1287224.0
rwtt_reference_88blocks,R03_32k8k_L8192,8K,32k8k,8192,RWTT_Val,val28,Canonical_Base,28.0,2144542.0,656880.0,0.3063031640322269,0.0012747263684791438,28.945830304561838,5.712753085715737e-05,42.431545464328046,4.87568532430048e-05,43.11964331423192,32.40327132574137,41800.0,10728.0,41488.0,140048.0,422816.0,1287224.0
rwtt_reference_88blocks,R03_32k8k_L8192,8K,32k8k,8192,RWTT_Val,val28,Official_Full,28.0,2144542.0,1944104.0,0.9065357544874384,0.00019033343478854696,37.20484914977697,4.1272278841463585e-05,43.843415509687304,3.4685900857441816e-05,44.598470215814785,38.95887257802049,41800.0,10728.0,41488.0,140048.0,422816.0,1287224.0
rwtt_reference_88blocks,DIAGNOSTIC_8k256_L8192,same_lambda_control,8k256,8192,RWTT_Train,train_low,B_unpool,20.0,1072315.0,9968.0,0.00929577596135464,0.00027968022194709577,35.53338244400523,0.00033899918543618245,34.6980134533968,4.291454452929411e-06,53.67395492470617,37.69653288026679,2064.0,160.0,6280.0,1296.0,168.0,232.0
rwtt_reference_88blocks,DIAGNOSTIC_8k256_L8192,same_lambda_control,8k256,8192,RWTT_Train,train_low,B_native,20.0,1072315.0,9968.0,0.00929577596135464,8.829752715715811e-05,40.54051459016304,4.375553126989738e-06,53.58967038683879,1.1163959568139959e-06,59.52181745039507,44.54432192227652,2064.0,160.0,6280.0,1296.0,168.0,232.0
rwtt_reference_88blocks,DIAGNOSTIC_8k256_L8192,same_lambda_control,8k256,8192,RWTT_Train,train_low,Official_Full,20.0,1072315.0,10200.0,0.00951213029753384,8.370745721798166e-06,50.77235850437371,2.3968360021887228e-06,56.20361680518315,1.4982961201624523e-06,58.244023450856545,52.385223910285255,2064.0,160.0,6280.0,1296.0,168.0,232.0
rwtt_reference_88blocks,DIAGNOSTIC_8k256_L8192,same_lambda_control,8k256,8192,RWTT_Train,train_typical,B_unpool,20.0,1440416.0,329912.0,0.22903938862106502,0.0016603466639908194,27.798012260924313,0.00021109759138762693,36.755167219411845,5.403069063694099e-05,42.673594811394,30.777104449543966,31392.0,1840.0,18104.0,65376.0,213200.0,432704.0
rwtt_reference_88blocks,DIAGNOSTIC_8k256_L8192,same_lambda_control,8k256,8192,RWTT_Train,train_typical,B_native,20.0,1440416.0,329912.0,0.22903938862106502,0.0014654114799092764,28.34040410557541,0.0001440711322508914,38.4142303070647,5.6032694253604524e-05,42.51558494588623,31.37152998580043,31392.0,1840.0,18104.0,65376.0,213200.0,432704.0
rwtt_reference_88blocks,DIAGNOSTIC_8k256_L8192,same_lambda_control,8k256,8192,RWTT_Train,train_typical,Official_Full,20.0,1440416.0,762616.0,0.5294414946793149,0.0005444400670604187,32.640499211929196,6.624827067659619e-05,41.78825453925705,3.874230112401557e-05,44.118145876493664,35.218674460915736,31392.0,1840.0,18104.0,65376.0,213200.0,432704.0
rwtt_reference_88blocks,DIAGNOSTIC_8k256_L8192,same_lambda_control,8k256,8192,RWTT_Train,train_high,B_unpool,20.0,1328618.0,300104.0,0.22587681335041374,0.004189584929525266,23.77829001316755,0.0002544933213918522,35.94323610265232,7.834415027532369e-05,41.0599342546203,27.459113804534738,25592.0,3448.0,15888.0,61792.0,193384.0,397248.0
rwtt_reference_88blocks,DIAGNOSTIC_8k256_L8192,same_lambda_control,8k256,8192,RWTT_Train,train_high,B_native,20.0,1328618.0,300104.0,0.22587681335041374,0.0037670333844174926,24.240005309504213,0.0001998702134519478,36.99251923727499,8.31341297538495e-05,40.80220645039304,27.904344693086664,25592.0,3448.0,15888.0,61792.0,193384.0,397248.0
rwtt_reference_88blocks,DIAGNOSTIC_8k256_L8192,same_lambda_control,8k256,8192,RWTT_Train,train_high,Official_Full,20.0,1328618.0,697352.0,0.5248702034745879,0.0011523309592756533,29.384227699194128,7.551220431380577e-05,41.21982851843625,4.710824315567002e-05,43.269030919414575,32.599278204126946,25592.0,3448.0,15888.0,61792.0,193384.0,397248.0
rwtt_reference_88blocks,DIAGNOSTIC_8k256_L8192,same_lambda_control,8k256,8192,RWTT_Val,val28,B_unpool,28.0,2144542.0,432752.0,0.2017922707972145,0.003096688968761629,25.091024129622213,0.00019198032467785664,37.167432781802404,7.603893212808143e-05,41.189639908878426,28.612902183551764,41800.0,2304.0,23616.0,85976.0,279056.0,658280.0
rwtt_reference_88blocks,DIAGNOSTIC_8k256_L8192,same_lambda_control,8k256,8192,RWTT_Val,val28,B_native,28.0,2144542.0,432752.0,0.2017922707972145,0.002822937851503958,25.49298682974581,0.00010320244584218449,39.86310010042361,7.969950501691737e-05,40.985443758321054,29.22580810465244,41800.0,2304.0,23616.0,85976.0,279056.0,658280.0
rwtt_reference_88blocks,DIAGNOSTIC_8k256_L8192,same_lambda_control,8k256,8192,RWTT_Val,val28,Official_Full,28.0,2144542.0,1091032.0,0.5087482548721358,0.0010567957444514958,29.760089442248635,5.0547970767777e-05,42.96296274336999,4.905833446791902e-05,43.09287200191407,33.07704642484698,41800.0,2304.0,23616.0,85976.0,279056.0,658280.0
rwtt_reference_88blocks,R04_8k256_L4096,4K,8k256,4096,RWTT_Train,train_low,B_unpool,20.0,1072315.0,3232.0,0.003014039717806801,0.0004418060194323496,33.54768371333654,0.0005286466140014828,32.768345451182896,1.1083224153793427e-05,49.5533388324342,35.45097332045454,2064.0,160.0,688.0,160.0,160.0,160.0
rwtt_reference_88blocks,R04_8k256_L4096,4K,8k256,4096,RWTT_Train,train_low,B_native,20.0,1072315.0,3232.0,0.003014039717806801,0.00010394653904270668,39.83189966165866,1.8159115201783056e-05,47.40905316186334,2.5268891189062914e-06,55.97413814709948,42.79682365986435,2064.0,160.0,688.0,160.0,160.0,160.0
rwtt_reference_88blocks,R04_8k256_L4096,4K,8k256,4096,RWTT_Train,train_low,Canonical_Base,20.0,1072315.0,3232.0,0.003014039717806801,2.322719680068823e-06,56.34003200335464,8.818018280396152e-07,60.54629005184572,4.912671854608022e-07,63.08682243903541,57.709163063876126,2064.0,160.0,688.0,160.0,160.0,160.0
rwtt_reference_88blocks,R04_8k256_L4096,4K,8k256,4096,RWTT_Train,train_low,Official_Full,20.0,1072315.0,3392.0,0.0031632496048269398,4.961788530758219e-06,53.04361749108924,2.078213770726885e-06,56.82309781768227,1.137654387535379e-06,59.439896539192596,54.31558741292629,2064.0,160.0,688.0,160.0,160.0,160.0
rwtt_reference_88blocks,R04_8k256_L4096,4K,8k256,4096,RWTT_Train,train_typical,B_unpool,20.0,1440416.0,282848.0,0.19636549441272522,0.0016924500171172777,27.714841484098443,0.0003285915860531263,34.83343561343689,5.7291785003637835e-05,42.41907646503164,30.442695122882398,31392.0,1232.0,15696.0,56824.0,177704.0,309448.0
rwtt_reference_88blocks,R04_8k256_L4096,4K,8k256,4096,RWTT_Train,train_typical,B_native,20.0,1440416.0,282848.0,0.19636549441272522,0.0015571270826198818,28.07675941684724,0.00014606232216297238,38.35461799035195,5.865432304973008e-05,42.31699973191206,31.14152177791843,31392.0,1232.0,15696.0,56824.0,177704.0,309448.0
rwtt_reference_88blocks,R04_8k256_L4096,4K,8k256,4096,RWTT_Train,train_typical,Canonical_Base,20.0,1440416.0,282848.0,0.19636549441272522,0.0011615736302162708,29.34953255787882,0.00013027546017039523,38.8513738410547,4.971998202310998e-05,43.034690370550415,32.247907444859756,31392.0,1232.0,15696.0,56824.0,177704.0,309448.0
rwtt_reference_88blocks,R04_8k256_L4096,4K,8k256,4096,RWTT_Train,train_typical,Official_Full,20.0,1440416.0,592296.0,0.4111978761691067,0.0006012401864955679,32.209519991596586,7.414248228365973e-05,41.2993287792273,4.208052915380001e-05,43.759188076582504,34.789454600673665,31392.0,1232.0,15696.0,56824.0,177704.0,309448.0
rwtt_reference_88blocks,R04_8k256_L4096,4K,8k256,4096,RWTT_Train,train_high,B_unpool,20.0,1328618.0,259712.0,0.195475298392766,0.004231026225894878,23.735542826984553,0.0004023764951408155,33.953673965624354,8.503482895279154e-05,40.70403157534032,27.133870312858996,25592.0,2672.0,13984.0,52968.0,164496.0,300408.0
rwtt_reference_88blocks,R04_8k256_L4096,4K,8k256,4096,RWTT_Train,train_high,B_native,20.0,1328618.0,259712.0,0.195475298392766,0.0038364185765539832,24.16074014752068,0.00019849445398474204,37.02251623094677,8.671193214031423e-05,40.6192113659373,27.825771060251018,25592.0,2672.0,13984.0,52968.0,164496.0,300408.0
rwtt_reference_88blocks,R04_8k256_L4096,4K,8k256,4096,RWTT_Train,train_high,Canonical_Base,20.0,1328618.0,259712.0,0.195475298392766,0.00255153291770396,25.931988243981934,0.0001315555105602212,38.808909555921694,6.312137232297019e-05,41.998235676913076,29.5498843370908,25592.0,2672.0,13984.0,52968.0,164496.0,300408.0
rwtt_reference_88blocks,R04_8k256_L4096,4K,8k256,4096,RWTT_Train,train_high,Official_Full,20.0,1328618.0,560120.0,0.42158092092685784,0.0011950876795775766,29.226002308164063,8.430863703479858e-05,40.74127931610023,5.128800778350134e-05,42.89984170215507,32.374641858404964,25592.0,2672.0,13984.0,52968.0,164496.0,300408.0
rwtt_reference_88blocks,R04_8k256_L4096,4K,8k256,4096,RWTT_Val,val28,B_unpool,28.0,2144542.0,370904.0,0.17295254651109654,0.0031780075196801926,24.97845079516383,0.0003481483764830905,34.58235625724877,8.124467020390368e-05,40.90205119911634,28.169389028418507,41800.0,1752.0,20568.0,74336.0,232448.0,501544.0
rwtt_reference_88blocks,R04_8k256_L4096,4K,8k256,4096,RWTT_Val,val28,B_native,28.0,2144542.0,370904.0,0.17295254651109654,0.0029089014300797095,25.362709948401697,0.00010547963137317898,39.7683139663433,8.250182980141214e-05,40.8353641916106,29.09749223104551,41800.0,1752.0,20568.0,74336.0,232448.0,501544.0
rwtt_reference_88blocks,R04_8k256_L4096,4K,8k256,4096,RWTT_Val,val28,Canonical_Base,28.0,2144542.0,370904.0,0.17295254651109654,0.0022259489870929084,26.524847927766547,7.44008053303969e-05,41.28422363531344,6.744052686564309e-05,41.71079045531183,30.26801270715307,41800.0,1752.0,20568.0,74336.0,232448.0,501544.0
rwtt_reference_88blocks,R04_8k256_L4096,4K,8k256,4096,RWTT_Val,val28,Official_Full,28.0,2144542.0,872448.0,0.4068225290061934,0.0011044573983538207,29.56851031278901,5.549483650228347e-05,42.55747423776201,5.274838184622639e-05,42.777908586091094,32.84330558757339,41800.0,1752.0,20568.0,74336.0,232448.0,501544.0
rwtt_reference_88blocks,R05_8k256_L2048,2K,8k256,2048,RWTT_Train,train_low,B_unpool,20.0,1072315.0,2728.0,0.0025440285736933643,0.0007400898879709787,31.30715529621714,0.0008423267159584638,30.745194246327664,1.3605212111954043e-05,48.662946829666865,33.40638410666217,2064.0,160.0,184.0,160.0,160.0,160.0
rwtt_reference_88blocks,R05_8k256_L2048,2K,8k256,2048,RWTT_Train,train_low,B_native,20.0,1072315.0,2728.0,0.0025440285736933643,0.0001775659175517642,37.506403901320624,6.178464845982756e-05,42.0911942001471,2.6347004753453977e-06,55.79268750204208,40.365288138764114,2064.0,160.0,184.0,160.0,160.0,160.0
rwtt_reference_88blocks,R05_8k256_L2048,2K,8k256,2048,RWTT_Train,train_low,Canonical_Base,20.0,1072315.0,2728.0,0.0025440285736933643,1.7367364204180675e-06,57.602660881988534,9.91151535249437e-07,60.038599419914796,4.1202683972237636e-07,63.85074492792923,58.688163704971906,2064.0,160.0,184.0,160.0,160.0,160.0
rwtt_reference_88blocks,R05_8k256_L2048,2K,8k256,2048,RWTT_Train,train_low,Official_Full,20.0,1072315.0,2888.0,0.002693238460713503,2.489194531217972e-06,56.03941161835272,1.8927496247492575e-06,57.229068312456015,7.133790246168336e-07,61.46679664309532,56.866541833208466,2064.0,160.0,184.0,160.0,160.0,160.0
rwtt_reference_88blocks,R05_8k256_L2048,2K,8k256,2048,RWTT_Train,train_typical,B_unpool,20.0,1440416.0,237488.0,0.16487459178459557,0.0019468412567411077,27.106694589227,0.0006936593908711095,31.588537298003473,6.630741607244019e-05,41.78437895739714,29.501635473845326,31392.0,888.0,13400.0,47968.0,143840.0,185696.0
rwtt_reference_88blocks,R05_8k256_L2048,2K,8k256,2048,RWTT_Train,train_typical,B_native,20.0,1440416.0,237488.0,0.16487459178459557,0.0017545307619833434,27.558390129472926,0.00016608777409442827,37.79662335271337,6.380468716842911e-05,41.951474163162445,30.63730478658917,31392.0,888.0,13400.0,47968.0,143840.0,185696.0
rwtt_reference_88blocks,R05_8k256_L2048,2K,8k256,2048,RWTT_Train,train_typical,Canonical_Base,20.0,1440416.0,237488.0,0.16487459178459557,0.001183634548168029,29.267823670499634,0.00013327011681132396,38.752672216204736,5.446304088936809e-05,42.63898113921438,32.12482442230211,31392.0,888.0,13400.0,47968.0,143840.0,185696.0
rwtt_reference_88blocks,R05_8k256_L2048,2K,8k256,2048,RWTT_Train,train_typical,Official_Full,20.0,1440416.0,423184.0,0.2937929042720992,0.0007137840553555361,31.464331576250324,8.861499840337789e-05,40.5249276600733,4.862784464633827e-05,43.13114979433389,34.05525836398864,31392.0,888.0,13400.0,47968.0,143840.0,185696.0
rwtt_reference_88blocks,R05_8k256_L2048,2K,8k256,2048,RWTT_Train,train_high,B_unpool,20.0,1328618.0,219536.0,0.16523635838141587,0.004531395563808408,23.437680248477747,0.0007933252872782094,31.005487023375977,9.718659795102881e-05,40.12393620230264,26.46943808956814,25592.0,2128.0,12336.0,44616.0,134864.0,220280.0
rwtt_reference_88blocks,R05_8k256_L2048,2K,8k256,2048,RWTT_Train,train_high,B_native,20.0,1328618.0,219536.0,0.16523635838141587,0.00396245009287997,24.02036194685443,0.00020950041095100323,36.78815120795166,9.149511128089488e-05,40.38602110310069,27.66204299902237,25592.0,2128.0,12336.0,44616.0,134864.0,220280.0
rwtt_reference_88blocks,R05_8k256_L2048,2K,8k256,2048,RWTT_Train,train_high,Canonical_Base,20.0,1328618.0,219536.0,0.16523635838141587,0.0025648395498397585,25.909397981150327,0.0001307017371638048,38.837186401498236,6.658300377550206e-05,41.76636616303122,29.507492556428925,25592.0,2128.0,12336.0,44616.0,134864.0,220280.0
rwtt_reference_88blocks,R05_8k256_L2048,2K,8k256,2048,RWTT_Train,train_high,Official_Full,20.0,1328618.0,439816.0,0.3310326971334123,0.0012644983515442364,28.980817324846285,9.604271688544036e-05,40.17535562987506,5.9018287522749204e-05,42.29013396161207,32.0437991925706,25592.0,2128.0,12336.0,44616.0,134864.0,220280.0
rwtt_reference_88blocks,R05_8k256_L2048,2K,8k256,2048,RWTT_Val,val28,B_unpool,28.0,2144542.0,311344.0,0.14517971669475346,0.003463796633508227,24.60447614211816,0.0007135239384259202,31.465914519089914,9.124443870057104e-05,40.39793596079779,27.436338416574582,41800.0,1280.0,17520.0,62496.0,188248.0,357792.0
rwtt_reference_88blocks,R05_8k256_L2048,2K,8k256,2048,RWTT_Val,val28,B_native,28.0,2144542.0,311344.0,0.14517971669475346,0.0030544308021255816,25.150697093256966,0.00012843591974463547,38.91313499901992,8.700863158818993e-05,40.604376615747775,28.802711771788687,41800.0,1280.0,17520.0,62496.0,188248.0,357792.0
rwtt_reference_88blocks,R05_8k256_L2048,2K,8k256,2048,RWTT_Val,val28,Canonical_Base,28.0,2144542.0,311344.0,0.14517971669475346,0.0022476778346019804,26.482659371782894,7.818715805182177e-05,41.06864572326619,7.172505797578222e-05,41.44329092039062,30.17598660929427,41800.0,1280.0,17520.0,62496.0,188248.0,357792.0
rwtt_reference_88blocks,R05_8k256_L2048,2K,8k256,2048,RWTT_Val,val28,Official_Full,28.0,2144542.0,669136.0,0.31201813720598615,0.0011954625138299924,29.224640375256435,6.29377284796754e-05,42.01088935501994,5.936130906786624e-05,42.26496530325356,32.452962113726514,41800.0,1280.0,17520.0,62496.0,188248.0,357792.0
rwtt_reference_88blocks,R06_2k128_L1024,1K,2k128,1024,RWTT_Train,train_low,B_unpool,20.0,1072315.0,2704.0,0.0025216470906403434,0.0009740649875898408,30.11412066930292,0.0011227697065591736,29.49709313575603,6.144803611270942e-05,42.11491992664308,31.537092134777083,2064.0,160.0,160.0,160.0,160.0,160.0
rwtt_reference_88blocks,R06_2k128_L1024,1K,2k128,1024,RWTT_Train,train_low,B_native,20.0,1072315.0,2704.0,0.0025216470906403434,0.0002953231610022335,35.29702491737855,6.456784644857155e-05,41.899836985112884,2.0982637784046665e-05,46.78139916378579,37.55792320664625,2064.0,160.0,160.0,160.0,160.0,160.0
rwtt_reference_88blocks,R06_2k128_L1024,1K,2k128,1024,RWTT_Train,train_low,Canonical_Base,20.0,1072315.0,2704.0,0.0025216470906403434,2.1329578461944486e-06,56.710177274601094,1.3094945247888915e-06,58.82896313091321,1.0688273945445135e-06,59.71092423555797,57.350118876759716,2064.0,160.0,160.0,160.0,160.0,160.0
rwtt_reference_88blocks,R06_2k128_L1024,1K,2k128,1024,RWTT_Train,train_low,Official_Full,20.0,1072315.0,2864.0,0.002670856977660482,5.070770806938259e-06,52.94926018624175,4.682852166825978e-06,53.294895522638576,1.061422319247609e-06,59.741117844057435,53.84144681051831,2064.0,160.0,160.0,160.0,160.0,160.0
rwtt_reference_88blocks,R06_2k128_L1024,1K,2k128,1024,RWTT_Train,train_typical,B_unpool,20.0,1440416.0,189176.0,0.13133428120765112,0.0023681565978023013,26.25589582644746,0.0011299231991271966,29.469510745066515,0.000106538731560327,39.724924781878514,28.341226310703725,31392.0,496.0,12192.0,40864.0,104232.0,79456.0
rwtt_reference_88blocks,R06_2k128_L1024,1K,2k128,1024,RWTT_Train,train_typical,B_native,20.0,1440416.0,189176.0,0.13133428120765112,0.0018336928336744386,27.366734122934382,0.00020127941388383636,36.9620064087804,9.130571827721991e-05,40.39502022701456,30.194678921675152,31392.0,496.0,12192.0,40864.0,104232.0,79456.0
rwtt_reference_88blocks,R06_2k128_L1024,1K,2k128,1024,RWTT_Train,train_typical,Canonical_Base,20.0,1440416.0,189176.0,0.13133428120765112,0.0012371482677233521,29.0757824863654,0.00015184879938399742,38.18588637548588,7.026335539059548e-05,41.53271114537943,31.771661554882215,31392.0,496.0,12192.0,40864.0,104232.0,79456.0
rwtt_reference_88blocks,R06_2k128_L1024,1K,2k128,1024,RWTT_Train,train_typical,Official_Full,20.0,1440416.0,268632.0,0.1864961233421456,0.0009204405121707894,30.360042745915912,0.00012658227036078465,38.97627119150347,6.967279841490237e-05,41.569367456338995,32.83823689041725,31392.0,496.0,12192.0,40864.0,104232.0,79456.0
rwtt_reference_88blocks,R06_2k128_L1024,1K,2k128,1024,RWTT_Train,train_high,B_unpool,20.0,1328618.0,178936.0,0.1346782897717779,0.005042954140941941,22.973149811619884,0.001290299543887709,28.893094562464242,0.00013979704797631825,38.545019992708205,25.659626678111465,25592.0,2008.0,11624.0,38616.0,101096.0,138680.0
rwtt_reference_88blocks,R06_2k128_L1024,1K,2k128,1024,RWTT_Train,train_high,B_native,20.0,1328618.0,178936.0,0.1346782897717779,0.0038798927186369605,24.111802827429365,0.00023228909202419355,36.339711835916184,0.0001200930876796792,39.204819890081254,27.526918586321706,25592.0,2008.0,11624.0,38616.0,101096.0,138680.0
rwtt_reference_88blocks,R06_2k128_L1024,1K,2k128,1024,RWTT_Train,train_high,Canonical_Base,20.0,1328618.0,178936.0,0.1346782897717779,0.002669066501061253,25.73640605424127,0.0001650152556554254,37.82475903418224,9.856954329175128e-05,40.06257255683863,29.038220989558564,25592.0,2008.0,11624.0,38616.0,101096.0,138680.0
rwtt_reference_88blocks,R06_2k128_L1024,1K,2k128,1024,RWTT_Train,train_high,Official_Full,20.0,1328618.0,317616.0,0.23905742658913245,0.0014503172927854354,28.385369747089236,0.0001404479038762082,38.524847380700166,0.00010042285282330963,39.98167445301617,31.10234253953147,25592.0,2008.0,11624.0,38616.0,101096.0,138680.0
rwtt_reference_88blocks,R06_2k128_L1024,1K,2k128,1024,RWTT_Val,val28,B_unpool,28.0,2144542.0,249880.0,0.11651905162034598,0.0038518955218783315,24.143255011132034,0.0010518770062520574,29.780350383465375,0.00013154144884423808,38.809373789767434,26.68115678000313,41800.0,776.0,15440.0,51912.0,139952.0,210792.0
rwtt_reference_88blocks,R06_2k128_L1024,1K,2k128,1024,RWTT_Val,val28,B_native,28.0,2144542.0,249880.0,0.11651905162034598,0.003051648794514633,25.154654495444497,0.00014026226662163763,38.53059147233073,0.00011408347143292135,39.42777272193962,28.610786395867166,41800.0,776.0,15440.0,51912.0,139952.0,210792.0
rwtt_reference_88blocks,R06_2k128_L1024,1K,2k128,1024,RWTT_Val,val28,Canonical_Base,28.0,2144542.0,249880.0,0.11651905162034598,0.002318219972188933,26.348453569077076,9.023008677416902e-05,40.446486249716436,8.888947654669854e-05,40.511496512707524,29.881088022110802,41800.0,776.0,15440.0,51912.0,139952.0,210792.0
rwtt_reference_88blocks,R06_2k128_L1024,1K,2k128,1024,RWTT_Val,val28,Official_Full,28.0,2144542.0,460672.0,0.21481136764866343,0.001359711533385217,28.665532186498325,8.150499285814873e-05,40.88815786298966,8.346534565075899e-05,40.78493803757061,31.708286127443778,41800.0,776.0,15440.0,51912.0,139952.0,210792.0
