configuration,dataset,stage,lambda,stage_index,num_blocks,points,stage_bits,cumulative_bits,stage_bpp,cumulative_bpp,mse_Y,psnr_Y,mse_U,psnr_U,mse_V,psnr_V,yuv611,x_rms,f_rms,d_rms
DIAGNOSTIC_2k128_L2048_RANGE_UNKNOWN,8i,r1,2048.0,1.0,14.0,877508.25,162.0,17850.0,0.00018722619413995864,0.02029675909624549,0.003036467179021168,25.364737027839517,0.0032615978054714406,24.89505170462335,0.0006238019108654592,33.537962521416034,26.327679549134565,0.4614500600124466,0.06183221662951892,0.038498433902493426
DIAGNOSTIC_2k128_L2048_RANGE_UNKNOWN,8i,r2,2048.0,2.0,14.0,877508.25,7780.0,25630.0,0.008895306995613134,0.02919206609185862,0.0035337999183121583,24.952723798469265,0.002416321115759247,26.199494813386,0.0007746030404622939,33.336417076497035,26.15653183508733,0.4647807682145747,0.04637438790901505,0.05463216348004825
DIAGNOSTIC_2k128_L2048_RANGE_UNKNOWN,8i,r3,2048.0,3.0,14.0,877508.25,27304.0,52934.0,0.031045668708884096,0.06023773480074271,0.0026598386265717826,26.365720500034893,0.0011590171555543962,29.511267948184987,0.0006305439601989824,35.64400348827732,27.918699304583956,0.4701743188465398,0.04079478255080826,0.04909239017779728
DIAGNOSTIC_2k128_L2048_RANGE_UNKNOWN,8i,r4,2048.0,4.0,14.0,877508.25,77440.0,130374.0,0.0876496616678558,0.14788739646859853,0.0012085668121790032,29.668936378682965,0.000535193003208442,32.82221569132086,0.00039999287583399924,37.92106030895686,31.09461178404694,0.48006886556820516,0.043824075757106326,0.04384039743096364
DIAGNOSTIC_2k128_L2048_RANGE_UNKNOWN,8i,r5,2048.0,5.0,14.0,877508.25,87060.0,217434.0,0.10051129565901476,0.24839869212761329,0.0003294191282595888,35.19519209001932,0.00010026139843130436,42.64917886917212,0.0002839633109611098,40.14105796743979,36.74517367209098,0.47505739182114154,0.04205296983010373,0.04067460457769829
DIAGNOSTIC_2k128_L2048_RANGE_UNKNOWN,8i,x_low,2048.0,0.0,14.0,877508.25,17688.0,17688.0,0.02010953290210553,0.02010953290210553,1.2561621733355568e-06,59.00992536875654,1.278576327425046e-06,58.93333764371791,1.2891249938272234e-06,58.90146702975756,58.98679461075184,0.4752783415716175,,
DIAGNOSTIC_2k128_L2048_RANGE_UNKNOWN,Owlii,r1,2048.0,1.0,8.0,700286.25,192.0,12298.0,0.00027452655243680917,0.017525118696133733,0.0033065351499730455,24.938189306857957,0.002936748117319446,25.321373349412625,0.0001826373988311199,37.39033594882247,26.542605642422856,0.48212453009983114,0.06133654887080869,0.038685560695339405
DIAGNOSTIC_2k128_L2048_RANGE_UNKNOWN,Owlii,r2,2048.0,2.0,8.0,700286.25,4232.0,16530.0,0.006043225888274832,0.023568344584408568,0.00290094353986728,25.543593499191733,0.0022182589265199253,26.54054392437203,0.00015984507728918597,37.98906902145147,27.223896742621736,0.4847214625194457,0.04239392483725099,0.04750063290738635
DIAGNOSTIC_2k128_L2048_RANGE_UNKNOWN,Owlii,r3,2048.0,3.0,8.0,700286.25,13868.0,30398.0,0.01982863979875335,0.04339698438316192,0.0017262405283370913,27.89026529565984,0.0008868509652100386,30.550106916950664,7.463904222831363e-05,41.44367443124409,29.916921640269223,0.49038321052820055,0.037519823837223486,0.04445959872050854
DIAGNOSTIC_2k128_L2048_RANGE_UNKNOWN,Owlii,r4,2048.0,4.0,8.0,700286.25,31400.0,61798.0,0.04503125198014077,0.08842823636330269,0.0010210017077033622,29.94304795431684,0.0006866635145518476,31.68779909148881,6.0671829080669036e-05,42.21967460182134,31.695720177401398,0.4992223844954581,0.044028189344509666,0.042213726480440875
DIAGNOSTIC_2k128_L2048_RANGE_UNKNOWN,Owlii,r5,2048.0,5.0,8.0,700286.25,25880.0,87678.0,0.037635212869636184,0.12606344923293888,0.00023628876848796434,36.34646909087681,4.4667933871395156e-05,43.55423667487712,2.9961283450319663e-05,45.48511245576943,38.389770459488425,0.4937911792825894,0.043356451715411214,0.04056075598405978
DIAGNOSTIC_2k128_L2048_RANGE_UNKNOWN,Owlii,x_low,2048.0,0.0,8.0,700286.25,12106.0,12106.0,0.017250592143696925,0.017250592143696925,1.290258648205025e-06,58.893660483763036,1.1767837255425126e-06,59.311681981066855,1.3717439336572094e-06,58.63878602919698,58.914053864105256,0.4945627728274731,,
DIAGNOSTIC_32k8k_L4096_OUT_OF_RANGE_UNKNOWN,8i,r1,4096.0,1.0,14.0,877508.25,4146.0,21834.0,0.004649011701184405,0.024758544603289932,0.00024509052263510013,36.30445859924656,0.00011707005946835338,43.653441518787645,0.0003954691929339799,39.73946931623309,37.65245780381251,0.47477867067855023,0.05184103604867803,0.08344766445248268
DIAGNOSTIC_32k8k_L4096_OUT_OF_RANGE_UNKNOWN,8i,r2,4096.0,2.0,14.0,877508.25,17034.0,38868.0,0.019223452305561373,0.04398199690885131,0.00026987653047391415,35.86737717392313,0.00014849414255891765,43.011298026928024,0.0004126263898570206,39.777053292494884,37.249076795370215,0.4748135254831852,0.05117274632376465,0.09750100692301927
DIAGNOSTIC_32k8k_L4096_OUT_OF_RANGE_UNKNOWN,8i,r3,4096.0,3.0,14.0,877508.25,55632.0,94500.0,0.06313185160777718,0.10711384851662847,0.0002318563734129872,36.507585098307814,0.0001017001475918389,43.69840911005218,0.00024830797429439605,41.32301344085152,38.00836664259382,0.4753155726188847,0.04977007179959699,0.09359793395274507
DIAGNOSTIC_32k8k_L4096_OUT_OF_RANGE_UNKNOWN,8i,r4,4096.0,4.0,14.0,877508.25,142336.0,236836.0,0.16278093146818687,0.26989477998481537,0.00017977414182155803,37.623525852068106,6.280586022254458e-05,44.494369988521385,0.00010955313611846092,43.21477975396143,39.18128810686143,0.4757903943932132,0.04730399915581389,0.079861091094255
DIAGNOSTIC_32k8k_L4096_OUT_OF_RANGE_UNKNOWN,8i,r5,4096.0,5.0,14.0,877508.25,258738.0,495574.0,0.2977370483848296,0.567631828369645,0.00013381618503705955,38.90164486114051,4.344206001516971e-05,45.1166696253277,5.9536650631446384e-05,44.488547185966574,40.37688574726717,0.4761863991043425,0.04423802017018608,0.06292406131451847
DIAGNOSTIC_32k8k_L4096_OUT_OF_RANGE_UNKNOWN,8i,x_low,4096.0,0.0,14.0,877508.25,17688.0,17688.0,0.02010953290210553,0.02010953290210553,1.256161779871926e-06,59.00992671704216,1.2785759064302944e-06,58.93333907324107,1.2891266476110507e-06,58.90146133327963,58.98679508859671,0.4752783434254317,,
DIAGNOSTIC_32k8k_L4096_OUT_OF_RANGE_UNKNOWN,Owlii,r1,4096.0,1.0,8.0,700286.25,2588.0,14694.0,0.003707877937450231,0.02095847008114716,0.0002483553060030114,36.164461702686715,1.5942106623959896e-05,48.07119617032755,1.5579613124402026e-05,48.37098776223547,39.178619268585415,0.49353779207602644,0.050594203589569904,0.09683929876048326
DIAGNOSTIC_32k8k_L4096_OUT_OF_RANGE_UNKNOWN,Owlii,r2,4096.0,2.0,8.0,700286.25,8622.0,23316.0,0.0123679507831105,0.03332642086425766,0.00024178872059141284,36.25737012678575,2.2805912527366105e-05,46.48872763490296,2.004331420479737e-05,47.360224451484264,38.924146605887714,0.49343569841673873,0.046383095916901124,0.08743893065106764
DIAGNOSTIC_32k8k_L4096_OUT_OF_RANGE_UNKNOWN,Owlii,r3,4096.0,3.0,8.0,700286.25,25134.0,48450.0,0.036084308363553384,0.06941072922781104,0.00018341669030311238,37.45874852907434,2.5209740771275218e-05,46.03510790490552,1.6831219316220484e-05,48.026061843371274,39.85170761534036,0.4936616882922934,0.0436930107127096,0.07431954305901164
DIAGNOSTIC_32k8k_L4096_OUT_OF_RANGE_UNKNOWN,Owlii,r4,4096.0,4.0,8.0,700286.25,61086.0,109536.0,0.08798701092956135,0.1573977401573724,0.00013058105209082412,38.90217044656719,2.7282862404067742e-05,45.678158443636356,1.4794854407571706e-05,48.43418514999277,40.94067078412903,0.4938339983290801,0.042050037721034494,0.06312330959233514
DIAGNOSTIC_32k8k_L4096_OUT_OF_RANGE_UNKNOWN,Owlii,r5,4096.0,5.0,8.0,700286.25,128978.0,238514.0,0.18674329848140447,0.3441410386387768,9.982749144121162e-05,40.04884355063705,3.0556517582469394e-05,45.18485999471344,1.4861642677549835e-05,48.340990199080025,41.72736393720197,0.4939909258199846,0.0410862861232359,0.0551629300308119
DIAGNOSTIC_32k8k_L4096_OUT_OF_RANGE_UNKNOWN,Owlii,x_low,4096.0,0.0,8.0,700286.25,12106.0,12106.0,0.017250592143696925,0.017250592143696925,1.2902581650331676e-06,58.893662107167614,1.1767842318079508e-06,59.31168064334222,1.37174486800923e-06,58.63878309713016,58.914054547934754,0.4945627736179663,,
DIAGNOSTIC_8k256_L8192,8i,r1,8192.0,1.0,14.0,877508.25,570.0,18258.0,0.0006558306884016931,0.02076536359050722,0.00213271567972259,27.01165856256375,0.0024081461850796247,26.233349521761376,0.00047280249227432225,36.846084776349976,28.14367320918673,0.46379388726950144,0.07078489160280337,0.03818979875760343
DIAGNOSTIC_8k256_L8192,8i,r2,8192.0,2.0,14.0,877508.25,10522.0,28780.0,0.012062239866201509,0.03282760345670873,0.0028646839960525,26.1358128619491,0.0017545307256480044,27.61204607263606,0.0005582089575899032,36.38413943627084,27.60138283507519,0.4667597045965006,0.05297796598234941,0.06594104862111057
DIAGNOSTIC_8k256_L8192,8i,r3,8192.0,3.0,14.0,877508.25,38242.0,67022.0,0.04373438230788894,0.07656198576459766,0.0022618120270123366,27.320596027868636,0.000915511817472775,30.487199908489448,0.00045362779265141386,37.81673716778907,29.02843915543629,0.470438803473315,0.045067057666282544,0.05662611259165192
DIAGNOSTIC_8k256_L8192,8i,r4,8192.0,4.0,14.0,877508.25,123566.0,190588.0,0.1405359876483842,0.21709797341298187,0.0009150129826958063,31.403623908514753,0.0002112469459961027,37.41003025377432,0.00026659827822398443,40.67997482093387,33.31396856572459,0.4774968098496867,0.04492801981157325,0.047581273467884426
DIAGNOSTIC_8k256_L8192,8i,r5,8192.0,5.0,14.0,877508.25,228654.0,419242.0,0.2609429258966374,0.4780408993096193,0.00017188905031474127,38.41018167362371,6.344594829877764e-05,44.70438186145183,0.00014192494497737316,42.93950290537279,39.76312185107086,0.47615876209158625,0.04119463212251341,0.042211750812985796
DIAGNOSTIC_8k256_L8192,8i,x_low,8192.0,0.0,14.0,877508.25,17688.0,17688.0,0.02010953290210553,0.02010953290210553,1.2561622150807828e-06,59.009925208186104,1.278576160444006e-06,58.93333817193062,1.2891265339277523e-06,58.90146184648052,58.98679390844097,0.4752783415040131,,
DIAGNOSTIC_8k256_L8192,Owlii,r1,8192.0,1.0,8.0,700286.25,536.0,12642.0,0.0007637884578074528,0.018014380601504378,0.0023379994821336038,26.51215468503668,0.0020948153586816225,26.788799833661024,4.818397354527485e-05,43.24216041932564,28.637986045400844,0.4836157234097539,0.06856681738658572,0.03842588418626586
DIAGNOSTIC_8k256_L8192,Owlii,r2,8192.0,2.0,8.0,700286.25,5700.0,18342.0,0.008136777304807493,0.026151157906311874,0.0022168073223960234,26.838448604127407,0.0015336963687834675,28.144138107354138,6.220822382682968e-05,42.265339330381444,28.930021132812502,0.48561531772730443,0.04492585887870961,0.05195047045939896
DIAGNOSTIC_8k256_L8192,Owlii,r3,8192.0,3.0,8.0,700286.25,20576.0,38918.0,0.02941444366683622,0.05556560157314809,0.0014049817785225665,28.833173705549555,0.0007633866281893085,31.17916367392162,4.7589564626961e-05,43.588623305061574,30.970853651535066,0.48945759296854446,0.038407851380462515,0.04596536483299665
DIAGNOSTIC_8k256_L8192,Owlii,r4,8192.0,4.0,8.0,700286.25,58658.0,97576.0,0.08402106725490574,0.13958666882805382,0.0005523264879686479,32.79061380558935,0.00020242267800012342,36.97389099084976,2.5234942153097786e-05,46.32306059096456,35.005079301918805,0.49607802879391716,0.04268380979060564,0.04330572112207493
DIAGNOSTIC_8k256_L8192,Owlii,r5,8192.0,5.0,8.0,700286.25,73688.0,171264.0,0.10668993938171589,0.2462766082097697,0.00012446081055872586,39.152002928873884,3.459164833786232e-05,44.653418953482664,1.8249472992772025e-05,47.551612921629946,40.889631181044486,0.4937664180197454,0.04068499430689123,0.041478993810827806
DIAGNOSTIC_8k256_L8192,Owlii,x_low,8192.0,0.0,8.0,700286.25,12106.0,12106.0,0.017250592143696925,0.017250592143696925,1.290258427937777e-06,58.89366127321533,1.1767835621165939e-06,59.311683159603405,1.371742764812518e-06,58.63878956990693,58.91405504610029,0.4945627755273981,,
DIAGNOSTIC_8k256_L8192,RWTT_Train,r1,8192.0,1.0,20.0,1280449.6666666667,1816.0,21498.666666666668,0.0013405988273526217,0.0156674761849274,0.006307390838377304,25.54788776656609,0.002257424624400624,26.487898821298767,8.576653018292869e-05,41.068033603327535,27.605407378002855,0.4791122625371432,0.07304092171916261,0.04502517429679221
DIAGNOSTIC_8k256_L8192,RWTT_Train,r2,8192.0,2.0,20.0,1280449.6666666667,13424.0,34922.666666666664,0.010127789951907173,0.025795266136834572,0.004647043085642737,26.350057049465622,0.0016306874407912512,27.91993875201724,0.0001211851109771515,40.09102516302102,28.263913276479,0.4834075022753371,0.05530087665705304,0.0716829470923076
DIAGNOSTIC_8k256_L8192,RWTT_Train,r3,8192.0,3.0,20.0,1280449.6666666667,42821.333333333336,77744.0,0.031034655182291496,0.056829921319126064,0.0025550877233574136,29.166335165157587,0.0007507996787946342,31.573387242638887,8.388919686889512e-05,42.08670213803521,31.08226254645245,0.48825186929558556,0.044636865407772175,0.05799040984526207
DIAGNOSTIC_8k256_L8192,RWTT_Train,r4,8192.0,4.0,20.0,1280449.6666666667,135584.0,213328.0,0.09790740465848508,0.15473732597761114,0.0012288115243163633,30.518074200607302,0.0002563031149756787,36.05828481040248,4.33965699986062e-05,46.018698909062756,33.14817861538864,0.49749908130326076,0.04449037762623201,0.04793860413929523
DIAGNOSTIC_8k256_L8192,RWTT_Train,r5,8192.0,5.0,20.0,1280449.6666666667,276728.0,490056.0,0.19987061683953442,0.3546079428171455,0.0005692462364133474,37.69888895794159,4.6896981275206354e-05,46.69561463427008,3.23325270868638e-05,49.3196988443191,40.27608090327984,0.4961141142261099,0.04282849942349725,0.04439083146590058
DIAGNOSTIC_8k256_L8192,RWTT_Train,x_low,8192.0,0.0,20.0,1280449.6666666667,19682.666666666668,19682.666666666668,0.014326877357574777,0.014326877357574777,1.627810108231249e-06,58.160264645564126,1.555060799435913e-06,58.25055399611532,1.1252621564588212e-06,59.532272886409,58.343051844488635,0.4905122947949585,,
DIAGNOSTIC_8k256_L8192,RWTT_Val,r1,8192.0,1.0,28.0,2144542.0,2304.0,44104.0,0.0010743552702628346,0.020565696544996553,0.0032302200347160605,24.907678935796444,0.002263744504927008,26.451725908944614,9.967274625201842e-05,40.014235755941144,26.989004409958053,0.4744475845045716,0.06982183918622512,0.03921552897437005
DIAGNOSTIC_8k256_L8192,RWTT_Val,r2,8192.0,2.0,28.0,2144542.0,23616.0,67720.0,0.011012141520194056,0.03157783806519061,0.0034712685912408016,24.595117812635312,0.001653341624826394,27.816374002411663,0.00011658045453803933,39.33374255733185,26.840102929444424,0.4771256712182377,0.04961418457879657,0.06177125663186134
DIAGNOSTIC_8k256_L8192,RWTT_Val,r3,8192.0,3.0,28.0,2144542.0,85976.0,153696.0,0.040090611421925985,0.07166844948711659,0.002746819667010835,25.61169851752674,0.0008500365787964942,30.705623853119842,8.843775591485014e-05,40.533622860635006,28.11367972736441,0.48091213424964285,0.04263018040010819,0.05429128178712104
DIAGNOSTIC_8k256_L8192,RWTT_Val,r4,8192.0,4.0,28.0,2144542.0,279056.0,432752.0,0.13012382131009792,0.2017922707972145,0.0017070860508680394,27.67744586398315,0.00016974845631511569,37.70194166484134,5.6977365028060445e-05,42.44297638989728,30.77619915482969,0.48641239886319165,0.04364565991866334,0.048617770806742205
DIAGNOSTIC_8k256_L8192,RWTT_Val,r5,8192.0,5.0,28.0,2144542.0,658280.0,1091032.0,0.30695598407492136,0.5087482548721358,0.0010587266106225402,29.752161709845133,5.0106395521776116e-05,43.00106837754556,4.854699285225565e-05,43.13837666438143,33.081551912624725,0.48573172594510666,0.041861804462316916,0.04709601716256471
DIAGNOSTIC_8k256_L8192,RWTT_Val,x_low,8192.0,0.0,28.0,2144542.0,41800.0,41800.0,0.01949134127473372,0.01949134127473372,1.2821222972412054e-06,58.9207054698273,1.172454861156417e-06,59.30903868380935,1.1734875194375167e-06,59.30521524956092,59.017310844041766,0.48433869288207193,,
R03_32k8k_L8192,8i,r1,8192.0,1.0,14.0,877508.25,4234.0,21922.0,0.0047469288737429,0.02485646177584843,0.0002081492602339104,36.97945670959563,0.00011684448864429942,43.68862263002589,0.00039040477023876926,39.80227384761544,38.17095459190189,0.47489881505515186,0.05270534166905126,0.0898711865542163
R03_32k8k_L8192,8i,r2,8192.0,2.0,14.0,877508.25,17604.0,39526.0,0.01985937307819369,0.04471583485404212,0.00023788395645164606,36.38138154451123,0.00014604643128908804,43.052204622787045,0.0003982565961021881,39.89936209343867,37.654981997911634,0.4749417369963227,0.052521361199291704,0.10469007906013658
R03_32k8k_L8192,8i,r3,8192.0,3.0,14.0,877508.25,57434.0,96960.0,0.06517015645918808,0.10988599131323021,0.0002071911275031804,36.96538047660967,0.00010023812280585098,43.72791198684689,0.00023749377600496618,41.45103588290499,38.37140384117624,0.4754567524274665,0.051093058662480546,0.09990835201823975
R03_32k8k_L8192,8i,r4,8192.0,4.0,14.0,877508.25,147156.0,244116.0,0.16825912630700976,0.27814511762023997,0.00016138847898856696,38.06471468574485,6.0875079190848116e-05,44.629525642640786,0.00010470304639193534,43.400315869826755,39.55226620336708,0.47591067534664716,0.04824667953706513,0.08436513801227215
R03_32k8k_L8192,8i,r5,8192.0,5.0,14.0,877508.25,266828.0,510944.0,0.3072117563501222,0.5853568739703622,0.00012171327347887823,39.2957434194697,4.1434290516928016e-05,45.30629527772797,5.683150217304805e-05,44.68587704775446,40.720829105287585,0.47626434910865006,0.04471877395267341,0.06545160649482117
R03_32k8k_L8192,8i,x_low,8192.0,0.0,14.0,877508.25,17688.0,17688.0,0.02010953290210553,0.02010953290210553,1.2561613970649208e-06,59.00992804089586,1.278577132115427e-06,58.93333490121712,1.2891265534688062e-06,58.90146175335318,58.98679561249318,0.47527834492292576,,
R03_32k8k_L8192,Owlii,r1,8192.0,1.0,8.0,700286.25,2628.0,14734.0,0.0037657952384683793,0.021016387382165304,0.0001968277773907458,37.14993701626615,1.6035112707883467e-05,48.04844949865108,1.545585714650083e-05,48.39692336840944,39.91812437058218,0.4937243801958062,0.05186444447672209,0.1054087725852199
R03_32k8k_L8192,Owlii,r2,8192.0,2.0,8.0,700286.25,8864.0,23598.0,0.012720662987687491,0.0337370503698528,0.00020067529614577035,37.047424350345096,2.2556373558171428e-05,46.53568711082827,1.93318418530218e-05,47.49139311808615,39.538953291373126,0.4936113832303877,0.047359049140263024,0.09367042586761995
R03_32k8k_L8192,Owlii,r3,8192.0,3.0,8.0,700286.25,25796.0,49394.0,0.03702988912562633,0.07076693949547913,0.0001597231651522099,38.03469962765184,2.5000929002856228e-05,46.07657267216922,1.6169011420472173e-05,48.17411147229825,40.307360238797315,0.4937936488436784,0.04428452401403438,0.0785903963482342
R03_32k8k_L8192,Owlii,r4,8192.0,4.0,8.0,700286.25,63048.0,112442.0,0.09082929732084846,0.1615962368163276,0.00011685620039884886,39.36844741152121,2.6578421166916753e-05,45.78800081842047,1.4267694393388553e-05,48.57821862994702,41.32211298968684,0.4939403542395604,0.04239945598359089,0.06621713522043449
R03_32k8k_L8192,Owlii,r5,8192.0,5.0,8.0,700286.25,133514.0,245956.0,0.1933157296465584,0.35491196646288603,9.241242830599848e-05,40.38047830012019,2.9651949416725404e-05,45.31400505188148,1.4265453275959145e-05,48.51016306949432,42.01337974026212,0.4940701910737506,0.041257683686428195,0.057128921635791585
R03_32k8k_L8192,Owlii,x_low,8192.0,0.0,8.0,700286.25,12106.0,12106.0,0.017250592143696925,0.017250592143696925,1.2902600586377467e-06,58.89365573929075,1.17678313579692e-06,59.3116847871187,1.371743947861551e-06,58.638785770705894,58.91405062419614,0.49456277304146934,,
R03_32k8k_L8192,RWTT_Train,r1,8192.0,1.0,20.0,1280449.6666666667,6293.333333333333,25976.0,0.004576856378563748,0.018903733736138528,0.00019779711665858564,43.42210519001946,6.272115934661029e-05,46.25710332088318,3.2487482515562495e-05,49.26549613487858,44.5069038244848,0.4902865017050361,0.06592418233630601,0.15319833459553128
R03_32k8k_L8192,RWTT_Train,r2,8192.0,2.0,20.0,1280449.6666666667,23320.0,49296.0,0.0169475785731435,0.03585131230928203,0.0001979190661047962,43.23308192814947,8.534370360359829e-05,45.646648477167126,4.3615691330667214e-05,49.2471656042577,44.28653820629021,0.4916777951327235,0.060957835725263386,0.13909967257403452
R03_32k8k_L8192,RWTT_Train,r3,8192.0,3.0,20.0,1280449.6666666667,68290.66666666667,117586.66666666667,0.049410075649277296,0.08526138795855931,0.00015130466160540864,43.70680150862026,5.231186960118323e-05,47.14290062586864,2.9821015981156944e-05,50.94755449152217,45.04140802113904,0.4926473217181524,0.05129446813499675,0.10278857007159414
R03_32k8k_L8192,RWTT_Train,r4,8192.0,4.0,20.0,1280449.6666666667,177592.0,295178.6666666667,0.12825754191484987,0.21351892987340917,0.00012279846124638668,44.04767880887443,3.512612978615306e-05,48.496243948779494,2.1856815055802295e-05,52.236076621906214,45.62729917799154,0.49577828765641857,0.045811303748522415,0.07842623440632453
R03_32k8k_L8192,RWTT_Train,r5,8192.0,5.0,20.0,1280449.6666666667,486517.3333333333,781696.0,0.35170258320472464,0.5652215130781338,0.00012011315883860611,43.929009245217,3.0302460057407408e-05,49.057669461039296,2.0822470962104515e-05,52.14762917053479,45.59741926285952,0.49644181244520863,0.04429896624518353,0.07087520549100773
R03_32k8k_L8192,RWTT_Train,x_low,8192.0,0.0,20.0,1280449.6666666667,19682.666666666668,19682.666666666668,0.014326877357574777,0.014326877357574777,1.6278102081570707e-06,58.16026412030294,1.5550609098742637e-06,58.25055428890499,1.1252617145964356e-06,59.53227497741807,58.34305174851758,0.4905122943540981,,
R03_32k8k_L8192,RWTT_Val,r1,8192.0,1.0,28.0,2144542.0,10728.0,52528.0,0.005002466727161324,0.024493808001895042,0.00022157503514465515,36.544791731389346,4.417686670356475e-05,43.54805090221218,5.398384439685872e-05,42.677361909004496,38.186770399944095,0.48399707627259175,0.05440034697083346,0.11626635535252398
R03_32k8k_L8192,RWTT_Val,r2,8192.0,2.0,28.0,2144542.0,41488.0,94016.0,0.019345855665218962,0.043839663667114004,0.00023811168212875485,36.23219296910968,5.658601569564045e-05,42.472908842996034,6.185476078209754e-05,42.08626868357826,37.74404191765405,0.48453786517801917,0.05120280026820581,0.1120946434236315
R03_32k8k_L8192,RWTT_Val,r3,8192.0,3.0,28.0,2144542.0,140048.0,234064.0,0.06530438667090689,0.1091440503380209,0.00021459096240476422,36.68388572493043,4.719875164497167e-05,43.2606948782502,4.388503234258149e-05,43.57683577239041,38.36760562502789,0.48509252894992244,0.04868062485842883,0.10227103206870007
R03_32k8k_L8192,RWTT_Val,r4,8192.0,4.0,28.0,2144542.0,422816.0,656880.0,0.19715911369420602,0.3063031640322269,0.0001920199360845997,37.16653679202386,4.099059051717965e-05,43.87315825120793,3.426254485787269e-05,44.65180382856638,38.940522853989684,0.48549754711894677,0.046776890716479204,0.0923437357700815
R03_32k8k_L8192,RWTT_Val,r5,8192.0,5.0,28.0,2144542.0,1287224.0,1944104.0,0.6002325904552114,0.9065357544874384,0.00018999751962480254,37.21252068627659,4.087063930733963e-05,43.88588568907483,3.417161449988384e-05,44.66334501686273,38.97804435294964,0.4861307185716748,0.045842601414697814,0.08674214395873561
R03_32k8k_L8192,RWTT_Val,x_low,8192.0,0.0,28.0,2144542.0,41800.0,41800.0,0.01949134127473372,0.01949134127473372,1.282121395123943e-06,58.92070852557859,1.1724547481210732e-06,59.30903910250887,1.1734874123708642e-06,59.305215645802534,59.01731323772287,0.484338696961956,,
R04_8k256_L4096,8i,r1,4096.0,1.0,14.0,877508.25,398.0,18086.0,0.00045894552606994796,0.020568478428175475,0.0021388516812226813,27.012375473066427,0.002337129041324309,26.366343087423054,0.000470209960465597,36.94158042915975,28.17277204437267,0.46398387924010026,0.0708568383614869,0.03884073905793583
R04_8k256_L4096,8i,r2,4096.0,2.0,14.0,877508.25,9196.0,27282.0,0.01054340763206268,0.031111886060238157,0.0028002461702319567,26.236145892260065,0.0016284264749078425,27.94503477306059,0.0005557540444599487,36.497136424802136,27.73238081892789,0.46713946946230583,0.053033690337808324,0.06554896774971036
R04_8k256_L4096,8i,r3,4096.0,3.0,14.0,877508.25,33146.0,60428.0,0.0378864352803846,0.06899832134062275,0.0021576300942046517,27.574189899131433,0.0007739540691273734,31.274595383440317,0.0004563266781283176,37.89093320012608,29.326333497294375,0.4710725851247718,0.044657357412685,0.05601990191693668
R04_8k256_L4096,8i,r4,4096.0,4.0,14.0,877508.25,103468.0,163896.0,0.11749017775351887,0.18648849909414164,0.0009678678361784031,30.832638730991007,0.00035909238570902276,34.63268116219194,0.0002771873540232023,40.2220951263631,32.481326084312634,0.4787454807537571,0.046731101804359784,0.047763975664473504
R04_8k256_L4096,8i,r5,4096.0,5.0,14.0,877508.25,163962.0,327858.0,0.18836120419383479,0.3748497032879764,0.00021714675653489922,37.15421007053324,6.883811730746299e-05,44.112197728260085,0.0001556424207155114,42.387140588751045,38.67807484252632,0.47617965748406826,0.043920067185408154,0.042850606856964756
R04_8k256_L4096,8i,x_low,4096.0,0.0,14.0,877508.25,17688.0,17688.0,0.02010953290210553,0.02010953290210553,1.2561616875007648e-06,59.00992703025173,1.2785762670216941e-06,58.93333778747968,1.2891265037265626e-06,58.90146184020349,58.98679522614919,0.4752783429788217,,
R04_8k256_L4096,Owlii,r1,4096.0,1.0,8.0,700286.25,388.0,12494.0,0.0005557044861153845,0.01780629662981231,0.002350271927180179,26.49921098195471,0.0020281466983987357,26.929275953116697,4.6505079505756135e-05,43.40301989012821,28.66594521687165,0.48375608515028123,0.06861223301665492,0.038893514097512766
R04_8k256_L4096,Owlii,r2,4096.0,2.0,8.0,700286.25,4924.0,17418.0,0.007029387804303365,0.024835684434115674,0.0021968574699885593,26.887406952045048,0.0014069155452612777,28.519059644753472,5.977792982916975e-05,42.46150574913921,29.038125888270372,0.4859441371087476,0.0450608609688682,0.051925900615146556
R04_8k256_L4096,Owlii,r3,4096.0,3.0,8.0,700286.25,17112.0,34530.0,0.02449016387207885,0.04932584830619453,0.0013285487895005129,29.126905202569027,0.0006030254168454855,32.21168066825071,4.580001994527008e-05,43.78200612258613,31.344389750781374,0.4901253796354913,0.038238193149215866,0.046524462717565135
R04_8k256_L4096,Owlii,r4,4096.0,4.0,8.0,700286.25,45628.0,80158.0,0.06537879349411928,0.11470464180031381,0.0007758307315748158,31.143539576817144,0.0004641391974633752,33.39526904096818,3.103494634920296e-05,45.27152445326475,33.19100386939198,0.4970865900710598,0.04579536113610845,0.0441787883198857
R04_8k256_L4096,Owlii,r5,4096.0,5.0,8.0,700286.25,48550.0,128708.0,0.070432733562771,0.1851373753630848,0.0001588480719599704,38.07245302977478,3.752916726387577e-05,44.29984487124553,2.0061285094210704e-05,47.138707794428534,39.98415885554034,0.49376376816556605,0.044953924062576284,0.04216499651625273
R04_8k256_L4096,Owlii,x_low,4096.0,0.0,8.0,700286.25,12106.0,12106.0,0.017250592143696925,0.017250592143696925,1.2902592201917283e-06,58.89365853002017,1.1767832690169784e-06,59.31168397988736,1.3717439478582923e-06,58.63878571416658,58.91405260927186,0.4945627712505505,,
R04_8k256_L4096,RWTT_Train,r1,4096.0,1.0,20.0,1280449.6666666667,1354.6666666666667,21037.333333333332,0.0010052102173691072,0.015332087574943885,0.006304127180949918,25.570246235136455,0.0021920802666166327,26.618160906927937,8.38938656882771e-05,41.18591252628585,27.65319385550406,0.4792397552289352,0.07296545042343437,0.045171356775542175
R04_8k256_L4096,RWTT_Train,r2,4096.0,2.0,20.0,1280449.6666666667,10122.666666666666,31160.0,0.007354558994635188,0.022686646569579073,0.004593395540898783,26.59066475053865,0.001494558605700634,28.32053463331152,0.00011696653897141625,40.33041337134199,28.524367063485673,0.48379757385565664,0.05567834692294049,0.07209319086601025
R04_8k256_L4096,RWTT_Train,r3,4096.0,3.0,20.0,1280449.6666666667,36650.666666666664,67810.66666666667,0.026488638007561977,0.04917528457714105,0.002433146809417476,30.947757568867363,0.0005928556470205898,33.15345402366465,7.899834576505101e-05,43.11340034054223,32.74417497217639,0.489041197743918,0.04515280883199351,0.058460970997818086
R04_8k256_L4096,RWTT_Train,r4,4096.0,4.0,20.0,1280449.6666666667,114120.0,181930.66666666666,0.08244299293062496,0.131618277507766,0.0013065022621150963,29.824736229768813,0.0004046772209228547,34.048149212735204,4.8533855049309064e-05,44.699874854931714,32.21205518078497,0.4981730138290464,0.04610455130974942,0.048396602466488116
R04_8k256_L4096,RWTT_Train,r5,4096.0,5.0,20.0,1280449.6666666667,203338.66666666666,385269.3333333333,0.1470290713924978,0.2786473489002638,0.0006015558267892692,38.330609476609645,5.2389652932175825e-05,46.304890661353085,3.52217328953703e-05,50.0925387524718,40.79763578418534,0.4960203942434634,0.0453241914543557,0.04492670558619835
R04_8k256_L4096,RWTT_Train,x_low,4096.0,0.0,20.0,1280449.6666666667,19682.666666666668,19682.666666666668,0.014326877357574777,0.014326877357574777,1.6278108290692605e-06,58.160261931624966,1.5550606217271176e-06,58.250555080980384,1.125261939651534e-06,59.53227394570416,58.34305007705429,0.49051229226027965,,
R04_8k256_L4096,RWTT_Val,r1,4096.0,1.0,28.0,2144542.0,1752.0,43552.0,0.0008169576534290305,0.02030829892816275,0.00324700623122983,24.885168779320107,0.0021945448398198344,26.58655541049413,9.80299772853276e-05,40.086410979930605,26.99799738329317,0.4746009423290319,0.06981896630432535,0.039619581065432355
R04_8k256_L4096,RWTT_Val,r2,4096.0,2.0,28.0,2144542.0,20568.0,64120.0,0.009590859027242181,0.02989915795540493,0.0034260291514595213,24.652089460219543,0.0015290606543405835,28.15575286776724,0.00011436548202117189,39.41705035244072,26.935667497690652,0.4774252115306337,0.04976675169882057,0.061846361196600176
R04_8k256_L4096,RWTT_Val,r3,4096.0,3.0,28.0,2144542.0,74336.0,138456.0,0.03466287906695229,0.06456203702235722,0.0026666923524725126,25.740270845464618,0.0007029906028897329,31.53050480300818,8.8405098965787e-05,40.535226853393965,28.31341959114873,0.4814183367118763,0.04240167451613842,0.05415165824934282
R04_8k256_L4096,RWTT_Val,r4,4096.0,4.0,28.0,2144542.0,232448.0,370904.0,0.10839050948873932,0.17295254651109654,0.001785101479706684,27.483370900145854,0.0003221050887611372,34.92002413946456,6.206553916228105e-05,42.07149467548787,30.236468026978443,0.4872366503546386,0.04561963431330182,0.048945313535959184
R04_8k256_L4096,RWTT_Val,r5,4096.0,5.0,28.0,2144542.0,501544.0,872448.0,0.23386998249509686,0.4068225290061934,0.001106828937373361,29.559194950160084,5.5065737866669636e-05,42.59118536967418,5.224740889911798e-05,42.81935242608643,32.84571343709014,0.4856480572384505,0.04462560633039106,0.04740349700414842
R04_8k256_L4096,RWTT_Val,x_low,4096.0,0.0,28.0,2144542.0,41800.0,41800.0,0.01949134127473372,0.01949134127473372,1.2821214476454911e-06,58.92070834767174,1.1724545291447384e-06,59.30903991362949,1.1734880483328381e-06,59.305213292179495,59.01731291147993,0.48433869429272913,,
R05_8k256_L2048,8i,r1,2048.0,1.0,14.0,877508.25,286.0,17974.0,0.0003323762857015486,0.020441909187807077,0.002118791815025678,27.06773413694829,0.00223466593408105,26.566268456656196,0.0004675432571538682,37.037885943253855,28.251319902699976,0.46417100831886016,0.07087132849383088,0.041503899469657414
R05_8k256_L2048,8i,r2,2048.0,2.0,14.0,877508.25,7850.0,25824.0,0.009005925968265662,0.029447835156072737,0.002713192157610604,26.386407001082222,0.001460714066667033,28.436543266619594,0.0005544234972264417,36.6637685360772,27.927344226148765,0.4676967484023995,0.053070987790388234,0.06579090949058214
R05_8k256_L2048,8i,r3,2048.0,3.0,14.0,877508.25,28196.0,54020.0,0.032206939250705356,0.06165477440677809,0.002024923590812018,27.949494247494613,0.0005945908569950843,32.594988253992774,0.00046179873631557326,38.057090632240644,29.793630546400134,0.47196375009972197,0.04422928121297545,0.05643004556756258
R05_8k256_L2048,8i,r4,2048.0,4.0,14.0,877508.25,84156.0,138176.0,0.09541341500676322,0.1570681894135413,0.0012338376546398534,29.334021589148037,0.0007302170976931673,31.40770580760583,0.000295165365619458,39.31454448206314,30.84079747806965,0.4803359328546964,0.04968052413677485,0.04939402060852525
R05_8k256_L2048,8i,r5,2048.0,5.0,14.0,877508.25,102230.0,240406.0,0.11910324050317708,0.2761714299167184,0.00030080037924076086,35.58903341770862,7.955887977001597e-05,43.4325387704251,0.00017959504582148338,41.72060312757104,37.33591780053098,0.47615262709899664,0.04848760178036202,0.04527910823137881
R05_8k256_L2048,8i,x_low,2048.0,0.0,14.0,877508.25,17688.0,17688.0,0.02010953290210553,0.02010953290210553,1.2561625827871557e-06,59.00992394624355,1.2785765938735133e-06,58.93333671863855,1.2891275357961952e-06,58.90145845321755,58.98679235616468,0.4752783429595552,,
R05_8k256_L2048,Owlii,r1,2048.0,1.0,8.0,700286.25,270.0,12376.0,0.0003852782736818246,0.01763587041737875,0.0023512751825635805,26.50600283756577,0.0019298191576446592,27.14508804118579,4.451152921370886e-05,43.60230286588567,28.72292599155826,0.4838441207167485,0.0686039051660376,0.041464414969195215
R05_8k256_L2048,Owlii,r2,2048.0,2.0,8.0,700286.25,4094.0,16470.0,0.005845598593336896,0.02348146901071565,0.002171217757900347,26.95372202923258,0.0012388112267011867,29.07256900369164,5.685975696187749e-05,42.71503716955339,29.188742293580066,0.48644992927094727,0.045341400555988426,0.05303771053554585
R05_8k256_L2048,Owlii,r3,2048.0,3.0,8.0,700286.25,13972.0,30442.0,0.020002298872890213,0.04348376788360586,0.001219875598038532,29.58253800239028,0.00039551240904881857,34.0853131788171,4.304537153468555e-05,44.1279424733887,31.963560458318437,0.49107926177682226,0.038385807728812615,0.04876194517877837
R05_8k256_L2048,Owlii,r4,2048.0,4.0,8.0,700286.25,34182.0,64624.0,0.04901943479969453,0.0925032026833004,0.0012239525305334333,29.126982595471418,0.0009272952389345556,30.363609483200293,4.157806655000907e-05,43.91331896875442,31.129853003097903,0.4980410966903242,0.04933441725594343,0.04671951581872808
R05_8k256_L2048,Owlii,r5,2048.0,5.0,8.0,700286.25,28262.0,92886.0,0.04110549937952797,0.13360870206282838,0.00021950520007962677,36.66168977962847,4.111366921971555e-05,43.90849816336136,2.3016674789505954e-05,46.5920863695918,38.8088404013405,0.4937181513069196,0.05035452017265262,0.04474297504695604
R05_8k256_L2048,Owlii,x_low,2048.0,0.0,8.0,700286.25,12106.0,12106.0,0.017250592143696925,0.017250592143696925,1.2902588755830733e-06,58.89365970255577,1.176784567535327e-06,59.31167948822048,1.371743947866789e-06,58.63878600500163,58.914052963569596,0.4945627733889979,,
R05_8k256_L2048,RWTT_Train,r1,2048.0,1.0,20.0,1280449.6666666667,1058.6666666666667,20741.333333333332,0.0007891209142451191,0.015115998271819897,0.00623751928384043,25.646045043083557,0.0020978965208099548,26.81247722242321,8.292886797852334e-05,41.2858471772424,27.746824332270865,0.479418553640945,0.07298252928682787,0.04727029891004068
R05_8k256_L2048,RWTT_Train,r2,2048.0,2.0,20.0,1280449.6666666667,8640.0,29381.333333333332,0.006253098417431793,0.021369096689251688,0.004536124183325459,26.94246791486043,0.0013264741564013064,28.870512827049506,0.00011316633563100412,40.55161007586211,28.884616299009277,0.48423710428227773,0.0560540358979613,0.07334872986406786
R05_8k256_L2048,RWTT_Train,r3,2048.0,3.0,20.0,1280449.6666666667,30914.666666666668,60296.0,0.02234381963980059,0.043712916329052276,0.002336490653550713,35.0157630559973,0.0004331490915838964,36.38297079644513,7.502131833922138e-05,44.371075718884775,36.35607810641421,0.4898790297982684,0.04554040276850693,0.05992717988150272
R05_8k256_L2048,RWTT_Train,r4,2048.0,4.0,20.0,1280449.6666666667,92954.66666666667,153250.66666666666,0.06717207658418266,0.11088499291323495,0.0015878549048293708,28.619847434806292,0.0007538199694032533,31.248121930772754,5.691155614812188e-05,43.57172193727922,30.817366059611217,0.4989245786314816,0.04892088923629545,0.05044141098988295
R05_8k256_L2048,RWTT_Train,r5,2048.0,5.0,20.0,1280449.6666666667,135378.66666666666,288629.3333333333,0.09828795370884007,0.209172946622075,0.0006616982486024659,38.93798378317189,6.107810518397356e-05,46.00181885424732,4.0129499718495724e-05,49.567938357092174,41.14970748879636,0.495863485590307,0.04942496630664426,0.04714297072037188
R05_8k256_L2048,RWTT_Train,x_low,2048.0,0.0,20.0,1280449.6666666667,19682.666666666668,19682.666666666668,0.014326877357574777,0.014326877357574777,1.6278106457529141e-06,58.160262536430984,1.5550609588327625e-06,58.250554044436306,1.1252621296265312e-06,59.532273493444244,58.3430503445583,0.4905122945610733,,
R05_8k256_L2048,RWTT_Val,r1,2048.0,1.0,28.0,2144542.0,1280.0,43080.0,0.0005968640390349081,0.020088205313768627,0.0032317347216091175,24.905642956912907,0.0020900777640707967,26.798375550953793,9.59291857482397e-05,40.180492418278185,27.051590713838674,0.474724778002972,0.06973062358214556,0.04189055024825809
R05_8k256_L2048,RWTT_Val,r2,2048.0,2.0,28.0,2144542.0,17520.0,60600.0,0.008169576534290306,0.02825778184805893,0.0034098260070084922,24.672677811611603,0.0013677603452086368,28.639899917030913,0.00011094195826462094,39.549041725475654,27.028126064022022,0.4778872952204901,0.049832650296869764,0.06200398066888997
R05_8k256_L2048,RWTT_Val,r3,2048.0,3.0,28.0,2144542.0,62496.0,123096.0,0.029141886705879392,0.05739966855393833,0.0025604143462561813,25.91689748074263,0.0005175020947084266,32.86087887960959,8.704633915220108e-05,40.602494889858235,28.620594831740448,0.4820282675601641,0.04226837343982885,0.055326600691707355
R05_8k256_L2048,RWTT_Val,r4,2048.0,4.0,28.0,2144542.0,188248.0,311344.0,0.08778004814081515,0.14517971669475346,0.0020671900466702584,26.846195947679192,0.0006808700679267154,31.669357576412935,7.199355226218443e-05,41.427063972123975,29.271699654326504,0.48835478457269477,0.04862925086341666,0.05076337951920289
R05_8k256_L2048,RWTT_Val,r5,2048.0,5.0,28.0,2144542.0,357792.0,669136.0,0.1668384205112327,0.31201813720598615,0.001197918411816311,29.21572759997282,6.249067453555233e-05,42.041847874547365,5.8875824137877443e-05,42.300630006099276,32.454605435060444,0.48556275639972973,0.04899456116834913,0.049094068960849994
R05_8k256_L2048,RWTT_Val,x_low,2048.0,0.0,28.0,2144542.0,41800.0,41800.0,0.01949134127473372,0.01949134127473372,1.2821206173116983e-06,58.92071116027192,1.1724538195646242e-06,59.309042542019874,1.173488109615842e-06,59.305213065378126,59.01731532112869,0.4843386968144154,,
R06_2k128_L1024,8i,r1,1024.0,1.0,14.0,877508.25,146.0,17834.0,0.00016864132695757001,0.020278174229063098,0.0030734928556615396,25.31775706118122,0.0030980121060268677,25.121302222421726,0.0006122916844918159,33.68126973259204,26.338639290262634,0.46219654265819454,0.06173102060899502,0.04074436305289834
R06_2k128_L1024,8i,r2,1024.0,2.0,14.0,877508.25,6720.0,24554.0,0.007690391649596515,0.027968565878659615,0.003482405898095771,25.041905927345177,0.002103829922340212,26.812167629224014,0.0007569119828445604,33.577914614513155,26.330189725976027,0.46595244561164284,0.046536448010276094,0.05491523447346419
R06_2k128_L1024,8i,r3,1024.0,3.0,14.0,877508.25,23216.0,47770.0,0.026366773081397173,0.05433533896005679,0.0024029908590578303,26.97406898039694,0.0007947160964269174,31.392673024901377,0.0006267961799902829,36.116003691137735,28.669136324802594,0.47180535739636453,0.04060602726907142,0.04947220057267886
R06_2k128_L1024,8i,r4,1024.0,4.0,14.0,877508.25,60546.0,108316.0,0.0684546776815057,0.12279001664156249,0.001577310539747174,28.1323929846053,0.0011170624788859867,29.539283576622108,0.00044024437191897566,36.352662935477596,29.335788052466437,0.4822612316966425,0.04638971323327487,0.04513698624575905
R06_2k128_L1024,8i,r5,1024.0,5.0,14.0,877508.25,47552.0,155868.0,0.05552801552205042,0.17831803216361292,0.00044881759578205694,33.79275039935572,0.00011488450650044996,42.20867141679567,0.000344859843548462,39.43325785625469,35.549803958648084,0.4749286144571624,0.04615653754433385,0.042905482657559973
R06_2k128_L1024,8i,x_low,1024.0,0.0,14.0,877508.25,17688.0,17688.0,0.02010953290210553,0.02010953290210553,1.2561622710339406e-06,59.0099250202788,1.2785764588700888e-06,58.93333718862408,1.2891269567012387e-06,58.90146039363009,58.986793462990875,0.47527834006281916,,
R06_2k128_L1024,Owlii,r1,1024.0,1.0,8.0,700286.25,136.0,12242.0,0.00019442006630736097,0.017445012210004288,0.003328161394529225,24.909603592760508,0.0027762893668110216,25.565404755843854,0.0001739384189989883,37.60291191924292,26.578242278956225,0.4826917607166846,0.06119333836634579,0.04094265147841149
R06_2k128_L1024,Owlii,r2,1024.0,2.0,8.0,700286.25,3572.0,15814.0,0.005101299179410568,0.022546311389414854,0.0028612215493468533,25.629217586658186,0.001898181753126713,27.21823692747107,0.00014680554868881345,38.364749758740736,27.419786525770114,0.4857442418965965,0.04261276898308504,0.04875909232144274
R06_2k128_L1024,Owlii,r3,1024.0,3.0,8.0,700286.25,11368.0,27182.0,0.01627052343463812,0.03881683482405297,0.0015002683148791513,28.626652334607694,0.0004987829814346366,33.14815968155815,6.093914144930803e-05,42.44336686481585,30.91893006925252,0.49208669205150474,0.03799228670382544,0.04626963015840317
R06_2k128_L1024,Owlii,r4,1024.0,4.0,8.0,700286.25,22932.0,50114.0,0.03295010161634995,0.07176693644040294,0.0016149503309768763,27.925604907407212,0.0013104821103593865,28.848616094652602,9.200633780811712e-05,40.379845563240124,29.597761387791998,0.5000947501252793,0.046391182559201216,0.044284392978493174
R06_2k128_L1024,Owlii,r5,1024.0,5.0,8.0,700286.25,13544.0,63658.0,0.019780095266538598,0.09154703170694153,0.0003229421772674598,35.00534305110312,4.717677308852887e-05,43.30669004900417,3.317817296403083e-05,45.07589212455966,37.30183006002282,0.4937485824880976,0.04754002616241951,0.04290942357996423
R06_2k128_L1024,Owlii,x_low,1024.0,0.0,8.0,700286.25,12106.0,12106.0,0.017250592143696925,0.017250592143696925,1.2902590070356082e-06,58.893659248282184,1.1767829652592677e-06,59.31168512702485,1.3717419938651426e-06,58.63879191733638,58.91405406675679,0.4945627745261337,,
R06_2k128_L1024,RWTT_Train,r1,1024.0,1.0,20.0,1280449.6666666667,888.0,20570.666666666668,0.0006682999083888148,0.014995177265963592,0.007807052213400067,23.561027841281483,0.0029575135773197044,25.305075763090557,0.00022172679933207527,36.57784490007145,25.40613596385636,0.4783945874942394,0.0634608881673725,0.043209165975297135
R06_2k128_L1024,RWTT_Train,r2,1024.0,2.0,20.0,1280449.6666666667,7992.0,28562.666666666668,0.005787457320896812,0.020782634586860405,0.005364132487418675,25.213174296457222,0.0019366126598912908,27.195924422474107,0.00021953125885522534,36.869180276626906,26.918018809730544,0.48332736331816656,0.05052037782092689,0.06581529932594223
R06_2k128_L1024,RWTT_Train,r3,1024.0,3.0,20.0,1280449.6666666667,26546.666666666668,55109.333333333336,0.01919452654305466,0.03997716112991506,0.002638229716701593,32.86315703650587,0.0005760252922116608,36.79290919528703,0.00010328591275998645,42.93415980633521,34.613251402582186,0.49051125769629284,0.04280395864951656,0.05480914147823007
R06_2k128_L1024,RWTT_Train,r4,1024.0,4.0,20.0,1280449.6666666667,68496.0,123605.33333333333,0.04953424489344138,0.08951140602335646,0.001982523039735453,27.527764971395538,0.00115051701589572,29.401134758954232,9.824399739064519e-05,40.33321263127172,29.36261715232489,0.5007685265435962,0.04614479432794404,0.046801048276009755
R06_2k128_L1024,RWTT_Train,r5,1024.0,5.0,20.0,1280449.6666666667,72765.33333333333,196370.66666666666,0.05323006294628973,0.14274146896964618,0.0007929315280442613,37.50528109341958,8.945961331061834e-05,43.65505451338046,6.0202970048411996e-05,47.36184974927705,39.506073852896876,0.4955939359825218,0.0467848493952868,0.04352883841074586
R06_2k128_L1024,RWTT_Train,x_low,1024.0,0.0,20.0,1280449.6666666667,19682.666666666668,19682.666666666668,0.014326877357574777,0.014326877357574777,1.6278105114360892e-06,58.1602630750931,1.5550612112641218e-06,58.25055380429807,1.1252619756027968e-06,59.53227417662592,58.34305080393532,0.4905122940373052,,
R06_2k128_L1024,RWTT_Val,r1,1024.0,1.0,28.0,2144542.0,776.0,42576.0,0.0003618488236649131,0.019853190098398633,0.004308808902536461,23.65642766625086,0.0029739596343513123,25.266649304668736,0.00023585701390956915,36.27351204188559,25.434840918007435,0.47350924538369316,0.06137788475238557,0.04106723552214007
R06_2k128_L1024,RWTT_Val,r2,1024.0,2.0,28.0,2144542.0,15440.0,58016.0,0.007199672470858579,0.02705286256925721,0.004162516416333964,23.806440406906223,0.002045736292833013,26.891503500709312,0.00022460647518310575,36.485777276126015,25.776990402284085,0.47704090365055757,0.045147280813009595,0.05477372648950654
R06_2k128_L1024,RWTT_Val,r3,1024.0,3.0,28.0,2144542.0,51912.0,109928.0,0.024206567183109495,0.051259429752366706,0.002926855503816039,25.33598717759025,0.0007072898053073114,31.50402601681002,0.00012666897652734946,38.97329738492837,27.811655808409988,0.48240715296501097,0.039954155144017095,0.05067508623531442
R06_2k128_L1024,RWTT_Val,r4,1024.0,4.0,28.0,2144542.0,139952.0,249880.0,0.06525962186797928,0.11651905162034598,0.002448094004825806,26.111719096501403,0.0010079703061822512,29.96552261592024,0.0001120393951690381,39.50629244327747,28.267766204775764,0.49050124406836154,0.04567273402611705,0.046924526391007394
R06_2k128_L1024,RWTT_Val,r5,1024.0,5.0,28.0,2144542.0,210792.0,460672.0,0.09829231602831746,0.21481136764866343,0.001360811585189909,28.66202002039056,8.105465109075656e-05,40.91222059346065,8.293529537590458e-05,40.81260604253343,31.71211834479218,0.48523416063762825,0.04608924454298186,0.044225130045499626
R06_2k128_L1024,RWTT_Val,x_low,1024.0,0.0,28.0,2144542.0,41800.0,41800.0,0.01949134127473372,0.01949134127473372,1.2821212137708266e-06,58.92070913987816,1.172454473776675e-06,59.309040118720986,1.1734872863070635e-06,59.3052161123505,59.01731388379255,0.48433869404889224,,
