label,checkpoint_step,model_id,sample,points,base_bits,enhancement_bits,full_bits,base_bpp,enhancement_bpp,full_bpp,y_mse,u_mse,v_mse,y_psnr,u_psnr,v_psnr,yuv_psnr_611,hard_full_max_abs_difference
D111_p300,2063,RWT115,RWT115/model_mesh_P0.h5,68949,10960,18112,29072,0.15895807045787466,0.26268691351578705,0.4216449839736617,4.78431e-05,1.80669e-05,1.0955e-05,43.2018,47.4312,49.6039,44.5307375,0.0
D111_p500,2263,RWT115,RWT115/model_mesh_P0.h5,68949,10960,18912,29872,0.15895807045787466,0.27428969238132533,0.43324776283919997,4.71077e-05,1.78158e-05,1.08331e-05,43.2691,47.4919,49.6525,44.594875,0.0
D111_p750,2513,RWT115,RWT115/model_mesh_P0.h5,68949,10960,18408,29368,0.15895807045787466,0.2669799416960362,0.42593801215391086,4.70628e-05,1.86695e-05,1.11609e-05,43.2732,47.2887,49.523,44.556362500000006,0.0
D111_p1000,2763,RWT115,RWT115/model_mesh_P0.h5,68949,10960,20640,31600,0.15895807045787466,0.2993516947308881,0.4583097651887627,4.64426e-05,1.81251e-05,1.07835e-05,43.3308,47.4172,49.6724,44.634299999999996,0.0
D111_p1500,3263,RWT115,RWT115/model_mesh_P0.h5,68949,10960,18888,29848,0.15895807045787466,0.2739416090153592,0.4328996794732338,4.75555e-05,1.74768e-05,1.07805e-05,43.228,47.5754,49.6736,44.577125,0.0
D411_p300,2063,RWT115,RWT115/model_mesh_P0.h5,68949,10960,35864,46824,0.15895807045787466,0.5201525765420818,0.6791106469999565,2.83377e-05,2.24359e-05,1.16934e-05,45.4764,46.4906,49.3206,46.08369999999999,0.0
D411_p500,2263,RWT115,RWT115/model_mesh_P0.h5,68949,10960,36352,47312,0.15895807045787466,0.5272302716500602,0.6861883421079349,2.79917e-05,2.31175e-05,1.19574e-05,45.5297,46.3606,49.2237,46.0953125,0.0
D411_p750,2513,RWT115,RWT115/model_mesh_P0.h5,68949,10960,34096,45056,0.15895807045787466,0.4945104352492422,0.6534685057071169,2.93762e-05,2.34006e-05,1.20987e-05,45.32,46.3077,49.1726,45.9250375,0.0
D411_p1000,2763,RWT115,RWT115/model_mesh_P0.h5,68949,10960,37824,48784,0.15895807045787466,0.5485793847626507,0.7075374552205254,2.78018e-05,2.3305e-05,1.21966e-05,45.5593,46.3255,49.1376,46.1023625,0.0
D411_p1500,3263,RWT115,RWT115/model_mesh_P0.h5,68949,10960,34912,45872,0.15895807045787466,0.5063452696920913,0.665303340149966,2.89066e-05,2.3357e-05,1.21295e-05,45.39,46.3158,49.1616,45.97717500000001,0.0
D611_p300,2063,RWT115,RWT115/model_mesh_P0.h5,68949,10960,39408,50368,0.15895807045787466,0.5715528869164165,0.7305109573742912,2.56492e-05,2.34883e-05,1.22881e-05,45.9093,46.2915,49.1051,46.35655,0.0
D611_p500,2263,RWT115,RWT115/model_mesh_P0.h5,68949,10960,39976,50936,0.15895807045787466,0.5797908599109487,0.7387489303688234,2.54043e-05,2.42144e-05,1.26768e-05,45.9509,46.1593,48.9699,46.354324999999996,0.0
D611_p750,2513,RWT115,RWT115/model_mesh_P0.h5,68949,10960,37352,48312,0.15895807045787466,0.541733745231983,0.7006918156898577,2.69158e-05,2.42967e-05,1.26687e-05,45.6999,46.1445,48.9727,46.164575,0.0
D611_p1000,2763,RWT115,RWT115/model_mesh_P0.h5,68949,10960,41584,52544,0.15895807045787466,0.6031124454306807,0.7620705158885553,2.51895e-05,2.4011e-05,1.29282e-05,45.9878,46.1959,48.8846,46.3759125,0.0
D611_p1500,3263,RWT115,RWT115/model_mesh_P0.h5,68949,10960,38696,49656,0.15895807045787466,0.5612264137260874,0.7201844841839621,2.62698e-05,2.42024e-05,1.26369e-05,45.8054,46.1614,48.9836,46.247175000000006,0.0
D111_p300,2063,RWT14,RWT14/mesh_P0.h5,50118,31080,60792,91872,0.6201364779121273,1.212977373398779,1.8331138513109062,8.65794e-05,1.40337e-05,6.51144e-06,40.6259,48.5283,51.8632,43.0183625,0.0
D111_p500,2263,RWT14,RWT14/mesh_P0.h5,50118,31080,61920,93000,0.6201364779121273,1.2354842571531186,1.855620735065246,8.43853e-05,1.41199e-05,6.58064e-06,40.7373,48.5017,51.8173,43.09284999999999,0.0
D111_p750,2513,RWT14,RWT14/mesh_P0.h5,50118,31080,60648,91728,0.6201364779121273,1.2101041541960973,1.8302406321082245,8.68513e-05,1.44504e-05,6.69731e-06,40.6122,48.4012,51.741,42.976925,0.0
D111_p1000,2763,RWT14,RWT14/mesh_P0.h5,50118,31080,61480,92560,0.6201364779121273,1.2267049762560358,1.846841454168163,8.54694e-05,1.42462e-05,6.62303e-06,40.6819,48.463,51.7894,43.042975,0.0
D111_p1500,3263,RWT14,RWT14/mesh_P0.h5,50118,31080,61192,92272,0.6201364779121273,1.2209585378506724,1.8410950157627999,8.73922e-05,1.40458e-05,6.59849e-06,40.5853,48.5245,51.8056,42.9802375,0.0
D411_p300,2063,RWT14,RWT14/mesh_P0.h5,50118,31080,88128,119208,0.6201364779121273,1.7584101520411828,2.37854662995331,4.3238e-05,1.50994e-05,6.93285e-06,43.6413,48.2104,51.5909,45.2061375,0.0
D411_p500,2263,RWT14,RWT14/mesh_P0.h5,50118,31080,89528,120608,0.6201364779121273,1.78634422762281,2.4064807055349378,4.16038e-05,1.52213e-05,6.99576e-06,43.8087,48.1755,51.5517,45.322425,0.0
D411_p750,2513,RWT14,RWT14/mesh_P0.h5,50118,31080,88536,119616,0.6201364779121273,1.7665509397821142,2.3866874176942416,4.29181e-05,1.52038e-05,7.05239e-06,43.6736,48.1805,51.5166,45.2173375,0.0
D411_p1000,2763,RWT14,RWT14/mesh_P0.h5,50118,31080,89984,121064,0.6201364779121273,1.7954427550979688,2.4155792330100962,4.10327e-05,1.52072e-05,7.02468e-06,43.8687,48.1795,51.5337,45.365675,0.0
D411_p1500,3263,RWT14,RWT14/mesh_P0.h5,50118,31080,89320,120400,0.6201364779121273,1.7821940221078256,2.402330500019953,4.21217e-05,1.5062e-05,7.07946e-06,43.7549,48.2212,51.5,45.281325,0.0
D611_p300,2063,RWT14,RWT14/mesh_P0.h5,50118,31080,92600,123680,0.6201364779121273,1.8476395706133524,2.46777604852548,3.86393e-05,1.5182e-05,7.06126e-06,44.1297,48.1867,51.5112,45.5595125,0.0
D611_p500,2263,RWT14,RWT14/mesh_P0.h5,50118,31080,93944,125024,0.6201364779121273,1.8744562831717146,2.494592761083842,3.72615e-05,1.51277e-05,7.09772e-06,44.2874,48.2023,51.4888,45.676937499999994,0.0
D611_p750,2513,RWT14,RWT14/mesh_P0.h5,50118,31080,92888,123968,0.6201364779121273,1.8533860090187158,2.473522486930843,3.84653e-05,1.51847e-05,7.20236e-06,44.1493,48.1859,51.4252,45.563362500000004,0.0
D611_p1000,2763,RWT14,RWT14/mesh_P0.h5,50118,31080,94552,125632,0.6201364779121273,1.886587653138593,2.5067241310507202,3.66553e-05,1.52144e-05,7.08738e-06,44.3586,48.1774,51.4951,45.7280125,0.0
D611_p1500,3263,RWT14,RWT14/mesh_P0.h5,50118,31080,94160,125240,0.6201364779121273,1.8787661119757373,2.4989025898878645,3.73099e-05,1.50765e-05,7.16402e-06,44.2818,48.217,51.4484,45.66952499999999,0.0
D111_p300,2063,RWT144,RWT144/cabbage_model_P0.h5,64477,49176,67896,117072,0.762690571831816,1.053026660669696,1.815717232501512,7.31063e-05,4.45554e-05,5.05288e-05,41.3605,43.511,42.9646,41.82982500000001,0.0
D111_p500,2263,RWT144,RWT144/cabbage_model_P0.h5,64477,49176,68936,118112,0.762690571831816,1.0691564433829117,1.8318470152147277,7.16601e-05,4.4392e-05,5.04157e-05,41.4472,43.527,42.9743,41.898062499999995,0.0
D111_p750,2513,RWT144,RWT144/cabbage_model_P0.h5,64477,49176,67656,116832,0.762690571831816,1.0493044031204926,1.8119949749523085,7.25159e-05,4.4927e-05,5.12064e-05,41.3957,43.4749,42.9068,41.84448749999999,0.0
D111_p1000,2763,RWT144,RWT144/cabbage_model_P0.h5,64477,49176,69064,118240,0.762690571831816,1.0711416474091537,1.8338322192409697,7.17341e-05,4.40074e-05,5.01782e-05,41.4427,43.5647,42.9949,41.90197500000001,0.0
D111_p1500,3263,RWT144,RWT144/cabbage_model_P0.h5,64477,49176,68896,118072,0.762690571831816,1.068536067124711,1.831226638956527,7.20133e-05,4.39712e-05,4.96644e-05,41.4259,43.5683,43.0396,41.8954125,0.0
D411_p300,2063,RWT144,RWT144/cabbage_model_P0.h5,64477,49176,89376,138552,0.762690571831816,1.3861687113234176,2.148859283155234,4.07547e-05,5.25266e-05,5.73095e-05,43.8982,42.7962,42.4177,43.575387500000005,0.0
D411_p500,2263,RWT144,RWT144/cabbage_model_P0.h5,64477,49176,90112,139288,0.762690571831816,1.3975836344743087,2.160274206306125,3.93593e-05,5.41855e-05,5.83835e-05,44.0495,42.6612,42.3371,43.66191250000001,0.0
D411_p750,2513,RWT144,RWT144/cabbage_model_P0.h5,64477,49176,88448,137624,0.762690571831816,1.3717759821331639,2.13446655396498,4.03677e-05,5.44855e-05,5.8576e-05,43.9397,42.6372,42.3228,43.574775,0.0
D411_p1000,2763,RWT144,RWT144/cabbage_model_P0.h5,64477,49176,90104,139280,0.762690571831816,1.3974595592226686,2.1601501310544844,3.89582e-05,5.46688e-05,5.86297e-05,44.094,42.6226,42.3188,43.688175,0.0
D411_p1500,3263,RWT144,RWT144/cabbage_model_P0.h5,64477,49176,89456,138632,0.762690571831816,1.387409463839819,2.1501000356716347,3.90055e-05,5.5895e-05,5.88044e-05,44.0887,42.5263,42.3059,43.67055,0.0
D611_p300,2063,RWT144,RWT144/cabbage_model_P0.h5,64477,49176,92336,141512,0.762690571831816,1.432076554430262,2.194767126262078,3.69572e-05,5.62692e-05,5.99727e-05,44.323,42.4973,42.2205,43.831975,0.0
D611_p500,2263,RWT144,RWT144/cabbage_model_P0.h5,64477,49176,93088,142264,0.762690571831816,1.4437396280844332,2.206430199916249,3.56008e-05,5.91986e-05,6.16785e-05,44.4854,42.2769,42.0987,43.911,0.0
D611_p750,2513,RWT144,RWT144/cabbage_model_P0.h5,64477,49176,90944,140120,0.762690571831816,1.4104874606448812,2.173178032476697,3.66146e-05,6.00605e-05,6.26453e-05,44.3634,42.2141,42.0311,43.8032,0.0
D611_p1000,2763,RWT144,RWT144/cabbage_model_P0.h5,64477,49176,92768,141944,0.762690571831816,1.4387766180188284,2.2014671898506446,3.51285e-05,6.14517e-05,6.3641e-05,44.5434,42.1147,41.9626,43.9172125,0.0
D611_p1500,3263,RWT144,RWT144/cabbage_model_P0.h5,64477,49176,92264,141440,0.762690571831816,1.4309598771655008,2.193650448997317,3.51646e-05,6.17752e-05,6.29461e-05,44.5389,42.0919,42.0103,43.91695,0.0
D111_p300,2063,RWT158,RWT158/sutr13_P0.h5,90046,38224,43400,81624,0.42449414743575503,0.48197587899518024,0.9064700264309353,7.51691e-05,2.55076e-05,1.41499e-05,41.2396,45.9333,48.4925,42.732925,0.0
D111_p500,2263,RWT158,RWT158/sutr13_P0.h5,90046,38224,44632,82856,0.42449414743575503,0.4956577749150434,0.9201519223507985,7.35525e-05,2.52625e-05,1.40075e-05,41.334,45.9752,48.5364,42.81445,0.0
D111_p750,2513,RWT158,RWT158/sutr13_P0.h5,90046,38224,43408,81632,0.42449414743575503,0.48206472247517934,0.9065588699109344,7.46714e-05,2.59352e-05,1.42779e-05,41.2685,45.8611,48.4534,42.7406875,0.0
D111_p1000,2763,RWT158,RWT158/sutr13_P0.h5,90046,38224,44064,82288,0.42449414743575503,0.4893498878351065,0.9138440352708616,7.36542e-05,2.56984e-05,1.41628e-05,41.328,45.9009,48.4885,42.794675,0.0
D111_p1500,3263,RWT158,RWT158/sutr13_P0.h5,90046,38224,43504,81728,0.42449414743575503,0.48313084423516867,0.9076249916709237,7.50463e-05,2.50531e-05,1.39617e-05,41.2467,46.0114,48.5506,42.755275,0.0
D411_p300,2063,RWT158,RWT158/sutr13_P0.h5,90046,38224,80264,118488,0.42449414743575503,0.8913666348310864,1.3158607822668413,4.27946e-05,2.90033e-05,1.52723e-05,43.6861,45.3755,48.161,44.4566375,0.0
D411_p500,2263,RWT158,RWT158/sutr13_P0.h5,90046,38224,81928,120152,0.42449414743575503,0.9098460786709015,1.3343402261066566,4.1568e-05,2.95528e-05,1.54604e-05,43.8124,45.294,48.1078,44.534524999999995,0.0
D411_p750,2513,RWT158,RWT158/sutr13_P0.h5,90046,38224,78368,116592,0.42449414743575503,0.8703107300712969,1.294804877507052,4.3658e-05,2.98319e-05,1.54079e-05,43.5994,45.2532,48.1226,44.371525,0.0
D411_p1000,2763,RWT158,RWT158/sutr13_P0.h5,90046,38224,82168,120392,0.42449414743575503,0.9125113830708749,1.33700553050663,4.12688e-05,2.99628e-05,1.55711e-05,43.8438,45.2342,48.0768,44.546725,0.0
D411_p1500,3263,RWT158,RWT158/sutr13_P0.h5,90046,38224,79136,117360,0.42449414743575503,0.8788397041512116,1.3033338515869666,4.30177e-05,2.96252e-05,1.53668e-05,43.6635,45.2834,48.1342,44.424825000000006,0.0
D611_p300,2063,RWT158,RWT158/sutr13_P0.h5,90046,38224,87840,126064,0.42449414743575503,0.975501410390245,1.399995557826,3.86118e-05,2.99612e-05,1.56084e-05,44.1328,45.2344,48.0664,44.7622,0.0
D611_p500,2263,RWT158,RWT158/sutr13_P0.h5,90046,38224,89208,127432,0.42449414743575503,0.9906936454700931,1.415187792905848,3.77841e-05,3.03344e-05,1.56209e-05,44.2269,45.1806,48.0629,44.825612500000005,0.0
D611_p750,2513,RWT158,RWT158/sutr13_P0.h5,90046,38224,85144,123368,0.42449414743575503,0.9455611576305444,1.3700553050662994,3.97814e-05,3.05947e-05,1.56335e-05,44.0032,45.1435,48.0594,44.6527625,0.0
D611_p1000,2763,RWT158,RWT158/sutr13_P0.h5,90046,38224,89728,127952,0.42449414743575503,0.9964684716700353,1.4209626191057905,3.71523e-05,3.08409e-05,1.58315e-05,44.3001,45.1087,48.0048,44.8642625,0.0
D611_p1500,3263,RWT158,RWT158/sutr13_P0.h5,90046,38224,86936,125160,0.42449414743575503,0.9654620971503454,1.3899562445861005,3.87508e-05,3.0361e-05,1.55607e-05,44.1172,45.1768,48.0797,44.7449625,0.0
D111_p300,2063,RWT166,RWT166/model_mesh_P0.h5,59443,19688,42768,62456,0.33120804804602727,0.7194791649142876,1.0506872129603149,6.5553e-05,5.06938e-05,5.33571e-05,41.8341,42.9505,42.7281,42.08539999999999,0.0
D111_p500,2263,RWT166,RWT166/model_mesh_P0.h5,59443,19688,43256,62944,0.33120804804602727,0.727688710192958,1.0588967582389852,6.41811e-05,5.01059e-05,5.29841e-05,41.9259,43.0011,42.7585,42.16437499999999,0.0
D111_p750,2513,RWT166,RWT166/model_mesh_P0.h5,59443,19688,41640,61328,0.33120804804602727,0.7005030028767054,1.0317110509227327,6.49107e-05,5.04782e-05,5.29387e-05,41.8768,42.969,42.7623,42.1240125,0.0
D111_p1000,2763,RWT166,RWT166/model_mesh_P0.h5,59443,19688,41616,61304,0.33120804804602727,0.7000992547482462,1.0313073027942734,6.44627e-05,4.92586e-05,5.27852e-05,41.9069,43.0752,42.7749,42.1614375,0.0
D111_p1500,3263,RWT166,RWT166/model_mesh_P0.h5,59443,19688,41944,61632,0.33120804804602727,0.7056171458371886,1.0368251938832158,6.51762e-05,4.94688e-05,5.29775e-05,41.8591,43.0567,42.7591,42.1213,0.0
D411_p300,2063,RWT166,RWT166/model_mesh_P0.h5,59443,19688,65832,85520,0.33120804804602727,1.1074811163635752,1.4386891644096025,3.59276e-05,5.61194e-05,5.78283e-05,44.4457,42.5089,42.3786,43.945212500000004,0.0
D411_p500,2263,RWT166,RWT166/model_mesh_P0.h5,59443,19688,65152,84840,0.33120804804602727,1.0960415860572312,1.4272496341032586,3.52458e-05,5.91253e-05,5.84798e-05,44.5289,42.2823,42.3299,43.973200000000006,0.0
D411_p750,2513,RWT166,RWT166/model_mesh_P0.h5,59443,19688,60632,80320,0.33120804804602727,1.020002355197416,1.3512104032434433,3.66912e-05,6.05203e-05,5.96685e-05,44.3544,42.181,42.2425,43.8187375,0.0
D411_p1000,2763,RWT166,RWT166/model_mesh_P0.h5,59443,19688,61088,80776,0.33120804804602727,1.0276735696381407,1.358881617684168,3.52849e-05,6.1909e-05,6.01717e-05,44.5241,42.0825,42.2061,43.92914999999999,0.0
D411_p1500,3263,RWT166,RWT166/model_mesh_P0.h5,59443,19688,60560,80248,0.33120804804602727,1.0187911108120384,1.3499991588580658,3.60002e-05,6.34986e-05,6.11776e-05,44.437,41.9724,42.1341,43.84106249999999,0.0
D611_p300,2063,RWT166,RWT166/model_mesh_P0.h5,59443,19688,68688,88376,0.33120804804602727,1.1555271436502195,1.4867351916962468,3.22185e-05,6.1585e-05,6.05822e-05,44.919,42.1053,42.1766,44.2244875,0.0
D611_p500,2263,RWT166,RWT166/model_mesh_P0.h5,59443,19688,67424,87112,0.33120804804602727,1.1342630755513685,1.4654711235973958,3.14765e-05,6.67627e-05,6.26492e-05,45.0201,41.7547,42.0308,44.2382625,0.0
D611_p750,2513,RWT166,RWT166/model_mesh_P0.h5,59443,19688,61872,81560,0.33120804804602727,1.0408626751678078,1.3720707232138352,3.30938e-05,6.96719e-05,6.37267e-05,44.8025,41.5694,41.9568,44.04265,0.0
D611_p1000,2763,RWT166,RWT166/model_mesh_P0.h5,59443,19688,62680,82368,0.33120804804602727,1.054455528825934,1.3856635768719614,3.12813e-05,7.27993e-05,6.48022e-05,45.0472,41.3787,41.8841,44.19324999999999,0.0
D611_p1500,3263,RWT166,RWT166/model_mesh_P0.h5,59443,19688,62400,82088,0.33120804804602727,1.0497451339939101,1.3809531820399374,3.2363e-05,7.11892e-05,6.40584e-05,44.8995,41.4759,41.9342,44.100887500000006,0.0
D111_p300,2063,RWT182,RWT182/572883_P0.h5,89187,7136,14456,21592,0.08001166089228251,0.16208640272685482,0.24209806361913733,4.1452e-05,8.92246e-06,8.57479e-06,43.8245,50.4952,50.6678,45.51375,0.0
D111_p500,2263,RWT182,RWT182/572883_P0.h5,89187,7136,14888,22024,0.08001166089228251,0.16693015798266564,0.24694181887494815,4.04582e-05,8.91254e-06,8.5859e-06,43.9299,50.5,50.6621,45.592687500000004,0.0
D111_p750,2513,RWT182,RWT182/572883_P0.h5,89187,7136,14912,22048,0.08001166089228251,0.16719925549687734,0.24721091638915985,4.05351e-05,9.04658e-06,8.71662e-06,43.9217,50.4352,50.5965,45.570237500000005,0.0
D111_p1000,2763,RWT182,RWT182/572883_P0.h5,89187,7136,15376,22512,0.08001166089228251,0.1724018074383038,0.2524134683305863,3.99125e-05,8.90597e-06,8.56297e-06,43.9889,50.5032,50.6738,45.6388,0.0
D111_p1500,3263,RWT182,RWT182/572883_P0.h5,89187,7136,14888,22024,0.08001166089228251,0.16693015798266564,0.24694181887494815,4.04445e-05,8.91669e-06,8.53663e-06,43.9314,50.498,50.6871,45.596687499999994,0.0
D411_p300,2063,RWT182,RWT182/572883_P0.h5,89187,7136,30704,37840,0.08001166089228251,0.34426541984818415,0.42427708074046666,2.72187e-05,9.22042e-06,8.89163e-06,45.6513,50.3525,50.5102,46.8463125,0.0
D411_p500,2263,RWT182,RWT182/572883_P0.h5,89187,7136,31624,38760,0.08001166089228251,0.35458082455963313,0.43459248545191564,2.68917e-05,9.23513e-06,8.94839e-06,45.7038,50.3456,50.4826,46.881375,0.0
D411_p750,2513,RWT182,RWT182/572883_P0.h5,89187,7136,30776,37912,0.08001166089228251,0.34507271239081927,0.4250843732831018,2.73576e-05,9.34777e-06,8.99479e-06,45.6292,50.2929,50.4601,46.816024999999996,0.0
D411_p1000,2763,RWT182,RWT182/572883_P0.h5,89187,7136,32920,40056,0.08001166089228251,0.3691120903270656,0.4491237512193481,2.64952e-05,9.2358e-06,8.98448e-06,45.7683,50.3453,50.4651,46.927525,0.0
D411_p1500,3263,RWT182,RWT182/572883_P0.h5,89187,7136,30896,38032,0.08001166089228251,0.34641819996187784,0.42642986085416035,2.72709e-05,9.2393e-06,9.00919e-06,45.643,50.3436,50.4531,46.8318375,0.0
D611_p300,2063,RWT182,RWT182/572883_P0.h5,89187,7136,34712,41848,0.08001166089228251,0.3892047047215401,0.46921636561382263,2.51198e-05,9.22611e-06,8.98048e-06,45.9998,50.3498,50.467,47.10195,0.0
D611_p500,2263,RWT182,RWT182/572883_P0.h5,89187,7136,35280,42416,0.08001166089228251,0.39557334589121734,0.47558500678349985,2.50888e-05,9.28357e-06,9.01169e-06,46.0052,50.3228,50.4519,47.10073750000001,0.0
D611_p750,2513,RWT182,RWT182/572883_P0.h5,89187,7136,33920,41056,0.08001166089228251,0.38032448675255365,0.46033614764483616,2.58304e-05,9.33099e-06,9.04954e-06,45.8787,50.3007,50.4337,47.000825,0.0
D611_p1000,2763,RWT182,RWT182/572883_P0.h5,89187,7136,37416,44552,0.08001166089228251,0.41952302465605973,0.49953468554834224,2.44307e-05,9.30314e-06,9.02174e-06,46.1206,50.3137,50.4471,47.18555,0.0
D611_p1500,3263,RWT182,RWT182/572883_P0.h5,89187,7136,34376,41512,0.08001166089228251,0.38543733952257614,0.46544900041485865,2.54723e-05,9.30736e-06,9.03729e-06,45.9393,50.3117,50.4396,47.0483875,0.0
D111_p300,2063,RWT21,RWT21/AMPHITRITE_P0.h5,85353,13800,12360,26160,0.16168148746968472,0.14481037573371763,0.3064918632034023,3.73336e-05,7.45236e-06,6.98356e-06,44.279,51.2771,51.5592,46.063787500000004,0.0
D111_p500,2263,RWT21,RWT21/AMPHITRITE_P0.h5,85353,13800,13040,26840,0.16168148746968472,0.15277728960903542,0.31445877707872016,3.65102e-05,7.38199e-06,6.95786e-06,44.3759,51.3183,51.5752,46.1436125,0.0
D111_p750,2513,RWT21,RWT21/AMPHITRITE_P0.h5,85353,13800,12552,26352,0.16168148746968472,0.14705985729851323,0.308741344768198,3.63428e-05,7.55445e-06,7.04516e-06,44.3958,51.218,51.5211,46.1392375,0.0
D111_p1000,2763,RWT21,RWT21/AMPHITRITE_P0.h5,85353,13800,13240,27040,0.16168148746968472,0.15512049957236418,0.3168019870420489,3.61592e-05,7.50389e-06,6.94614e-06,44.4178,51.2471,51.5826,46.1670625,0.0
D111_p1500,3263,RWT21,RWT21/AMPHITRITE_P0.h5,85353,13800,12712,26512,0.16168148746968472,0.14893442526917625,0.31061591273886097,3.64422e-05,7.35319e-06,6.90993e-06,44.384,51.3352,51.6053,46.155562499999995,0.0
D411_p300,2063,RWT21,RWT21/AMPHITRITE_P0.h5,85353,13800,28904,42704,0.16168148746968472,0.338640703900273,0.5003221913699577,2.2277e-05,7.8533e-06,7.22195e-06,46.5214,51.0495,51.4135,47.698925,0.0
D411_p500,2263,RWT21,RWT21/AMPHITRITE_P0.h5,85353,13800,29552,43352,0.16168148746968472,0.3462327041814582,0.5079141916511429,2.18986e-05,7.86437e-06,7.2276e-06,46.5958,51.0434,51.4101,47.7535375,0.0
D411_p750,2513,RWT21,RWT21/AMPHITRITE_P0.h5,85353,13800,27224,41024,0.16168148746968472,0.31895774020831136,0.4806392276779961,2.22371e-05,7.9331e-06,7.18338e-06,46.5292,51.0056,51.4367,47.70218750000001,0.0
D411_p1000,2763,RWT21,RWT21/AMPHITRITE_P0.h5,85353,13800,29744,43544,0.16168148746968472,0.3484821857462538,0.5101636732159385,2.1605e-05,7.89477e-06,7.21968e-06,46.6545,51.0266,51.4148,47.79605000000001,0.0
D411_p1500,3263,RWT21,RWT21/AMPHITRITE_P0.h5,85353,13800,28664,42464,0.16168148746968472,0.3358288519442785,0.49751033941396317,2.16479e-05,7.77849e-06,7.20766e-06,46.6458,51.091,51.4221,47.7984875,0.0
D611_p300,2063,RWT21,RWT21/AMPHITRITE_P0.h5,85353,13800,32472,46272,0.16168148746968472,0.38044356964605813,0.5421250571157429,2.01155e-05,7.92549e-06,7.27354e-06,46.9647,51.0097,51.3825,48.02255,0.0
D611_p500,2263,RWT21,RWT21/AMPHITRITE_P0.h5,85353,13800,32920,46720,0.16168148746968472,0.38569235996391454,0.5473738474335993,1.97389e-05,7.9214e-06,7.26841e-06,47.0468,51.012,51.3856,48.0848,0.0
D611_p750,2513,RWT21,RWT21/AMPHITRITE_P0.h5,85353,13800,30384,44184,0.16168148746968472,0.35598045762890584,0.5176619450985905,2.03779e-05,7.95469e-06,7.25056e-06,46.9084,50.9938,51.3963,47.9800625,0.0
D611_p1000,2763,RWT21,RWT21/AMPHITRITE_P0.h5,85353,13800,33128,46928,0.16168148746968472,0.3881292983257765,0.5498107857954612,1.96279e-05,7.97203e-06,7.25812e-06,47.0713,50.9843,51.3918,48.1004875,0.0
D611_p1500,3263,RWT21,RWT21/AMPHITRITE_P0.h5,85353,13800,31552,45352,0.16168148746968472,0.3696648038147458,0.5313462912844306,1.97918e-05,7.8467e-06,7.23499e-06,47.0351,51.0531,51.4056,48.083662499999996,0.0
D111_p300,2063,RWT226,RWT226/socha_zeny_P0.h5,56015,35024,99336,134360,0.6252610907792555,1.7733821297866643,2.39864322056592,8.45337e-05,9.24009e-06,5.4294e-06,40.7297,50.3432,52.6525,43.421737500000006,0.0
D111_p500,2263,RWT226,RWT226/socha_zeny_P0.h5,56015,35024,100032,135056,0.6252610907792555,1.7858073730250825,2.4110684638043383,8.2324e-05,9.207e-06,5.46108e-06,40.8447,50.3588,52.6272,43.506775000000005,0.0
D111_p750,2513,RWT226,RWT226/socha_zeny_P0.h5,56015,35024,99480,134504,0.6252610907792555,1.7759528697670266,2.4012139605462823,8.41319e-05,9.70804e-06,5.51915e-06,40.7504,50.1287,52.5813,43.40155,0.0
D111_p1000,2763,RWT226,RWT226/socha_zeny_P0.h5,56015,35024,100096,135120,0.6252610907792555,1.7869499241274658,2.4122110149067213,8.24509e-05,9.3034e-06,5.45064e-06,40.838,50.3136,52.6355,43.4971375,0.0
D111_p1500,3263,RWT226,RWT226/socha_zeny_P0.h5,56015,35024,99688,134712,0.6252610907792555,1.7796661608497724,2.404927251629028,8.30132e-05,9.35005e-06,5.45599e-06,40.8085,50.2919,52.6313,43.471775,0.0
D411_p300,2063,RWT226,RWT226/socha_zeny_P0.h5,56015,35024,126368,161392,0.6252610907792555,2.2559671516558066,2.881228242435062,4.44041e-05,1.00617e-05,5.74105e-06,43.5258,49.9733,52.4101,45.442274999999995,0.0
D411_p500,2263,RWT226,RWT226/socha_zeny_P0.h5,56015,35024,128544,163568,0.6252610907792555,2.2948138891368384,2.920074979916094,4.18034e-05,1.00296e-05,5.75879e-06,43.7879,49.9872,52.3967,45.6389125,0.0
D411_p750,2513,RWT226,RWT226/socha_zeny_P0.h5,56015,35024,128240,163264,0.6252610907792555,2.2893867714005176,2.9146478621797733,4.23521e-05,1.04048e-05,5.82567e-06,43.7313,49.8277,52.3465,45.570249999999994,0.0
D411_p1000,2763,RWT226,RWT226/socha_zeny_P0.h5,56015,35024,129328,164352,0.6252610907792555,2.3088101401410337,2.934071230920289,4.11255e-05,1.01879e-05,5.81763e-06,43.8589,49.9191,52.3525,45.678125,0.0
D411_p1500,3263,RWT226,RWT226/socha_zeny_P0.h5,56015,35024,129176,164200,0.6252610907792555,2.3060965812728735,2.931357672052129,4.08429e-05,1.00443e-05,5.83029e-06,43.8888,49.9808,52.3431,45.7070875,0.0
D611_p300,2063,RWT226,RWT226/socha_zeny_P0.h5,56015,35024,130720,165744,0.6252610907792555,2.33366062661787,2.958921717397126,4.01116e-05,1.01349e-05,5.75405e-06,43.9673,49.9418,52.4003,45.768237500000005,0.0
D611_p500,2263,RWT226,RWT226/socha_zeny_P0.h5,56015,35024,133040,168064,0.6252610907792555,2.3750781040792646,3.00033919485852,3.78133e-05,1.00985e-05,5.83351e-06,44.2236,49.9574,52.3407,45.95496249999999,0.0
D611_p750,2513,RWT226,RWT226/socha_zeny_P0.h5,56015,35024,132856,167880,0.6252610907792555,2.3717932696599124,2.997054360439168,3.79302e-05,1.03811e-05,5.95403e-06,44.2102,49.8376,52.2519,45.9188375,0.0
D611_p1000,2763,RWT226,RWT226/socha_zeny_P0.h5,56015,35024,134136,169160,0.6252610907792555,2.3946442917075785,3.019905382486834,3.68007e-05,1.02934e-05,5.88769e-06,44.3414,49.8744,52.3005,46.0279125,0.0
D611_p1500,3263,RWT226,RWT226/socha_zeny_P0.h5,56015,35024,134248,169272,0.6252610907792555,2.3966437561367493,3.0219048469160046,3.65063e-05,1.01118e-05,5.93657e-06,44.3763,49.9517,52.2646,46.0592625,0.0
D111_p300,2063,RWT26,RWT26/2017-02-25-inspection-sol-william-v2_simplified_3d_mesh_P0.h5,85232,75760,224888,300648,0.8888680307865591,2.638539515674864,3.527407546461423,8.14585e-05,6.38144e-05,8.46933e-05,40.8906,41.9508,40.7215,41.0019875,0.0
D111_p500,2263,RWT26,RWT26/2017-02-25-inspection-sol-william-v2_simplified_3d_mesh_P0.h5,85232,75760,225624,301384,0.8888680307865591,2.6471747700394217,3.5360428008259808,7.99277e-05,6.44753e-05,8.31067e-05,40.973,41.9061,40.8036,41.0684625,0.0
D111_p750,2513,RWT26,RWT26/2017-02-25-inspection-sol-william-v2_simplified_3d_mesh_P0.h5,85232,75760,224280,300040,0.8888680307865591,2.631406044678055,3.5202740754646142,8.03891e-05,6.39076e-05,8.27908e-05,40.948,41.9445,40.8202,41.0565875,0.0
D111_p1000,2763,RWT26,RWT26/2017-02-25-inspection-sol-william-v2_simplified_3d_mesh_P0.h5,85232,75760,225032,300792,0.8888680307865591,2.640229021963582,3.529097052750141,7.94846e-05,6.27243e-05,8.26913e-05,40.9972,42.0256,40.8254,41.104275,0.0
D111_p1500,3263,RWT26,RWT26/2017-02-25-inspection-sol-william-v2_simplified_3d_mesh_P0.h5,85232,75760,225888,301648,0.8888680307865591,2.6502721982354047,3.539140229021964,7.9636e-05,6.92152e-05,8.05096e-05,40.9889,41.598,40.9415,41.059112500000005,0.0
D411_p300,2063,RWT26,RWT26/2017-02-25-inspection-sol-william-v2_simplified_3d_mesh_P0.h5,85232,75760,256000,331760,0.8888680307865591,3.003566735498404,3.892434766284963,4.66838e-05,7.13776e-05,9.34768e-05,43.3083,41.4644,40.293,42.700900000000004,0.0
D411_p500,2263,RWT26,RWT26/2017-02-25-inspection-sol-william-v2_simplified_3d_mesh_P0.h5,85232,75760,258528,334288,0.8888680307865591,3.033226957011451,3.92209498779801,4.44046e-05,7.30788e-05,9.27211e-05,43.5257,41.3621,40.3282,42.8555625,0.0
D411_p750,2513,RWT26,RWT26/2017-02-25-inspection-sol-william-v2_simplified_3d_mesh_P0.h5,85232,75760,258232,333992,0.8888680307865591,3.029754082973531,3.9186221137600903,4.37897e-05,7.15271e-05,9.30609e-05,43.5863,41.4553,40.3123,42.910675000000005,0.0
D411_p1000,2763,RWT26,RWT26/2017-02-25-inspection-sol-william-v2_simplified_3d_mesh_P0.h5,85232,75760,258808,334568,0.8888680307865591,3.0365121081284023,3.9253801389149614,4.27671e-05,7.16434e-05,9.47592e-05,43.6889,41.4482,40.2338,42.976924999999994,0.0
D411_p1500,3263,RWT26,RWT26/2017-02-25-inspection-sol-william-v2_simplified_3d_mesh_P0.h5,85232,75760,259928,335688,0.8888680307865591,3.049652712596208,3.938520743382767,4.22065e-05,7.76078e-05,9.08903e-05,43.7462,41.1009,40.4148,42.99911250000001,0.0
D611_p300,2063,RWT26,RWT26/2017-02-25-inspection-sol-william-v2_simplified_3d_mesh_P0.h5,85232,75760,259664,335424,0.8888680307865591,3.0465552844002253,3.9354233151867843,4.26834e-05,7.5032e-05,9.75394e-05,43.6974,41.2475,40.1082,42.9425125,0.0
D611_p500,2263,RWT26,RWT26/2017-02-25-inspection-sol-william-v2_simplified_3d_mesh_P0.h5,85232,75760,262640,338400,0.8888680307865591,3.081471747700394,3.970339778486953,4.04098e-05,7.67039e-05,9.72398e-05,43.9351,41.1518,40.1216,43.110499999999995,0.0
D611_p750,2513,RWT26,RWT26/2017-02-25-inspection-sol-william-v2_simplified_3d_mesh_P0.h5,85232,75760,262448,338208,0.8888680307865591,3.0792190726487703,3.9680871034353293,3.95354e-05,7.5572e-05,9.91955e-05,44.0301,41.2164,40.0351,43.1790125,0.0
D611_p1000,2763,RWT26,RWT26/2017-02-25-inspection-sol-william-v2_simplified_3d_mesh_P0.h5,85232,75760,262896,338656,0.8888680307865591,3.0844753144358927,3.973343345222452,3.85471e-05,7.69282e-05,0.000100573,44.1401,41.1391,39.9752,43.244362499999994,0.0
D611_p1500,3263,RWT26,RWT26/2017-02-25-inspection-sol-william-v2_simplified_3d_mesh_P0.h5,85232,75760,264792,340552,0.8888680307865591,3.1067204805706776,3.9955885113572367,3.77971e-05,8.07752e-05,9.60176e-05,44.2254,40.9272,40.1765,43.30701249999999,0.0
D111_p300,2063,RWT285,RWT285/sutr16_P0.h5,89387,53720,84280,138000,0.600982245740432,0.9428664123418394,1.5438486580822715,8.8259e-05,1.69928e-05,8.3295e-06,40.5424,47.6974,50.7938,42.718199999999996,0.0
D111_p500,2263,RWT285,RWT285/sutr16_P0.h5,89387,53720,86848,140568,0.600982245740432,0.9715954221531096,1.5725776678935415,8.60545e-05,1.70178e-05,8.21514e-06,40.6523,47.691,50.8538,42.80732499999999,0.0
D111_p750,2513,RWT285,RWT285/sutr16_P0.h5,89387,53720,83872,137592,0.600982245740432,0.9383019902222919,1.539284235962724,8.86883e-05,1.74915e-05,8.21156e-06,40.5213,47.5717,50.8557,42.6944,0.0
D111_p1000,2763,RWT285,RWT285/sutr16_P0.h5,89387,53720,85496,139216,0.600982245740432,0.9564701802275498,1.5574524259679818,8.6941e-05,1.70898e-05,8.26619e-06,40.6078,47.6726,50.8269,42.7682875,0.0
D111_p1500,3263,RWT285,RWT285/sutr16_P0.h5,89387,53720,84688,138408,0.600982245740432,0.947430834461387,1.548413080201819,8.94314e-05,1.68991e-05,8.22788e-06,40.4851,47.7214,50.8471,42.6848875,0.0
D411_p300,2063,RWT285,RWT285/sutr16_P0.h5,89387,53720,133520,187240,0.600982245740432,1.4937295132401804,2.0947117589806123,4.43789e-05,1.81444e-05,8.58207e-06,43.5282,47.4126,50.6641,44.9057375,0.0
D411_p500,2263,RWT285,RWT285/sutr16_P0.h5,89387,53720,136584,190304,0.600982245740432,1.5280074283732534,2.1289896741136856,4.27761e-05,1.83389e-05,8.54357e-06,43.688,47.3663,50.6836,45.02223750000001,0.0
D411_p750,2513,RWT285,RWT285/sutr16_P0.h5,89387,53720,134248,187968,0.600982245740432,1.5018738742770201,2.102856120017452,4.43546e-05,1.84491e-05,8.55094e-06,43.5306,47.3403,50.6799,44.900475,0.0
D411_p1000,2763,RWT285,RWT285/sutr16_P0.h5,89387,53720,137128,190848,0.600982245740432,1.5340933245326502,2.135075570273082,4.21735e-05,1.85729e-05,8.5585e-06,43.7496,47.3112,50.676,45.0606,0.0
D411_p1500,3263,RWT285,RWT285/sutr16_P0.h5,89387,53720,135440,189160,0.600982245740432,1.5152091467439337,2.1161913924843656,4.37195e-05,1.83101e-05,8.51705e-06,43.5933,47.3731,50.6971,44.95375,0.0
D611_p300,2063,RWT285,RWT285/sutr16_P0.h5,89387,53720,141440,195160,0.600982245740432,1.582333001443163,2.183315247183595,3.97239e-05,1.84397e-05,8.6246e-06,44.0095,47.3425,50.6426,45.2552625,0.0
D611_p500,2263,RWT285,RWT285/sutr16_P0.h5,89387,53720,144776,198496,0.600982245740432,1.6196538646559344,2.2206361103963665,3.81679e-05,1.84194e-05,8.56368e-06,44.183,47.3472,50.6734,45.389825,0.0
D611_p750,2513,RWT285,RWT285/sutr16_P0.h5,89387,53720,142488,196208,0.600982245740432,1.594057301397295,2.195039547137727,3.94411e-05,1.85095e-05,8.66896e-06,44.0405,47.3261,50.6203,45.273675,0.0
D611_p1000,2763,RWT285,RWT285/sutr16_P0.h5,89387,53720,145840,199560,0.600982245740432,1.631557161555931,2.232539407296363,3.73252e-05,1.86328e-05,8.57163e-06,44.28,47.2972,50.6694,45.455825,0.0
D611_p1500,3263,RWT285,RWT285/sutr16_P0.h5,89387,53720,144680,198400,0.600982245740432,1.6185798829807467,2.219562128721179,3.83514e-05,1.8351e-05,8.56637e-06,44.1622,47.3634,50.672,45.376075,0.0
D111_p300,2063,RWT287,RWT287/tryskovy_motor_ske_P0.h5,65758,46456,72440,118896,0.7064691748532498,1.1016150126220383,1.8080841874752882,6.90073e-05,6.39836e-05,3.62507e-05,41.6111,41.9393,44.4068,42.0015875,0.0
D111_p500,2263,RWT287,RWT287/tryskovy_motor_ske_P0.h5,65758,46456,73576,120032,0.7064691748532498,1.1188904772042945,1.8253596520575444,6.7708e-05,6.3379e-05,3.61431e-05,41.6936,41.9805,44.4197,42.070225,0.0
D111_p750,2513,RWT287,RWT287/tryskovy_motor_ske_P0.h5,65758,46456,72584,119040,0.7064691748532498,1.1038048602451414,1.810274035098391,6.82544e-05,6.35954e-05,3.61273e-05,41.6587,41.9657,44.4216,42.042437500000005,0.0
D111_p1000,2763,RWT287,RWT287/tryskovy_motor_ske_P0.h5,65758,46456,73736,120192,0.7064691748532498,1.1213236412299643,1.8277928160832142,6.76778e-05,6.18312e-05,3.60665e-05,41.6955,42.0879,44.429,42.086237499999996,0.0
D111_p1500,3263,RWT287,RWT287/tryskovy_motor_ske_P0.h5,65758,46456,73552,120008,0.7064691748532498,1.1185255026004441,1.8249946774536938,6.79834e-05,6.33303e-05,3.55163e-05,41.676,41.9839,44.4957,42.06695,0.0
D411_p300,2063,RWT287,RWT287/tryskovy_motor_ske_P0.h5,65758,46456,95256,141712,0.7064691748532498,1.4485842026825633,2.155053377535813,4.02735e-05,7.30499e-05,4.01888e-05,43.9498,41.3638,43.9589,43.62768749999999,0.0
D411_p500,2263,RWT287,RWT287/tryskovy_motor_ske_P0.h5,65758,46456,95880,142336,0.7064691748532498,1.4580735423826758,2.1645427172359257,3.9033e-05,7.56593e-05,4.06476e-05,44.0857,41.2114,43.9097,43.7044125,0.0
D411_p750,2513,RWT287,RWT287/tryskovy_motor_ske_P0.h5,65758,46456,94072,140528,0.7064691748532498,1.4305787888926063,2.137047963745856,4.01735e-05,7.54939e-05,4.05371e-05,43.9606,41.2209,43.9215,43.61325,0.0
D411_p1000,2763,RWT287,RWT287/tryskovy_motor_ske_P0.h5,65758,46456,95928,142384,0.7064691748532498,1.458803491590377,2.165272666443627,3.85804e-05,7.57308e-05,4.06175e-05,44.1363,41.2073,43.9129,43.74224999999999,0.0
D411_p1500,3263,RWT287,RWT287/tryskovy_motor_ske_P0.h5,65758,46456,95064,141520,0.7064691748532498,1.4456644058517594,2.1521335807050095,3.8888e-05,7.75458e-05,4.11425e-05,44.1018,41.1044,43.8571,43.6965375,0.0
D611_p300,2063,RWT287,RWT287/tryskovy_motor_ske_P0.h5,65758,46456,98680,145136,0.7064691748532498,1.5006539128318988,2.2071230876851486,3.66647e-05,7.86207e-05,4.2196e-05,44.3575,41.0446,43.7473,43.8671125,0.0
D611_p500,2263,RWT287,RWT287/tryskovy_motor_ske_P0.h5,65758,46456,99296,145752,0.7064691748532498,1.5100215943307278,2.2164907691839777,3.55636e-05,8.19378e-05,4.27995e-05,44.4899,40.8652,43.6856,43.936275,0.0
D611_p750,2513,RWT287,RWT287/tryskovy_motor_ske_P0.h5,65758,46456,97200,143656,0.7064691748532498,1.4781471455944524,2.1846163204477023,3.63873e-05,8.26531e-05,4.32532e-05,44.3905,40.8274,43.6398,43.851275,0.0
D611_p1000,2763,RWT287,RWT287/tryskovy_motor_ske_P0.h5,65758,46456,99456,145912,0.7064691748532498,1.5124547583563976,2.2189239332096475,3.47959e-05,8.4028e-05,4.41667e-05,44.5847,40.7558,43.549,43.976625,0.0
D611_p1500,3263,RWT287,RWT287/tryskovy_motor_ske_P0.h5,65758,46456,98560,145016,0.7064691748532498,1.4988290398126465,2.205298214665896,3.50364e-05,8.46598e-05,4.33793e-05,44.5548,40.7232,43.6272,43.959900000000005,0.0
D111_p300,2063,RWT296,RWT296/b3_P0.h5,90528,10640,14400,25040,0.1175326970661011,0.15906680805938495,0.27659950512548603,4.44663e-05,1.42697e-05,9.22234e-06,43.5197,48.4559,50.3516,44.9907125,0.0
D111_p500,2263,RWT296,RWT296/b3_P0.h5,90528,10640,14600,25240,0.1175326970661011,0.16127606928243196,0.2788087663485331,4.39582e-05,1.43678e-05,9.17691e-06,43.5696,48.4261,50.373,45.0270875,0.0
D111_p750,2513,RWT296,RWT296/b3_P0.h5,90528,10640,15008,25648,0.1175326970661011,0.16578296217744787,0.28331565924354896,4.3748e-05,1.47778e-05,9.35129e-06,43.5904,48.3039,50.2913,45.0172,0.0
D111_p1000,2763,RWT296,RWT296/b3_P0.h5,90528,10640,14520,25160,0.1175326970661011,0.16039236479321314,0.27792506185931426,4.34981e-05,1.42104e-05,9.16957e-06,43.6153,48.4739,50.3765,45.067775000000005,0.0
D111_p1500,3263,RWT296,RWT296/b3_P0.h5,90528,10640,14616,25256,0.1175326970661011,0.1614528101802757,0.27898550724637683,4.38696e-05,1.42951e-05,9.14679e-06,43.5784,48.4481,50.3873,45.038225000000004,0.0
D411_p300,2063,RWT296,RWT296/b3_P0.h5,90528,10640,30032,40672,0.1175326970661011,0.3317426652527395,0.4492753623188406,3.25456e-05,1.51476e-05,9.46e-06,44.8751,48.1966,50.2411,45.9610375,0.0
D411_p500,2263,RWT296,RWT296/b3_P0.h5,90528,10640,30480,41120,0.1175326970661011,0.3366914103923648,0.45422410745846586,3.22746e-05,1.53089e-05,9.50764e-06,44.9114,48.1506,50.2193,45.97978749999999,0.0
D411_p750,2513,RWT296,RWT296/b3_P0.h5,90528,10640,30400,41040,0.1175326970661011,0.335807705903146,0.4533404029692471,3.26242e-05,1.55701e-05,9.49308e-06,44.8646,48.0771,50.2259,45.93632500000001,0.0
D411_p1000,2763,RWT296,RWT296/b3_P0.h5,90528,10640,29984,40624,0.1175326970661011,0.3312124425592082,0.4487451396253093,3.22114e-05,1.50692e-05,9.5408e-06,44.9199,48.2191,50.2041,45.992825,0.0
D411_p1500,3263,RWT296,RWT296/b3_P0.h5,90528,10640,29952,40592,0.1175326970661011,0.33085896076352067,0.44839165782962176,3.24853e-05,1.52573e-05,9.49466e-06,44.8831,48.1652,50.2252,45.961124999999996,0.0
D611_p300,2063,RWT296,RWT296/b3_P0.h5,90528,10640,34528,45168,0.1175326970661011,0.38140685754683634,0.49893955461293743,3.05478e-05,1.52788e-05,9.51279e-06,45.1502,48.1591,50.2169,46.159650000000006,0.0
D611_p500,2263,RWT296,RWT296/b3_P0.h5,90528,10640,34632,45272,0.1175326970661011,0.38255567338282076,0.5000883704489218,3.05215e-05,1.53745e-05,9.64857e-06,45.1539,48.132,50.1554,46.15135,0.0
D611_p750,2513,RWT296,RWT296/b3_P0.h5,90528,10640,33504,44144,0.1175326970661011,0.37009544008483564,0.4876281371509367,3.09736e-05,1.55008e-05,9.63179e-06,45.0901,48.0964,50.1629,46.0999875,0.0
D611_p1000,2763,RWT296,RWT296/b3_P0.h5,90528,10640,34112,44752,0.1175326970661011,0.37681159420289856,0.49434429126899965,3.0195e-05,1.51558e-05,9.72254e-06,45.2006,48.1942,50.1222,46.190000000000005,0.0
D611_p1500,3263,RWT296,RWT296/b3_P0.h5,90528,10640,33880,44520,0.1175326970661011,0.374248851184164,0.4917815482502651,3.06798e-05,1.5375e-05,9.63348e-06,45.1315,48.1319,50.1622,46.13538749999999,0.0
D111_p300,2063,RWT323,RWT323/CMoA_Siva_Parvati_P0.h5,57294,25080,49632,74712,0.43774217195517856,0.8662687192376165,1.304010891192795,8.04049e-05,1.97468e-05,2.40508e-05,40.9472,47.045,46.1887,42.3646125,0.0
D111_p500,2263,RWT323,RWT323/CMoA_Siva_Parvati_P0.h5,57294,25080,50000,75080,0.43774217195517856,0.8726917303731629,1.3104339023283416,7.91673e-05,1.97093e-05,2.38623e-05,41.0145,47.0533,46.2229,42.420399999999994,0.0
D111_p750,2513,RWT323,RWT323/CMoA_Siva_Parvati_P0.h5,57294,25080,49544,74624,0.43774217195517856,0.8647327817921597,1.3024749537473383,8.03084e-05,2.00674e-05,2.42542e-05,40.9524,46.9751,46.1521,42.355199999999996,0.0
D111_p1000,2763,RWT323,RWT323/CMoA_Siva_Parvati_P0.h5,57294,25080,49232,74312,0.43774217195517856,0.8592871853946312,1.2970293573498097,7.96113e-05,1.9796e-05,2.38854e-05,40.9903,47.0342,46.2187,42.3993375,0.0
D111_p1500,3263,RWT323,RWT323/CMoA_Siva_Parvati_P0.h5,57294,25080,49280,74360,0.43774217195517856,0.8601249694557894,1.297867141410968,8.02834e-05,1.95907e-05,2.34516e-05,40.9537,47.0795,46.2983,42.387499999999996,0.0
D411_p300,2063,RWT323,RWT323/CMoA_Siva_Parvati_P0.h5,57294,25080,79832,104912,0.43774217195517856,1.393374524383007,1.8311166963381855,4.40715e-05,2.2474e-05,2.75464e-05,43.5584,46.4832,45.5994,44.179125,0.0
D411_p500,2263,RWT323,RWT323/CMoA_Siva_Parvati_P0.h5,57294,25080,81680,106760,0.43774217195517856,1.425629210737599,1.8633713826927776,4.27906e-05,2.26493e-05,2.76175e-05,43.6865,46.4495,45.5882,44.2695875,0.0
D411_p750,2513,RWT323,RWT323/CMoA_Siva_Parvati_P0.h5,57294,25080,80496,105576,0.43774217195517856,1.4049638705623626,1.842706042517541,4.43606e-05,2.25498e-05,2.78985e-05,43.53,46.4686,45.5442,44.1491,0.0
D411_p1000,2763,RWT323,RWT323/CMoA_Siva_Parvati_P0.h5,57294,25080,80064,105144,0.43774217195517856,1.3974238140119384,1.835165985967117,4.26725e-05,2.27376e-05,2.77395e-05,43.6985,46.4326,45.569,44.274075,0.0
D411_p1500,3263,RWT323,RWT323/CMoA_Siva_Parvati_P0.h5,57294,25080,79944,105024,0.43774217195517856,1.3953293538590428,1.8330715258142214,4.30049e-05,2.27038e-05,2.80341e-05,43.6648,46.439,45.5231,44.2438625,0.0
D611_p300,2063,RWT323,RWT323/CMoA_Siva_Parvati_P0.h5,57294,25080,85408,110488,0.43774217195517856,1.490697106154222,1.9284392781094006,3.96613e-05,2.28821e-05,2.85289e-05,44.0163,46.405,45.4472,44.49375,0.0
D611_p500,2263,RWT323,RWT323/CMoA_Siva_Parvati_P0.h5,57294,25080,87256,112336,0.43774217195517856,1.5229517925088143,1.9606939644639927,3.85523e-05,2.32121e-05,2.86983e-05,44.1395,46.3428,45.4214,44.57515,0.0
D611_p750,2513,RWT323,RWT323/CMoA_Siva_Parvati_P0.h5,57294,25080,85120,110200,0.43774217195517856,1.4856704017872726,1.9234125737424512,4.01907e-05,2.33217e-05,2.90148e-05,43.9587,46.3224,45.3738,44.431050000000006,0.0
D611_p1000,2763,RWT323,RWT323/CMoA_Siva_Parvati_P0.h5,57294,25080,85248,110328,0.43774217195517856,1.487904492617028,1.9256466645722066,3.79937e-05,2.3585e-05,2.91004e-05,44.2029,46.2736,45.361,44.6065,0.0
D611_p1500,3263,RWT323,RWT323/CMoA_Siva_Parvati_P0.h5,57294,25080,86392,111472,0.43774217195517856,1.5078716794079658,1.9456138513631445,3.83832e-05,2.34744e-05,2.90607e-05,44.1586,46.2941,45.3669,44.576575,0.0
D111_p300,2063,RWT339,RWT339/bojovnik_680k_P0.h5,99897,54096,125216,179312,0.541517763296195,1.2534510545862239,1.7949688178824188,8.71897e-05,1.57288e-05,1.68448e-05,40.5954,48.033,47.7353,42.417587499999996,0.0
D111_p500,2263,RWT339,RWT339/bojovnik_680k_P0.h5,99897,54096,125912,180008,0.541517763296195,1.260418230777701,1.8019359940738962,8.54071e-05,1.5679e-05,1.68504e-05,40.6851,48.0468,47.7339,42.4864125,0.0
D111_p750,2513,RWT339,RWT339/bojovnik_680k_P0.h5,99897,54096,125352,179448,0.541517763296195,1.2548124568305354,1.7963302201267306,8.7219e-05,1.59229e-05,1.69709e-05,40.5939,47.9798,47.7029,42.4057625,0.0
D111_p1000,2763,RWT339,RWT339/bojovnik_680k_P0.h5,99897,54096,125816,179912,0.541517763296195,1.259457240958187,1.800975004254382,8.60095e-05,1.57963e-05,1.71767e-05,40.6545,48.0144,47.6506,42.449,0.0
D111_p1500,3263,RWT339,RWT339/bojovnik_680k_P0.h5,99897,54096,124576,178672,0.541517763296195,1.247044455789463,1.7885622190856583,8.7073e-05,1.56069e-05,1.66119e-05,40.6012,48.0668,47.7958,42.433724999999995,0.0
D411_p300,2063,RWT339,RWT339/bojovnik_680k_P0.h5,99897,54096,177272,231368,0.541517763296195,1.7745477842177442,2.3160655475139396,4.33495e-05,1.80414e-05,2.01875e-05,43.6302,47.4373,46.9492,44.5209625,0.0
D411_p500,2263,RWT339,RWT339/bojovnik_680k_P0.h5,99897,54096,179016,233112,0.541517763296195,1.792005765938917,2.333523529235112,4.19854e-05,1.83588e-05,2.05556e-05,43.769,47.3615,46.8707,44.605774999999994,0.0
D411_p750,2513,RWT339,RWT339/bojovnik_680k_P0.h5,99897,54096,176984,231080,0.541517763296195,1.771664814759202,2.313182578055397,4.32859e-05,1.856e-05,2.06833e-05,43.6365,47.3142,46.8438,44.497125,0.0
D411_p1000,2763,RWT339,RWT339/bojovnik_680k_P0.h5,99897,54096,179632,233728,0.541517763296195,1.7981721172807992,2.3396898805769943,4.17761e-05,1.89374e-05,2.10898e-05,43.7907,47.2268,46.7593,44.5912875,0.0
D411_p1500,3263,RWT339,RWT339/bojovnik_680k_P0.h5,99897,54096,178336,232432,0.541517763296195,1.785198754717359,2.326716518013554,4.19479e-05,1.86704e-05,2.08905e-05,43.7729,47.2885,46.8005,44.5908,0.0
D611_p300,2063,RWT339,RWT339/bojovnik_680k_P0.h5,99897,54096,184896,238992,0.541517763296195,1.8508663923841557,2.3923841556803507,3.89265e-05,1.93614e-05,2.17485e-05,44.0975,47.1306,46.6257,44.7926625,0.0
D611_p500,2263,RWT339,RWT339/bojovnik_680k_P0.h5,99897,54096,186936,241032,0.541517763296195,1.8712874260488304,2.4128051893450255,3.75278e-05,1.97643e-05,2.24304e-05,44.2565,47.0412,46.4916,44.883975,0.0
D611_p750,2513,RWT339,RWT339/bojovnik_680k_P0.h5,99897,54096,184648,238744,0.541517763296195,1.848383835350411,2.389901598646606,3.87388e-05,2.02195e-05,2.29312e-05,44.1185,46.9423,46.3957,44.756125,0.0
D611_p1000,2763,RWT339,RWT339/bojovnik_680k_P0.h5,99897,54096,187752,241848,0.541517763296195,1.8794558395147,2.420973602810895,3.6999e-05,2.06632e-05,2.34914e-05,44.3181,46.848,46.2909,44.8809375,0.0
D611_p1500,3263,RWT339,RWT339/bojovnik_680k_P0.h5,99897,54096,187048,241144,0.541517763296195,1.8724085808382633,2.4139263441344583,3.70726e-05,2.03649e-05,2.2779e-05,44.3095,46.9112,46.4247,44.8991125,0.0
D111_p300,2063,RWT380,RWT380/ujety_svah_ske_P0.h5,86036,71952,238072,310024,0.8363010832674694,2.767120740155284,3.603421823422753,8.26935e-05,3.52256e-05,2.82761e-05,40.8253,44.5314,45.4858,41.871125,0.0
D111_p500,2263,RWT380,RWT380/ujety_svah_ske_P0.h5,86036,71952,237312,309264,0.8363010832674694,2.7582872286019806,3.59458831186945,8.18548e-05,3.61277e-05,2.85063e-05,40.8696,44.4216,45.4506,41.886225,0.0
D111_p750,2513,RWT380,RWT380/ujety_svah_ske_P0.h5,86036,71952,236680,308632,0.8363010832674694,2.7509414663629177,3.5872425496303872,8.18299e-05,3.56922e-05,2.92485e-05,40.8709,44.4743,45.339,41.8798375,0.0
D111_p1000,2763,RWT380,RWT380/ujety_svah_ske_P0.h5,86036,71952,237224,309176,0.8363010832674694,2.7572644009484404,3.5935654842159095,8.09045e-05,3.31339e-05,2.81438e-05,40.9203,44.7973,45.5062,41.978162499999996,0.0
D111_p1500,3263,RWT380,RWT380/ujety_svah_ske_P0.h5,86036,71952,237352,309304,0.8363010832674694,2.758752150262681,3.5950532335301504,8.10827e-05,3.48728e-05,2.76921e-05,40.9107,44.5751,45.5764,41.9519625,0.0
D411_p300,2063,RWT380,RWT380/ujety_svah_ske_P0.h5,86036,71952,270576,342528,0.8363010832674694,3.1449160816402437,3.9812171649077133,4.68268e-05,3.97797e-05,3.32546e-05,43.2951,44.0034,44.7815,43.5694375,0.0
D411_p500,2263,RWT380,RWT380/ujety_svah_ske_P0.h5,86036,71952,272824,344776,0.8363010832674694,3.1710446789715934,4.007345762239063,4.42102e-05,4.13203e-05,3.36406e-05,43.5448,43.8384,44.7314,43.729825,0.0
D411_p750,2513,RWT380,RWT380/ujety_svah_ske_P0.h5,86036,71952,273344,345296,0.8363010832674694,3.1770886605606954,4.013389743828165,4.33067e-05,3.85482e-05,3.31682e-05,43.6344,44.14,44.7928,43.8424,0.0
D411_p1000,2763,RWT380,RWT380/ujety_svah_ske_P0.h5,86036,71952,273992,345944,0.8363010832674694,3.1846203914640383,4.020921474731508,4.2239e-05,3.84821e-05,3.3008e-05,43.7429,44.1474,44.8138,43.927325,0.0
D411_p1500,3263,RWT380,RWT380/ujety_svah_ske_P0.h5,86036,71952,274816,346768,0.8363010832674694,3.1941977776744617,4.030498860941932,4.16831e-05,4.04218e-05,3.28867e-05,43.8004,43.9338,44.8298,43.945750000000004,0.0
D611_p300,2063,RWT380,RWT380/ujety_svah_ske_P0.h5,86036,71952,275952,347904,0.8363010832674694,3.2074015528383466,4.043702636105817,4.24599e-05,4.09164e-05,3.47169e-05,43.7202,43.881,44.5946,43.849599999999995,0.0
D611_p500,2263,RWT380,RWT380/ujety_svah_ske_P0.h5,86036,71952,278504,350456,0.8363010832674694,3.2370635547910176,4.073364638058488,4.00799e-05,4.22332e-05,3.4848e-05,43.9707,43.7435,44.5782,44.0182375,0.0
D611_p750,2513,RWT380,RWT380/ujety_svah_ske_P0.h5,86036,71952,279672,351624,0.8363010832674694,3.2506392672834625,4.0869403505509325,3.90889e-05,3.95237e-05,3.45489e-05,44.0795,44.0314,44.6157,44.14051250000001,0.0
D611_p1000,2763,RWT380,RWT380/ujety_svah_ske_P0.h5,86036,71952,279864,351816,0.8363010832674694,3.2528708912548234,4.089171974522293,3.80101e-05,3.97775e-05,3.46298e-05,44.201,44.0036,44.6055,44.226887500000004,0.0
D611_p1500,3263,RWT380,RWT380/ujety_svah_ske_P0.h5,86036,71952,281088,353040,0.8363010832674694,3.267097494072249,4.103398577339719,3.71773e-05,4.13219e-05,3.44183e-05,44.2972,43.8382,44.6321,44.2816875,0.0
D111_p300,2063,RWT391,RWT391/texturedMesh_P0.h5,73494,66928,138688,205616,0.9106593735543037,1.8870656107981605,2.797724984352464,5.35717e-05,1.75978e-05,1.16744e-05,42.7106,47.5454,49.3277,44.142087499999995,0.0
D111_p500,2263,RWT391,RWT391/texturedMesh_P0.h5,73494,66928,138696,205624,0.9106593735543037,1.8871744632214875,2.797833836775791,5.26653e-05,1.82669e-05,1.1981e-05,42.7848,47.3833,49.2151,44.1634,0.0
D111_p750,2513,RWT391,RWT391/texturedMesh_P0.h5,73494,66928,138448,205376,0.9106593735543037,1.8838000380983482,2.7944594116526518,5.28781e-05,1.86633e-05,1.21418e-05,42.7672,47.2901,49.1572,44.1313125,0.0
D111_p1000,2763,RWT391,RWT391/texturedMesh_P0.h5,73494,66928,138768,205696,0.9106593735543037,1.888154135031431,2.798813508585735,5.2643e-05,1.78473e-05,1.17896e-05,42.7866,47.4843,49.285,44.18611250000001,0.0
D111_p1500,3263,RWT391,RWT391/texturedMesh_P0.h5,73494,66928,138696,205624,0.9106593735543037,1.8871744632214875,2.797833836775791,5.23841e-05,1.80314e-05,1.15548e-05,42.808,47.4397,49.3724,44.20751250000001,0.0
D411_p300,2063,RWT391,RWT391/texturedMesh_P0.h5,73494,66928,159736,226664,0.9106593735543037,2.173456336571693,3.084115710125997,3.22239e-05,2.11244e-05,1.35264e-05,44.9182,46.7522,48.6882,45.6187,0.0
D411_p500,2263,RWT391,RWT391/texturedMesh_P0.h5,73494,66928,161312,228240,0.9106593735543037,2.1949002639671265,3.1055596375214303,3.0743e-05,2.1879e-05,1.37429e-05,45.1225,46.5997,48.6192,45.7442375,0.0
D411_p750,2513,RWT391,RWT391/texturedMesh_P0.h5,73494,66928,161616,228544,0.9106593735543037,2.1990366560535555,3.1096960296078593,2.96542e-05,2.27087e-05,1.37158e-05,45.2791,46.4381,48.6278,45.8425625,0.0
D411_p1000,2763,RWT391,RWT391/texturedMesh_P0.h5,73494,66928,162584,229512,0.9106593735543037,2.2122077992761313,3.122867172830435,2.8916e-05,2.21479e-05,1.34979e-05,45.3886,46.5467,48.6973,45.946949999999994,0.0
D411_p1500,3263,RWT391,RWT391/texturedMesh_P0.h5,73494,66928,163008,229936,0.9106593735543037,2.2179769777124663,3.12863635126677,2.87074e-05,2.1747e-05,1.37053e-05,45.4201,46.626,48.6311,45.9722125,0.0
D611_p300,2063,RWT391,RWT391/texturedMesh_P0.h5,73494,66928,163080,230008,0.9106593735543037,2.21895664952241,3.129616023076714,2.9935e-05,2.29547e-05,1.41589e-05,45.2382,46.3913,48.4897,45.788775,0.0
D611_p500,2263,RWT391,RWT391/texturedMesh_P0.h5,73494,66928,164856,231784,0.9106593735543037,2.2431218875010206,3.1537812610553244,2.81696e-05,2.35996e-05,1.44508e-05,45.5022,46.271,48.4011,45.9606625,0.0
D611_p750,2513,RWT391,RWT391/texturedMesh_P0.h5,73494,66928,165384,232312,0.9106593735543037,2.2503061474406074,3.1609655209949112,2.76308e-05,2.50487e-05,1.44425e-05,45.5861,46.0122,48.4036,45.991550000000004,0.0
D611_p1000,2763,RWT391,RWT391/texturedMesh_P0.h5,73494,66928,166272,233200,0.9106593735543037,2.2623887664299125,3.1730481399842163,2.6345e-05,2.44674e-05,1.44234e-05,45.793,46.1141,48.4093,46.160174999999995,0.0
D611_p1500,3263,RWT391,RWT391/texturedMesh_P0.h5,73494,66928,166864,233792,0.9106593735543037,2.270443845756116,3.18110321931042,2.60774e-05,2.3334e-05,1.44781e-05,45.8374,46.3201,48.3929,46.217175000000005,0.0
D111_p300,2063,RWT405,RWT405/Dead Sea Qumran_P0.h5,60448,37024,84064,121088,0.6124933827421917,1.3906829010058233,2.0031762837480147,6.65379e-05,2.10755e-05,1.83136e-05,41.7693,46.7622,47.3723,43.0937875,0.0
D111_p500,2263,RWT405,RWT405/Dead Sea Qumran_P0.h5,60448,37024,84632,121656,0.6124933827421917,1.4000794070937004,2.012572789835892,6.52592e-05,2.09598e-05,1.84541e-05,41.8536,46.7861,47.3391,43.15585,0.0
D111_p750,2513,RWT405,RWT405/Dead Sea Qumran_P0.h5,60448,37024,84248,121272,0.6124933827421917,1.3937268395976707,2.0062202223398624,6.54067e-05,2.15744e-05,1.85243e-05,41.8438,46.6606,47.3226,43.130750000000006,0.0
D111_p1000,2763,RWT405,RWT405/Dead Sea Qumran_P0.h5,60448,37024,84816,121840,0.6124933827421917,1.4031233456855479,2.0156167284277395,6.48825e-05,2.18277e-05,1.84973e-05,41.8787,46.6099,47.3289,43.151374999999994,0.0
D111_p1500,3263,RWT405,RWT405/Dead Sea Qumran_P0.h5,60448,37024,84600,121624,0.6124933827421917,1.3995500264690313,2.012043409211223,6.52787e-05,2.07452e-05,1.84283e-05,41.8523,46.8308,47.3451,43.1612125,0.0
D411_p300,2063,RWT405,RWT405/Dead Sea Qumran_P0.h5,60448,37024,104608,141632,0.6124933827421917,1.7305452620434092,2.343038644785601,3.78173e-05,2.69337e-05,2.11236e-05,44.2231,45.697,46.7523,44.723487500000005,0.0
D411_p500,2263,RWT405,RWT405/Dead Sea Qumran_P0.h5,60448,37024,105888,142912,0.6124933827421917,1.7517204870301748,2.3642138697723665,3.64245e-05,2.69679e-05,2.12442e-05,44.3861,45.6915,46.7276,44.8419625,0.0
D411_p750,2513,RWT405,RWT405/Dead Sea Qumran_P0.h5,60448,37024,105296,142320,0.6124933827421917,1.7419269454737956,2.3544203282159875,3.66574e-05,2.7356e-05,2.12705e-05,44.3584,45.6295,46.7222,44.8127625,0.0
D411_p1000,2763,RWT405,RWT405/Dead Sea Qumran_P0.h5,60448,37024,106568,143592,0.6124933827421917,1.762969825304394,2.3754632080465856,3.56175e-05,2.78891e-05,2.14929e-05,44.4834,45.5457,46.677,44.8903875,0.0
D411_p1500,3263,RWT405,RWT405/Dead Sea Qumran_P0.h5,60448,37024,106104,143128,0.6124933827421917,1.7552938062466914,2.367787188988883,3.59324e-05,2.68057e-05,2.12942e-05,44.4451,45.7177,46.7174,44.888212499999995,0.0
D611_p300,2063,RWT405,RWT405/Dead Sea Qumran_P0.h5,60448,37024,108152,145176,0.6124933827421917,1.789174166225516,2.401667548967708,3.44746e-05,2.90404e-05,2.18271e-05,44.625,45.37,46.61,44.96625,0.0
D611_p500,2263,RWT405,RWT405/Dead Sea Qumran_P0.h5,60448,37024,109568,146592,0.6124933827421917,1.8125992588671254,2.425092641609317,3.31063e-05,2.95436e-05,2.20091e-05,44.8009,45.2954,46.574,45.08434999999999,0.0
D611_p750,2513,RWT405,RWT405/Dead Sea Qumran_P0.h5,60448,37024,108824,145848,0.6124933827421917,1.800291159343568,2.4127845420857597,3.33426e-05,2.98571e-05,2.21066e-05,44.77,45.2495,46.5548,45.0530375,0.0
D611_p1000,2763,RWT405,RWT405/Dead Sea Qumran_P0.h5,60448,37024,110320,147344,0.6124933827421917,1.8250397035468502,2.437533086289042,3.21745e-05,3.05129e-05,2.22102e-05,44.9249,45.1552,46.5345,45.154887499999994,0.0
D611_p1500,3263,RWT405,RWT405/Dead Sea Qumran_P0.h5,60448,37024,109904,146928,0.6124933827421917,1.8181577554261514,2.430651138168343,3.26171e-05,2.91218e-05,2.18722e-05,44.8656,45.3578,46.6011,45.144062500000004,0.0
D111_p300,2063,RWT43,RWT43/Ganesa-best-exported_P0.h5,73329,47976,104424,152400,0.6542568424497811,1.4240477846418198,2.078304627091601,7.05031e-05,2.09379e-05,1.27899e-05,41.5179,46.7907,48.9313,43.103675,0.0
D111_p500,2263,RWT43,RWT43/Ganesa-best-exported_P0.h5,73329,47976,105064,153040,0.6542568424497811,1.4327755731020468,2.0870324155518283,6.90578e-05,2.11184e-05,1.28556e-05,41.6079,46.7534,48.9091,43.1637375,0.0
D111_p750,2513,RWT43,RWT43/Ganesa-best-exported_P0.h5,73329,47976,104320,152296,0.6542568424497811,1.4226295190170328,2.076886361466814,7.00248e-05,2.17239e-05,1.32336e-05,41.5475,46.6306,48.7832,43.08735,0.0
D111_p1000,2763,RWT43,RWT43/Ganesa-best-exported_P0.h5,73329,47976,105064,153040,0.6542568424497811,1.4327755731020468,2.0870324155518283,6.91461e-05,2.05254e-05,1.29228e-05,41.6023,46.8771,48.8864,43.1721625,0.0
D111_p1500,3263,RWT43,RWT43/Ganesa-best-exported_P0.h5,73329,47976,104784,152760,0.6542568424497811,1.4289571656506976,2.083214008100479,6.99151e-05,2.07128e-05,1.256e-05,41.5543,46.8376,49.0101,43.1466875,0.0
D411_p300,2063,RWT43,RWT43/Ganesa-best-exported_P0.h5,73329,47976,134032,182008,0.6542568424497811,1.8278170982830804,2.4820739407328616,3.76728e-05,2.30331e-05,1.40859e-05,44.2397,46.3765,48.5122,45.0408625,0.0
D411_p500,2263,RWT43,RWT43/Ganesa-best-exported_P0.h5,73329,47976,135688,183664,0.6542568424497811,1.8504002509239181,2.5046570933736994,3.62324e-05,2.32511e-05,1.41348e-05,44.409,46.3356,48.4971,45.1608375,0.0
D411_p750,2513,RWT43,RWT43/Ganesa-best-exported_P0.h5,73329,47976,135264,183240,0.6542568424497811,1.8446180910690178,2.498874933518799,3.66176e-05,2.30237e-05,1.41308e-05,44.3631,46.3783,48.4983,45.1319,0.0
D411_p1000,2763,RWT43,RWT43/Ganesa-best-exported_P0.h5,73329,47976,136224,184200,0.6542568424497811,1.8577097737593584,2.5119666162091394,3.56829e-05,2.27782e-05,1.42386e-05,44.4754,46.4248,48.4653,45.2178125,0.0
D411_p1500,3263,RWT43,RWT43/Ganesa-best-exported_P0.h5,73329,47976,135968,183944,0.6542568424497811,1.8542186583752676,2.5084755008250488,3.58779e-05,2.32391e-05,1.40923e-05,44.4517,46.3378,48.5102,45.194775,0.0
D611_p300,2063,RWT43,RWT43/Ganesa-best-exported_P0.h5,73329,47976,138912,186888,0.6542568424497811,1.8943664852923128,2.548623327742094,3.41711e-05,2.35676e-05,1.44685e-05,44.6634,46.2768,48.3958,45.331625,0.0
D611_p500,2263,RWT43,RWT43/Ganesa-best-exported_P0.h5,73329,47976,140632,188608,0.6542568424497811,1.9178224167791733,2.5720792592289543,3.28095e-05,2.3907e-05,1.45749e-05,44.84,46.2147,48.3639,45.452325,0.0
D611_p750,2513,RWT43,RWT43/Ganesa-best-exported_P0.h5,73329,47976,140008,187984,0.6542568424497811,1.9093128230304517,2.563569665480233,3.30628e-05,2.34886e-05,1.46163e-05,44.8066,46.2914,48.3516,45.435325000000006,0.0
D611_p1000,2763,RWT43,RWT43/Ganesa-best-exported_P0.h5,73329,47976,141384,189360,0.6542568424497811,1.9280775682199403,2.5823344106697212,3.20688e-05,2.33272e-05,1.46912e-05,44.9392,46.3214,48.3294,45.53575,0.0
D611_p1500,3263,RWT43,RWT43/Ganesa-best-exported_P0.h5,73329,47976,141296,189272,0.6542568424497811,1.9268774973066591,2.5811343397564404,3.20881e-05,2.37221e-05,1.45543e-05,44.9366,46.2485,48.3701,45.529774999999994,0.0
D111_p300,2063,RWT438,RWT438/model_P0.h5,68081,19360,37552,56912,0.2843671508937883,0.5515782670642323,0.8359454179580206,3.18273e-05,1.37827e-05,1.20178e-05,44.972,48.6066,49.2017,45.9550375,0.0
D111_p500,2263,RWT438,RWT438/model_P0.h5,68081,19360,37808,57168,0.2843671508937883,0.5553384938529105,0.8397056447466987,3.13027e-05,1.3812e-05,1.21052e-05,45.0442,48.5974,49.1703,46.0041125,0.0
D111_p750,2513,RWT438,RWT438/model_P0.h5,68081,19360,37392,56752,0.2843671508937883,0.5492281253213085,0.8335952762150968,3.18232e-05,1.41417e-05,1.20882e-05,44.9726,48.495,49.1764,45.938375,0.0
D111_p1000,2763,RWT438,RWT438/model_P0.h5,68081,19360,37720,57080,0.2843671508937883,0.5540459158943024,0.8384130667880907,3.13643e-05,1.4018e-05,1.21279e-05,45.0356,48.5331,49.1621,45.988600000000005,0.0
D111_p1500,3263,RWT438,RWT438/model_P0.h5,68081,19360,37744,57104,0.2843671508937883,0.554398437155741,0.8387655880495293,3.14361e-05,1.39303e-05,1.20129e-05,45.0257,48.5604,49.2035,45.989762500000005,0.0
D411_p300,2063,RWT438,RWT438/model_P0.h5,68081,19360,47176,66536,0.2843671508937883,0.6929392929011031,0.9773064437948914,1.94798e-05,1.58917e-05,1.30997e-05,47.1041,47.9883,48.8274,47.4300375,0.0
D411_p500,2263,RWT438,RWT438/model_P0.h5,68081,19360,47720,67080,0.2843671508937883,0.7009297748270442,0.9852969257208325,1.85983e-05,1.62258e-05,1.34546e-05,47.3053,47.8979,48.7113,47.555125000000004,0.0
D411_p750,2513,RWT438,RWT438/model_P0.h5,68081,19360,47344,66704,0.2843671508937883,0.6954069417311731,0.9797740926249614,1.87203e-05,1.64316e-05,1.33975e-05,47.2769,47.8432,48.7298,47.5293,0.0
D411_p1000,2763,RWT438,RWT438/model_P0.h5,68081,19360,47888,67248,0.2843671508937883,0.7033974236571143,0.9877645745509026,1.81454e-05,1.68294e-05,1.35402e-05,47.4123,47.7393,48.6838,47.6121125,0.0
D411_p1500,3263,RWT438,RWT438/model_P0.h5,68081,19360,47736,67096,0.2843671508937883,0.7011647890013366,0.9855319398951249,1.81229e-05,1.66974e-05,1.36134e-05,47.4177,47.7735,48.6603,47.61750000000001,0.0
D611_p300,2063,RWT438,RWT438/model_P0.h5,68081,19360,48552,67912,0.2843671508937883,0.7131505118902484,0.9975176627840366,1.80138e-05,1.68725e-05,1.36984e-05,47.4439,47.7282,48.6333,47.62811250000001,0.0
D611_p500,2263,RWT438,RWT438/model_P0.h5,68081,19360,49096,68456,0.2843671508937883,0.7211409938161896,1.0055081447099778,1.7266e-05,1.74986e-05,1.40163e-05,47.6281,47.57,48.5337,47.7340375,0.0
D611_p750,2513,RWT438,RWT438/model_P0.h5,68081,19360,48744,68104,0.2843671508937883,0.7159706819817571,1.0003378328755452,1.73065e-05,1.77921e-05,1.39905e-05,47.6179,47.4977,48.5417,47.71835,0.0
D611_p1000,2763,RWT438,RWT438/model_P0.h5,68081,19360,49400,68760,0.2843671508937883,0.7256062631277449,1.009973414021533,1.67094e-05,1.83643e-05,1.42641e-05,47.7704,47.3603,48.4576,47.805037500000005,0.0
D611_p1500,3263,RWT438,RWT438/model_P0.h5,68081,19360,49304,68664,0.2843671508937883,0.7241961780819905,1.008563328975779,1.66177e-05,1.81657e-05,1.40978e-05,47.7943,47.4075,48.5085,47.83522500000001,0.0
D111_p300,2063,RWT449,RWT449/Lion_P0.h5,97325,73216,182808,256024,0.7522835859234523,1.8783251990752632,2.6306087849987154,6.19721e-05,2.54435e-06,1.25459e-06,42.078,55.9442,59.015,45.9284,0.0
D111_p500,2263,RWT449,RWT449/Lion_P0.h5,97325,73216,182432,255648,0.7522835859234523,1.87446185461084,2.6267454405342923,6.11341e-05,2.52213e-06,1.39351e-06,42.1372,55.9823,58.5589,45.92055,0.0
D111_p750,2513,RWT449,RWT449/Lion_P0.h5,97325,73216,182392,255608,0.7522835859234523,1.8740508605188801,2.6263344464423324,6.14433e-05,2.70432e-06,1.4165e-06,42.1153,55.6794,58.4878,45.857375,0.0
D111_p1000,2763,RWT449,RWT449/Lion_P0.h5,97325,73216,182568,255784,0.7522835859234523,1.8758592345235037,2.628142820446956,6.06853e-05,2.88961e-06,1.42029e-06,42.1692,55.3916,58.4762,45.860375,0.0
D111_p1500,3263,RWT449,RWT449/Lion_P0.h5,97325,73216,182096,255312,0.7522835859234523,1.8710095042383765,2.623293090161829,6.10729e-05,2.43463e-06,1.35685e-06,42.1415,56.1357,58.6747,45.957425,0.0
D411_p300,2063,RWT449,RWT449/Lion_P0.h5,97325,73216,214928,288144,0.7522835859234523,2.2083534549190857,2.960637040842538,3.59364e-05,3.16145e-06,1.32734e-06,44.4447,55.0011,58.7702,47.554937499999994,0.0
D411_p500,2263,RWT449,RWT449/Lion_P0.h5,97325,73216,216520,289736,0.7522835859234523,2.2247110197790905,2.976994605702543,3.418e-05,2.98163e-06,1.43888e-06,44.6623,55.2555,58.4197,47.70612499999999,0.0
D411_p750,2513,RWT449,RWT449/Lion_P0.h5,97325,73216,216856,290072,0.7522835859234523,2.228163370151554,2.9804469560750064,3.35014e-05,3.90086e-06,1.41287e-06,44.7494,54.0884,58.499,47.635475,0.0
D411_p1000,2763,RWT449,RWT449/Lion_P0.h5,97325,73216,217776,290992,0.7522835859234523,2.2376162342666324,2.9898998201900846,3.26416e-05,3.90043e-06,1.39237e-06,44.8623,54.0889,58.5624,47.7281375,0.0
D411_p1500,3263,RWT449,RWT449/Lion_P0.h5,97325,73216,217976,291192,0.7522835859234523,2.239671204726432,2.9919547906498845,3.22172e-05,2.77095e-06,1.44854e-06,44.9191,55.5737,58.3907,47.934875,0.0
D611_p300,2063,RWT449,RWT449/Lion_P0.h5,97325,73216,220040,293256,0.7522835859234523,2.2608784998715645,3.0131620857950168,3.31644e-05,3.39501e-06,1.33569e-06,44.7933,54.6916,58.7429,47.77428750000001,0.0
D611_p500,2263,RWT449,RWT449/Lion_P0.h5,97325,73216,222536,295752,0.7522835859234523,2.2865245312098637,3.0388081171333163,3.1094e-05,3.16005e-06,1.4369e-06,45.0732,55.0031,58.4257,47.98350000000001,0.0
D611_p750,2513,RWT449,RWT449/Lion_P0.h5,97325,73216,223032,296248,0.7522835859234523,2.291620857950167,3.043904443873619,3.01919e-05,4.7842e-06,1.46422e-06,45.2011,53.2019,58.3439,47.84405,0.0
D611_p1000,2763,RWT449,RWT449/Lion_P0.h5,97325,73216,223824,297040,0.7522835859234523,2.2997585409709735,3.0520421268944258,2.9321e-05,4.35955e-06,1.40341e-06,45.3282,53.6056,58.5282,48.012874999999994,0.0
D611_p1500,3263,RWT449,RWT449/Lion_P0.h5,97325,73216,224360,297576,0.7522835859234523,2.3052658618032367,3.057549447726689,2.87909e-05,2.95989e-06,1.40825e-06,45.4075,55.2872,58.5132,48.280674999999995,0.0
D111_p300,2063,RWT45,RWT45/eros_P0.h5,96327,22688,30920,53608,0.23553105567494056,0.32098996127773105,0.5565210169526716,5.8693e-05,7.20564e-06,6.77039e-06,42.3141,51.4233,51.6939,44.625225,0.0
D111_p500,2263,RWT45,RWT45/eros_P0.h5,96327,22688,31800,54488,0.23553105567494056,0.3301255099816251,0.5656565656565656,5.77609e-05,7.20394e-06,6.71788e-06,42.3837,51.4243,51.7277,44.681775,0.0
D111_p750,2513,RWT45,RWT45/eros_P0.h5,96327,22688,31584,54272,0.23553105567494056,0.32788314802703294,0.5634142037019735,5.77675e-05,7.36176e-06,6.73459e-06,42.3832,51.3302,51.7169,44.668287500000005,0.0
D111_p1000,2763,RWT45,RWT45/eros_P0.h5,96327,22688,31952,54640,0.23553105567494056,0.33170346839411585,0.5672345240690564,5.73767e-05,7.22754e-06,6.69868e-06,42.4126,51.4101,51.7401,44.703224999999996,0.0
D111_p1500,3263,RWT45,RWT45/eros_P0.h5,96327,22688,31472,54160,0.23553105567494056,0.3267204418283555,0.5622514975032961,5.77948e-05,7.1415e-06,6.70776e-06,42.3811,51.4621,51.7342,44.685362500000004,0.0
D411_p300,2063,RWT45,RWT45/eros_P0.h5,96327,22688,63336,86024,0.23553105567494056,0.657510355352082,0.8930414110270225,3.44901e-05,7.54759e-06,6.94715e-06,44.6231,51.2219,51.5819,46.317800000000005,0.0
D411_p500,2263,RWT45,RWT45/eros_P0.h5,96327,22688,64312,87000,0.23553105567494056,0.6676425093691281,0.9031735650440686,3.38813e-05,7.52712e-06,6.88118e-06,44.7004,51.2337,51.6234,46.3824375,0.0
D411_p750,2513,RWT45,RWT45/eros_P0.h5,96327,22688,61752,84440,0.23553105567494056,0.6410663676850727,0.8765974233600133,3.48223e-05,7.661e-06,6.85934e-06,44.5814,51.1571,51.6372,46.285337500000004,0.0
D411_p1000,2763,RWT45,RWT45/eros_P0.h5,96327,22688,64496,87184,0.23553105567494056,0.6695526695526696,0.9050837252276102,3.36977e-05,7.59879e-06,6.87676e-06,44.724,51.1926,51.6262,46.39535,0.0
D411_p1500,3263,RWT45,RWT45/eros_P0.h5,96327,22688,63696,86384,0.23553105567494056,0.6612476252764022,0.8967786809513428,3.40065e-05,7.44659e-06,6.85514e-06,44.6844,51.2804,51.6398,46.378325,0.0
D611_p300,2063,RWT45,RWT45/eros_P0.h5,96327,22688,69528,92216,0.23553105567494056,0.7217913980503908,0.9573224537253314,3.15956e-05,7.57796e-06,6.98387e-06,45.0037,51.2045,51.559,46.5982125,0.0
D611_p500,2263,RWT45,RWT45/eros_P0.h5,96327,22688,70432,93120,0.23553105567494056,0.7311760980825729,0.9667071537575135,3.10899e-05,7.58462e-06,6.92413e-06,45.0738,51.2007,51.5963,46.65497499999999,0.0
D611_p750,2513,RWT45,RWT45/eros_P0.h5,96327,22688,67544,90232,0.23553105567494056,0.701194888245248,0.9367259439201885,3.21485e-05,7.61828e-06,6.94002e-06,44.9284,51.1814,51.5864,46.542275000000004,0.0
D611_p1000,2763,RWT45,RWT45/eros_P0.h5,96327,22688,71168,93856,0.23553105567494056,0.7388167388167388,0.9743477944916794,3.07164e-05,7.66608e-06,6.90201e-06,45.1263,51.1543,51.6102,46.6902875,0.0
D611_p1500,3263,RWT45,RWT45/eros_P0.h5,96327,22688,69936,92624,0.23553105567494056,0.7260269706312872,0.9615580263062278,3.10358e-05,7.46757e-06,6.89323e-06,45.0814,51.2682,51.6158,46.671549999999996,0.0
D111_p300,2063,RWT453,RWT453/masaryk_vsetin_P0.h5,62586,40152,120984,161136,0.6415492282619116,1.933084076310996,2.5746333045729077,8.0161e-05,4.15106e-05,1.92401e-05,40.9604,43.8184,47.1579,42.0923375,0.0
D111_p500,2263,RWT453,RWT453/masaryk_vsetin_P0.h5,62586,40152,122688,162840,0.6415492282619116,1.9603106125970664,2.601859840858978,7.86017e-05,4.15667e-05,1.90275e-05,41.0457,43.8125,47.2062,42.1616125,0.0
D111_p750,2513,RWT453,RWT453/masaryk_vsetin_P0.h5,62586,40152,121144,161296,0.6415492282619116,1.9356405585913783,2.57718978685329,7.95079e-05,4.18905e-05,1.87899e-05,40.9959,43.7788,47.2607,42.126862499999994,0.0
D111_p1000,2763,RWT453,RWT453/masaryk_vsetin_P0.h5,62586,40152,122968,163120,0.6415492282619116,1.9647844565877353,2.606333684849647,7.82582e-05,4.05874e-05,1.93074e-05,41.0647,43.9161,47.1428,42.180887500000004,0.0
D111_p1500,3263,RWT453,RWT453/masaryk_vsetin_P0.h5,62586,40152,123048,163200,0.6415492282619116,1.9660626977279263,2.607611925989838,7.87203e-05,4.13492e-05,1.89873e-05,41.0391,43.8353,47.2154,42.1606625,0.0
D411_p300,2063,RWT453,RWT453/masaryk_vsetin_P0.h5,62586,40152,145360,185512,0.6415492282619116,2.3225641517272235,2.964113379989135,4.38337e-05,4.7785e-05,2.11929e-05,43.5819,43.2071,46.7381,43.929575,0.0
D411_p500,2263,RWT453,RWT453/masaryk_vsetin_P0.h5,62586,40152,147592,187744,0.6415492282619116,2.358227079538555,2.9997763078004667,4.16101e-05,4.86164e-05,2.10685e-05,43.808,43.1322,46.7637,44.09298750000001,0.0
D411_p750,2513,RWT453,RWT453/masaryk_vsetin_P0.h5,62586,40152,147088,187240,0.6415492282619116,2.350174160355351,2.9917233886172627,4.17961e-05,4.80213e-05,2.11643e-05,43.7886,43.1857,46.744,44.0826625,0.0
D411_p1000,2763,RWT453,RWT453/masaryk_vsetin_P0.h5,62586,40152,148472,188624,0.6415492282619116,2.372287732080657,3.0138369603425685,4.06683e-05,4.7623e-05,2.14741e-05,43.9074,43.2218,46.6809,44.1683875,0.0
D411_p1500,3263,RWT453,RWT453/masaryk_vsetin_P0.h5,62586,40152,148776,188928,0.6415492282619116,2.377145048413383,3.0186942766752947,4.02437e-05,4.91747e-05,2.13745e-05,43.953,43.0826,46.701,44.18770000000001,0.0
D611_p300,2063,RWT453,RWT453/masaryk_vsetin_P0.h5,62586,40152,149064,189216,0.6415492282619116,2.3817467165180712,3.0232959447799828,3.98262e-05,4.93327e-05,2.17012e-05,43.9983,43.0687,46.6352,44.2117125,0.0
D611_p500,2263,RWT453,RWT453/masaryk_vsetin_P0.h5,62586,40152,151536,191688,0.6415492282619116,2.421244367749976,3.0627935960118875,3.76577e-05,5.02663e-05,2.17759e-05,44.2415,42.9872,46.6202,44.38205,0.0
D611_p750,2513,RWT453,RWT453/masaryk_vsetin_P0.h5,62586,40152,151184,191336,0.6415492282619116,2.4156201067331353,3.057169334995047,3.75458e-05,4.96633e-05,2.20005e-05,44.2544,43.0396,46.5757,44.392712499999995,0.0
D611_p1000,2763,RWT453,RWT453/masaryk_vsetin_P0.h5,62586,40152,152816,192968,0.6415492282619116,2.4416962259930335,3.083245454254945,3.65825e-05,4.97159e-05,2.20618e-05,44.3673,43.035,46.5636,44.4753,0.0
D611_p1500,3263,RWT453,RWT453/masaryk_vsetin_P0.h5,62586,40152,153080,193232,0.6415492282619116,2.4459144217556643,3.087463650017576,3.61185e-05,5.09254e-05,2.20605e-05,44.4227,42.9307,46.5638,44.5038375,0.0
D111_p300,2063,RWT463,RWT463/pruchod_art_den_P0.h5,96955,68672,230936,299608,0.7082873498014542,2.3818885049765357,3.0901758547779896,8.27151e-05,4.10189e-05,4.41046e-05,40.8242,43.8702,43.5552,41.546325,0.0
D111_p500,2263,RWT463,RWT463/pruchod_art_den_P0.h5,96955,68672,231728,300400,0.7082873498014542,2.3900572430509,3.0983445928523543,8.09529e-05,4.10462e-05,4.30229e-05,40.9177,43.8673,43.663,41.629562500000006,0.0
D111_p750,2513,RWT463,RWT463/pruchod_art_den_P0.h5,96955,68672,231592,300264,0.7082873498014542,2.3886545304522717,3.096941880253726,8.18801e-05,4.15912e-05,4.36685e-05,40.8682,43.81,43.5983,41.5771875,0.0
D111_p1000,2763,RWT463,RWT463/pruchod_art_den_P0.h5,96955,68672,230912,299584,0.7082873498014542,2.3816409674591306,3.089928317260585,8.10381e-05,4.16297e-05,4.46185e-05,40.9131,43.806,43.5048,41.598675,0.0
D111_p1500,3263,RWT463,RWT463/pruchod_art_den_P0.h5,96955,68672,231096,299768,0.7082873498014542,2.3835387550925686,3.091826104894023,8.09923e-05,4.11575e-05,4.28014e-05,40.9156,43.8555,43.6854,41.6293125,0.0
D411_p300,2063,RWT463,RWT463/pruchod_art_den_P0.h5,96955,68672,271904,340576,0.7082873498014542,2.804435047186839,3.5127223969882935,4.52729e-05,4.47937e-05,4.84082e-05,43.4416,43.4878,43.1508,43.411025,0.0
D411_p500,2263,RWT463,RWT463/pruchod_art_den_P0.h5,96955,68672,275984,344656,0.7082873498014542,2.846516425145686,3.5548037749471404,4.26453e-05,4.49163e-05,4.7239e-05,43.7013,43.476,43.257,43.6176,0.0
D411_p750,2513,RWT463,RWT463/pruchod_art_den_P0.h5,96955,68672,275560,344232,0.7082873498014542,2.842143262338198,3.5504306121396523,4.25445e-05,4.58103e-05,4.83354e-05,43.7116,43.3904,43.1573,43.6021625,0.0
D411_p1000,2763,RWT463,RWT463/pruchod_art_den_P0.h5,96955,68672,276336,345008,0.7082873498014542,2.850146975400959,3.5584343252024135,4.14247e-05,4.6097e-05,4.9953e-05,43.8274,43.3633,43.0144,43.667762499999995,0.0
D411_p1500,3263,RWT463,RWT463/pruchod_art_den_P0.h5,96955,68672,277456,346128,0.7082873498014542,2.861698726213192,3.569986076014646,4.09479e-05,4.50877e-05,4.75696e-05,43.8777,43.4594,43.2267,43.7440375,0.0
D611_p300,2063,RWT463,RWT463/pruchod_art_den_P0.h5,96955,68672,278040,346712,0.7082873498014542,2.867722139136713,3.5760094889381673,4.1223e-05,4.59587e-05,5.08257e-05,43.8486,43.3763,42.9392,43.6758875,0.0
D611_p500,2263,RWT463,RWT463/pruchod_art_den_P0.h5,96955,68672,282352,351024,0.7082873498014542,2.9121963797638077,3.620483729565262,3.84952e-05,4.61914e-05,4.98404e-05,44.1459,43.3544,43.0242,43.90675,0.0
D611_p750,2513,RWT463,RWT463/pruchod_art_den_P0.h5,96955,68672,282528,351200,0.7082873498014542,2.9140116548914445,3.622299004692899,3.82657e-05,4.76977e-05,5.16977e-05,44.1719,43.215,42.8653,43.8889625,0.0
D611_p1000,2763,RWT463,RWT463/pruchod_art_den_P0.h5,96955,68672,282520,351192,0.7082873498014542,2.913929142385643,3.622216492187097,3.73379e-05,4.84094e-05,5.32677e-05,44.2785,43.1507,42.7354,43.9446375,0.0
D611_p1500,3263,RWT463,RWT463/pruchod_art_den_P0.h5,96955,68672,284480,353152,0.7082873498014542,2.9341447063070496,3.642432056108504,3.66523e-05,4.69706e-05,5.10196e-05,44.359,43.2817,42.9226,44.0447875,0.0
D111_p300,2063,RWT499,RWT499/mesh_P0.h5,99770,34856,64056,98912,0.34936353613310617,0.6420366843740604,0.9914002205071665,4.67423e-05,1.27069e-05,9.0121e-06,43.3029,48.9596,50.4517,44.90358750000001,0.0
D111_p500,2263,RWT499,RWT499/mesh_P0.h5,99770,34856,65232,100088,0.34936353613310617,0.6538237947278741,1.0031873308609802,4.55816e-05,1.26953e-05,9.03505e-06,43.4121,48.9636,50.4407,44.9846125,0.0
D111_p750,2513,RWT499,RWT499/mesh_P0.h5,99770,34856,64536,99392,0.34936353613310617,0.6468477498245966,0.9962112859577027,4.61628e-05,1.30729e-05,8.9927e-06,43.3571,48.8363,50.4611,44.93,0.0
D111_p1000,2763,RWT499,RWT499/mesh_P0.h5,99770,34856,65232,100088,0.34936353613310617,0.6538237947278741,1.0031873308609802,4.54178e-05,1.27787e-05,9.1263e-06,43.4277,48.9351,50.3971,44.9873,0.0
D111_p1500,3263,RWT499,RWT499/mesh_P0.h5,99770,34856,64808,99664,0.34936353613310617,0.6495740202465671,0.9989375563796733,4.58167e-05,1.26133e-05,9.04785e-06,43.3898,48.9917,50.4345,44.970625,0.0
D411_p300,2063,RWT499,RWT499/mesh_P0.h5,99770,34856,89296,124152,0.34936353613310617,0.8950185426480906,1.2443820787811968,2.72215e-05,1.4003e-05,9.69243e-06,45.6509,48.5378,50.1357,46.5723625,0.0
D411_p500,2263,RWT499,RWT499/mesh_P0.h5,99770,34856,91440,126296,0.34936353613310617,0.9165079683271524,1.2658715044602586,2.60265e-05,1.42511e-05,9.77519e-06,45.8458,48.4615,50.0987,46.704375,0.0
D411_p750,2513,RWT499,RWT499/mesh_P0.h5,99770,34856,90424,125280,0.34936353613310617,0.9063245464568508,1.255688082589957,2.6479e-05,1.44815e-05,9.82183e-06,45.771,48.3919,50.0781,46.637,0.0
D411_p1000,2763,RWT499,RWT499/mesh_P0.h5,99770,34856,91800,126656,0.34936353613310617,0.9201162674150546,1.2694798035481607,2.58128e-05,1.45969e-05,9.75947e-06,45.8817,48.3574,50.1057,46.7191625,0.0
D411_p1500,3263,RWT499,RWT499/mesh_P0.h5,99770,34856,91152,126008,0.34936353613310617,0.9136213290568307,1.262984865189937,2.58873e-05,1.44032e-05,9.74637e-06,45.8691,48.4154,50.1116,46.7177,0.0
D611_p300,2063,RWT499,RWT499/mesh_P0.h5,99770,34856,94200,129056,0.34936353613310617,0.9441715946677358,1.293535130800842,2.47252e-05,1.4495e-05,9.83417e-06,46.0686,48.3878,50.0726,46.859,0.0
D611_p500,2263,RWT499,RWT499/mesh_P0.h5,99770,34856,96208,131064,0.34936353613310617,0.9642978851358124,1.3136614212689186,2.37524e-05,1.46262e-05,9.90246e-06,46.2429,48.3487,50.0426,46.9810875,0.0
D611_p750,2513,RWT499,RWT499/mesh_P0.h5,99770,34856,95256,130112,0.34936353613310617,0.9547559386589155,1.3041194747920217,2.41486e-05,1.49988e-05,1.00916e-05,46.1711,48.2394,49.9604,46.9033,0.0
D611_p1000,2763,RWT499,RWT499/mesh_P0.h5,99770,34856,96776,131632,0.34936353613310617,0.9699909792522803,1.3193545153853863,2.34431e-05,1.50429e-05,1.0044e-05,46.2999,48.2267,49.9809,47.000875,0.0
D611_p1500,3263,RWT499,RWT499/mesh_P0.h5,99770,34856,96224,131080,0.34936353613310617,0.9644582539841636,1.3138217901172697,2.35549e-05,1.47547e-05,9.941e-06,46.2792,48.3107,50.0257,47.001450000000006,0.0
D111_p300,2063,RWT529,RWT529/kleste_P0.h5,82926,44392,116912,161304,0.5353206473241203,1.4098352748233365,1.9451559221474568,8.14679e-05,2.3181e-05,1.79274e-05,40.8901,46.3487,47.4648,42.394262499999996,0.0
D111_p500,2263,RWT529,RWT529/kleste_P0.h5,82926,44392,118856,163248,0.5353206473241203,1.4332778621903866,1.9685985095145069,7.94647e-05,2.33612e-05,1.78256e-05,40.9983,46.3151,47.4895,42.4743,0.0
D111_p750,2513,RWT529,RWT529/kleste_P0.h5,82926,44392,117240,161632,0.5353206473241203,1.4137906084943201,1.9491112558184405,8.10099e-05,2.38288e-05,1.78869e-05,40.9146,46.229,47.4746,42.3989,0.0
D111_p1000,2763,RWT529,RWT529/kleste_P0.h5,82926,44392,117968,162360,0.5353206473241203,1.4225695198128452,1.9578901671369655,7.97718e-05,2.26369e-05,1.79537e-05,40.9815,46.4518,47.4585,42.4749125,0.0
D111_p1500,3263,RWT529,RWT529/kleste_P0.h5,82926,44392,118488,162880,0.5353206473241203,1.4288401707546488,1.964160818078769,8.02299e-05,2.34336e-05,1.73955e-05,40.9566,46.3016,47.5956,42.4546,0.0
D411_p300,2063,RWT529,RWT529/kleste_P0.h5,82926,44392,154584,198976,0.5353206473241203,1.864119817668765,2.3994404649928853,4.28629e-05,2.69314e-05,2.07449e-05,43.6792,45.6974,46.8309,44.3254375,0.0
D411_p500,2263,RWT529,RWT529/kleste_P0.h5,82926,44392,157688,202080,0.5353206473241203,1.9015507802136844,2.4368714275378047,4.08354e-05,2.75368e-05,2.08669e-05,43.8896,45.6009,46.8054,44.46798750000001,0.0
D411_p750,2513,RWT529,RWT529/kleste_P0.h5,82926,44392,156120,200512,0.5353206473241203,1.8826423558353231,2.4179630031594432,4.1771e-05,2.73063e-05,2.11226e-05,43.7913,45.6374,46.7525,44.3922125,0.0
D411_p1000,2763,RWT529,RWT529/kleste_P0.h5,82926,44392,157632,202024,0.5353206473241203,1.9008754793430287,2.436196126667149,4.03842e-05,2.67255e-05,2.13197e-05,43.9379,45.7307,46.7122,44.5087875,0.0
D411_p1500,3263,RWT529,RWT529/kleste_P0.h5,82926,44392,157856,202248,0.5353206473241203,1.9035766828256517,2.4388973301497723,4.03562e-05,2.79733e-05,2.12288e-05,43.9409,45.5326,46.7307,44.4885875,0.0
D611_p300,2063,RWT529,RWT529/kleste_P0.h5,82926,44392,160744,205136,0.5353206473241203,1.938402913440899,2.4737235607650194,3.85663e-05,2.7768e-05,2.15838e-05,44.1379,45.5646,46.6587,44.6313375,0.0
D611_p500,2263,RWT529,RWT529/kleste_P0.h5,82926,44392,163896,208288,0.5353206473241203,1.9764127053035236,2.511733352627644,3.68581e-05,2.81282e-05,2.19003e-05,44.3347,45.5086,46.5955,44.7640375,0.0
D611_p750,2513,RWT529,RWT529/kleste_P0.h5,82926,44392,162400,206792,0.5353206473241203,1.9583725249017196,2.4936931722258397,3.75834e-05,2.76485e-05,2.20088e-05,44.25,45.5833,46.574,44.7071625,0.0
D611_p1000,2763,RWT529,RWT529/kleste_P0.h5,82926,44392,164376,208768,0.5353206473241203,1.982200998480573,2.517521645804693,3.60821e-05,2.74663e-05,2.20199e-05,44.4271,45.612,46.5718,44.843300000000006,0.0
D611_p1500,3263,RWT529,RWT529/kleste_P0.h5,82926,44392,164720,209112,0.5353206473241203,1.9863492752574585,2.521669922581579,3.60371e-05,2.85105e-05,2.19882e-05,44.4325,45.4499,46.5781,44.827875,0.0
D111_p300,2063,RWT535,RWT535/dung_ballus-print_ready-mm_P0.h5,52061,59992,130760,190752,1.1523405236165267,2.511669003668773,3.6640095272853,8.25909e-05,2.76686e-05,1.72157e-05,40.8307,45.5801,47.6408,42.2756375,0.0
D111_p500,2263,RWT535,RWT535/dung_ballus-print_ready-mm_P0.h5,52061,59992,131096,191088,1.1523405236165267,2.5181229711300204,3.6704634947465475,8.1254e-05,2.76956e-05,1.7326e-05,40.9016,45.5759,47.613,42.3248125,0.0
D111_p750,2513,RWT535,RWT535/dung_ballus-print_ready-mm_P0.h5,52061,59992,130208,190200,1.1523405236165267,2.5010660571252954,3.653406580741822,8.1508e-05,2.97636e-05,1.82467e-05,40.888,45.2631,47.3882,42.247412499999996,0.0
D111_p1000,2763,RWT535,RWT535/dung_ballus-print_ready-mm_P0.h5,52061,59992,131464,191456,1.1523405236165267,2.5251916021590057,3.6775321257755325,8.05536e-05,2.89502e-05,1.74964e-05,40.9392,45.3835,47.5705,42.323649999999994,0.0
D111_p1500,3263,RWT535,RWT535/dung_ballus-print_ready-mm_P0.h5,52061,59992,131344,191336,1.1523405236165267,2.522886613779989,3.6752271373965155,8.10545e-05,2.74081e-05,1.72337e-05,40.9122,45.6212,47.6362,42.341325,0.0
D411_p300,2063,RWT535,RWT535/dung_ballus-print_ready-mm_P0.h5,52061,59992,150352,210344,1.1523405236165267,2.8879967730162694,4.040337296632796,4.59173e-05,3.75401e-05,2.06303e-05,43.3802,44.2551,46.855,43.9239125,0.0
D411_p500,2263,RWT535,RWT535/dung_ballus-print_ready-mm_P0.h5,52061,59992,151968,211960,1.1523405236165267,2.9190372831870306,4.071377806803557,4.36758e-05,3.78662e-05,2.08457e-05,43.5976,44.2175,46.8098,44.076612499999996,0.0
D411_p750,2513,RWT535,RWT535/dung_ballus-print_ready-mm_P0.h5,52061,59992,152216,212208,1.1523405236165267,2.923800925836999,4.076141449453526,4.31762e-05,3.85087e-05,2.09779e-05,43.6476,44.1444,46.7824,44.101549999999996,0.0
D411_p1000,2763,RWT535,RWT535/dung_ballus-print_ready-mm_P0.h5,52061,59992,152904,212896,1.1523405236165267,2.9370161925433624,4.089356716159889,4.24191e-05,3.89659e-05,2.09763e-05,43.7244,44.0932,46.7827,44.1527875,0.0
D411_p1500,3263,RWT535,RWT535/dung_ballus-print_ready-mm_P0.h5,52061,59992,153096,213088,1.1523405236165267,2.94070417394979,4.093044697566317,4.21376e-05,3.79052e-05,2.09823e-05,43.7533,44.213,46.7815,44.189287500000006,0.0
D611_p300,2063,RWT535,RWT535/dung_ballus-print_ready-mm_P0.h5,52061,59992,153256,213248,1.1523405236165267,2.9437774917884787,4.096118015405006,4.22092e-05,4.05369e-05,2.13219e-05,43.7459,43.9215,46.7117,44.138574999999996,0.0
D611_p500,2263,RWT535,RWT535/dung_ballus-print_ready-mm_P0.h5,52061,59992,155080,215072,1.1523405236165267,2.978813315149536,4.131153838766063,3.9838e-05,4.1512e-05,2.161e-05,43.997,43.8183,46.6534,44.306712499999996,0.0
D611_p750,2513,RWT535,RWT535/dung_ballus-print_ready-mm_P0.h5,52061,59992,155464,215456,1.1523405236165267,2.9861892779623904,4.138529801578917,3.91108e-05,4.25259e-05,2.17951e-05,44.077,43.7135,46.6164,44.3489875,0.0
D611_p1000,2763,RWT535,RWT535/dung_ballus-print_ready-mm_P0.h5,52061,59992,156200,216192,1.1523405236165267,3.0003265400203607,4.152667063636888,3.81959e-05,4.32425e-05,2.19881e-05,44.1798,43.6409,46.5781,44.412225,0.0
D611_p1500,3263,RWT535,RWT535/dung_ballus-print_ready-mm_P0.h5,52061,59992,156616,216608,1.1523405236165267,3.008317166400953,4.160657690017479,3.77781e-05,4.15691e-05,2.1954e-05,44.2276,43.8123,46.5849,44.47035,0.0
D111_p300,2063,RWT541,RWT541/marco_cat_mesh_P0.h5,84432,22712,51056,73768,0.26899753647906005,0.6046996399469395,0.8736971764259996,7.54257e-05,1.70846e-05,1.55388e-05,41.2248,47.674,48.0858,42.888575,0.0
D111_p500,2263,RWT541,RWT541/marco_cat_mesh_P0.h5,84432,22712,52032,74744,0.26899753647906005,0.6162592382035247,0.8852567746825848,7.40254e-05,1.70436e-05,1.55153e-05,41.3062,47.6844,48.0924,42.95175,0.0
D111_p750,2513,RWT541,RWT541/marco_cat_mesh_P0.h5,84432,22712,51136,73848,0.26899753647906005,0.605647148000758,0.874644684479818,7.49073e-05,1.74416e-05,1.56428e-05,41.2548,47.5841,48.0569,42.896225,0.0
D111_p1000,2763,RWT541,RWT541/marco_cat_mesh_P0.h5,84432,22712,51680,74392,0.26899753647906005,0.6120902027667235,0.8810877392457835,7.40794e-05,1.69721e-05,1.54834e-05,41.303,47.7027,48.1013,42.952749999999995,0.0
D111_p1500,3263,RWT541,RWT541/marco_cat_mesh_P0.h5,84432,22712,51344,74056,0.26899753647906005,0.608110668940686,0.8771082054197461,7.47946e-05,1.68693e-05,1.53411e-05,41.2613,47.729,48.1414,42.92977499999999,0.0
D411_p300,2063,RWT541,RWT541/marco_cat_mesh_P0.h5,84432,22712,87904,110616,0.26899753647906005,1.041121849535721,1.310119386014781,4.19428e-05,1.95147e-05,1.72702e-05,43.7734,47.0964,47.627,44.670475,0.0
D411_p500,2263,RWT541,RWT541/marco_cat_mesh_P0.h5,84432,22712,90136,112848,0.26899753647906005,1.067557324237256,1.336554860716316,4.07615e-05,1.97555e-05,1.7447e-05,43.8975,47.0431,47.5828,44.7513625,0.0
D411_p750,2513,RWT541,RWT541/marco_cat_mesh_P0.h5,84432,22712,87080,109792,0.26899753647906005,1.0313625165813909,1.300360053060451,4.24886e-05,1.98315e-05,1.75893e-05,43.7173,47.0264,47.5475,44.60971250000001,0.0
D411_p1000,2763,RWT541,RWT541/marco_cat_mesh_P0.h5,84432,22712,90184,112896,0.26899753647906005,1.068125829069547,1.3371233655486072,4.05204e-05,1.96525e-05,1.73926e-05,43.9233,47.0658,47.5963,44.7752375,0.0
D411_p1500,3263,RWT541,RWT541/marco_cat_mesh_P0.h5,84432,22712,89096,111808,0.26899753647906005,1.055239719537616,1.3242372560166762,4.10717e-05,1.99772e-05,1.75895e-05,43.8646,46.9947,47.5475,44.71622500000001,0.0
D611_p300,2063,RWT541,RWT541/marco_cat_mesh_P0.h5,84432,22712,95176,117888,0.26899753647906005,1.1272503316278188,1.3962478681068788,3.76387e-05,2.00377e-05,1.76677e-05,44.2437,46.9815,47.5282,44.9964875,0.0
D611_p500,2263,RWT541,RWT541/marco_cat_mesh_P0.h5,84432,22712,97288,120000,0.26899753647906005,1.1522645442486261,1.4212620807276861,3.6743e-05,2.02359e-05,1.77541e-05,44.3483,46.9388,47.507,45.066950000000006,0.0
D611_p750,2513,RWT541,RWT541/marco_cat_mesh_P0.h5,84432,22712,93624,116336,0.26899753647906005,1.1088686753837407,1.377866211862801,3.85053e-05,2.02841e-05,1.78951e-05,44.1448,46.9284,47.4727,44.9087375,0.0
D611_p1000,2763,RWT541,RWT541/marco_cat_mesh_P0.h5,84432,22712,97424,120136,0.26899753647906005,1.1538753079401174,1.4228728444191776,3.62705e-05,2.0252e-05,1.76958e-05,44.4045,46.9353,47.5213,45.11045,0.0
D611_p1500,3263,RWT541,RWT541/marco_cat_mesh_P0.h5,84432,22712,96424,119136,0.26899753647906005,1.1420314572673869,1.4110289937464469,3.687e-05,2.03082e-05,1.78381e-05,44.3333,46.9233,47.4865,45.051199999999994,0.0
D111_p300,2063,RWT65,RWT65/griffon_statue_P0.h5,59062,30144,58576,88720,0.5103789238427415,0.9917713589109749,1.5021502827537165,7.92734e-05,2.43697e-05,1.41139e-05,41.0087,46.1315,48.5035,42.585899999999995,0.0
D111_p500,2263,RWT65,RWT65/griffon_statue_P0.h5,59062,30144,59032,89176,0.5103789238427415,0.9994920591920355,1.509870983034777,7.7384e-05,2.43017e-05,1.40365e-05,41.1135,46.1436,48.5274,42.669000000000004,0.0
D111_p750,2513,RWT65,RWT65/griffon_statue_P0.h5,59062,30144,59064,89208,0.5103789238427415,1.000033862720531,1.5104127865632726,7.87494e-05,2.48244e-05,1.41666e-05,41.0375,46.0512,48.4873,42.5954375,0.0
D111_p1000,2763,RWT65,RWT65/griffon_statue_P0.h5,59062,30144,58336,88480,0.5103789238427415,0.9877078324472588,1.4980867562900004,7.76048e-05,2.43854e-05,1.39823e-05,41.1011,46.1287,48.5442,42.6599375,0.0
D111_p1500,3263,RWT65,RWT65/griffon_statue_P0.h5,59062,30144,57728,87872,0.5103789238427415,0.9774135654058447,1.4877924892485863,7.90064e-05,2.43759e-05,1.41544e-05,41.0234,46.1304,48.4911,42.5952375,0.0
D411_p300,2063,RWT65,RWT65/griffon_statue_P0.h5,59062,30144,85496,115640,0.5103789238427415,1.4475635772577968,1.9579425011005385,4.19338e-05,2.94696e-05,1.61404e-05,43.7744,45.3063,47.9209,44.4842,0.0
D411_p500,2263,RWT65,RWT65/griffon_statue_P0.h5,59062,30144,86152,116296,0.5103789238427415,1.4586705495919543,1.9690494734346957,4.05039e-05,3.00209e-05,1.63793e-05,43.925,45.2258,47.8571,44.579112499999994,0.0
D411_p750,2513,RWT65,RWT65/griffon_statue_P0.h5,59062,30144,85112,115256,0.5103789238427415,1.441061934915851,1.9514408587585927,4.20047e-05,3.0117e-05,1.61469e-05,43.767,45.2119,47.9191,44.46662500000001,0.0
D411_p1000,2763,RWT65,RWT65/griffon_statue_P0.h5,59062,30144,85696,115840,0.5103789238427415,1.4509498493108937,1.961328773153635,4.03686e-05,3.05189e-05,1.61258e-05,43.9396,45.1543,47.9248,44.5895875,0.0
D411_p1500,3263,RWT65,RWT65/griffon_statue_P0.h5,59062,30144,85104,115248,0.5103789238427415,1.4409264840337273,1.951305407876469,4.08195e-05,3.0644e-05,1.63156e-05,43.8913,45.1365,47.874,44.544787500000005,0.0
D611_p300,2063,RWT65,RWT65/griffon_statue_P0.h5,59062,30144,89664,119808,0.5103789238427415,1.518133486844333,2.0285124106870747,3.77577e-05,3.12992e-05,1.66783e-05,44.2299,45.0447,47.7785,44.775325,0.0
D611_p500,2263,RWT65,RWT65/griffon_statue_P0.h5,59062,30144,90344,120488,0.5103789238427415,1.529646811824862,2.0400257356676037,3.6523e-05,3.25041e-05,1.69739e-05,44.3743,44.8806,47.7022,44.853575,0.0
D611_p750,2513,RWT65,RWT65/griffon_statue_P0.h5,59062,30144,89072,119216,0.5103789238427415,1.5081101215671666,2.018489045409908,3.79334e-05,3.32538e-05,1.70873e-05,44.2098,44.7816,47.6733,44.714212499999995,0.0
D611_p1000,2763,RWT65,RWT65/griffon_statue_P0.h5,59062,30144,90064,120208,0.5103789238427415,1.5249060309505265,2.035284954793268,3.61164e-05,3.38453e-05,1.71847e-05,44.423,44.705,47.6486,44.86145,0.0
D611_p1500,3263,RWT65,RWT65/griffon_statue_P0.h5,59062,30144,89144,119288,0.5103789238427415,1.5093291795062815,2.019708103349023,3.67487e-05,3.34567e-05,1.68963e-05,44.3476,44.7552,47.7221,44.8203625,0.0
