dataset,sample,metric,ours_point,ours_bpp,ours_quality,official_interpolated_quality,delta_vs_official
8iVFB,longdress,y_psnr,16k,1.4491483345493876,38.8745,39.309851818796226,-0.435351818796228
8iVFB,longdress,y_psnr,1k,0.3152479235773912,30.7536,30.939840451979368,-0.18624045197936923
8iVFB,longdress,y_psnr,2k,0.4435140786464732,32.6652,32.29428135134899,0.3709186486510063
8iVFB,longdress,y_psnr,4k,0.7084476541028433,34.4283,34.3456900077394,0.0826099922606005
8iVFB,longdress,y_psnr,512,0.20191009900159212,28.955,29.088112013616506,-0.1331120136165076
8iVFB,longdress,y_psnr,8k,1.010268472177219,36.5329,36.74612327315211,-0.21322327315210998
8iVFB,longdress,yuv_psnr_611,16k,1.4491483345493876,39.3999125,39.83572583630678,-0.4358133363067793
8iVFB,longdress,yuv_psnr_611,1k,0.3152479235773912,31.505749999999995,31.664566031915353,-0.15881603191535731
8iVFB,longdress,yuv_psnr_611,2k,0.4435140786464732,32.9171,33.085292399166164,-0.16819239916616624
8iVFB,longdress,yuv_psnr_611,4k,0.7084476541028433,35.368449999999996,35.09547324530833,0.27297675469166904
8iVFB,longdress,yuv_psnr_611,512,0.20191009900159212,29.914949999999997,29.99697693376581,-0.08202693376581394
8iVFB,longdress,yuv_psnr_611,8k,1.010268472177219,37.298325,37.48914474985094,-0.19081974985093808
8iVFB,loot,y_psnr,16k,0.33994424334241913,41.8131,42.110085017145224,-0.29698501714522507
8iVFB,loot,y_psnr,1k,0.0638084653259405,34.967,34.92915731270995,0.03784268729005191
8iVFB,loot,y_psnr,2k,0.12282856380039366,37.3577,37.386224597954175,-0.02852459795417417
8iVFB,loot,y_psnr,4k,0.16589406235059637,38.4809,38.740546288239216,-0.2596462882392174
8iVFB,loot,y_psnr,512,0.04298602358171331,33.6731,33.622893806309925,0.050206193690073064
8iVFB,loot,y_psnr,8k,0.23382529166692537,39.8468,40.03287975209321,-0.1860797520932067
8iVFB,loot,yuv_psnr_611,16k,0.33994424334241913,44.0129375,44.240232855335286,-0.22729535533528633
8iVFB,loot,yuv_psnr_611,1k,0.0638084653259405,38.1459,38.041289241856965,0.104610758143032
8iVFB,loot,yuv_psnr_611,2k,0.12282856380039366,40.2466375,40.19740492511818,0.04923257488182031
8iVFB,loot,yuv_psnr_611,4k,0.16589406235059637,41.169624999999996,41.31839867219603,-0.148773672196036
8iVFB,loot,yuv_psnr_611,512,0.04298602358171331,37.0677125,36.93847049673458,0.1292420032654178
8iVFB,loot,yuv_psnr_611,8k,0.23382529166692537,42.28295,42.411021403228325,-0.12807140322832566
8iVFB,redandblack,y_psnr,16k,0.6622330211128283,41.1322,41.438432263119005,-0.3062322631190071
8iVFB,redandblack,y_psnr,1k,0.1411340506882093,34.8692,35.01958708214753,-0.15038708214753171
8iVFB,redandblack,y_psnr,2k,0.21092503408381516,36.9345,36.34241613043535,0.5920838695646466
8iVFB,redandblack,y_psnr,4k,0.3282921401996328,38.0405,38.04106010518056,-0.0005601051805612656
8iVFB,redandblack,y_psnr,512,0.09256543894542762,33.6595,33.70197014763352,-0.042470147633515865
8iVFB,redandblack,y_psnr,8k,0.4506956001852998,39.2827,39.457046661288544,-0.1743466612885456
8iVFB,redandblack,yuv_psnr_611,16k,0.6622330211128283,41.2126,41.59321269974171,-0.38061269974171097
8iVFB,redandblack,yuv_psnr_611,1k,0.1411340506882093,35.0295,35.100334250667395,-0.07083425066739579
8iVFB,redandblack,yuv_psnr_611,2k,0.21092503408381516,36.7176,36.42868517138676,0.2889148286132368
8iVFB,redandblack,yuv_psnr_611,4k,0.3282921401996328,38.377674999999996,38.000421156170646,0.3772538438293509
8iVFB,redandblack,yuv_psnr_611,512,0.09256543894542762,33.970437499999996,33.95020875337299,0.020228746627005023
8iVFB,redandblack,yuv_psnr_611,8k,0.4506956001852998,39.566375,39.69834897354483,-0.13197397354483087
8iVFB,soldier,y_psnr,16k,0.538180923357185,40.5835,40.99100094136895,-0.40750094136895143
8iVFB,soldier,y_psnr,1k,0.12246543218151651,33.3844,33.36126860797006,0.023131392029938525
8iVFB,soldier,y_psnr,2k,0.20586709466885686,35.7074,35.794400546411964,-0.08700054641196431
8iVFB,soldier,y_psnr,4k,0.2813355357816748,37.2169,37.44229378276279,-0.22539378276278654
8iVFB,soldier,y_psnr,512,0.08523071074868858,31.8147,31.76348040802765,0.051219591972348155
8iVFB,soldier,y_psnr,8k,0.37705572812556526,38.5452,38.847097532688174,-0.301897532688173
8iVFB,soldier,yuv_psnr_611,16k,0.538180923357185,42.8560875,43.1346744912833,-0.2785869912832979
8iVFB,soldier,yuv_psnr_611,1k,0.12246543218151651,36.8492375,36.77125220858526,0.0779852914147412
8iVFB,soldier,yuv_psnr_611,2k,0.20586709466885686,38.9445375,38.93732971967693,0.007207780323071233
8iVFB,soldier,yuv_psnr_611,4k,0.2813355357816748,39.878175,40.33868460747345,-0.4605096074734547
8iVFB,soldier,yuv_psnr_611,512,0.08523071074868858,35.5334625,35.44417179089013,0.0892907091098678
8iVFB,soldier,yuv_psnr_611,8k,0.37705572812556526,40.982925,41.29116672339287,-0.30824172339286804
CTC,Facade_00009_vox12,y_psnr,16k,1.6595908112663174,37.8815,38.13527311777674,-0.2537731177767384
CTC,Facade_00009_vox12,y_psnr,1k,0.673347597402394,30.0617,30.516434644592437,-0.4547346445924383
CTC,Facade_00009_vox12,y_psnr,2k,1.0864333666440071,32.7192,33.07462184963075,-0.3554218496307513
CTC,Facade_00009_vox12,y_psnr,4k,1.3930436035674791,36.5077,36.77632363902029,-0.26862363902029074
CTC,Facade_00009_vox12,y_psnr,512,0.5710472813164712,29.4561,29.61749191511586,-0.16139191511586048
CTC,Facade_00009_vox12,y_psnr,8k,1.2743080725650575,35.8964,36.08382277849686,-0.18742277849685962
CTC,Facade_00009_vox12,yuv_psnr_611,16k,1.6595908112663174,39.131037500000005,39.33075127629089,-0.19971377629088494
CTC,Facade_00009_vox12,yuv_psnr_611,1k,0.673347597402394,32.49155,32.759619325666826,-0.2680693256668292
CTC,Facade_00009_vox12,yuv_psnr_611,2k,1.0864333666440071,34.7940875,35.07786894254381,-0.28378144254380544
CTC,Facade_00009_vox12,yuv_psnr_611,4k,1.3930436035674791,37.9014875,38.17878450242176,-0.27729700242176136
CTC,Facade_00009_vox12,yuv_psnr_611,512,0.5710472813164712,31.965187500000003,32.11272261313453,-0.14753511313452705
CTC,Facade_00009_vox12,yuv_psnr_611,8k,1.2743080725650575,37.4233625,37.59111906068223,-0.16775656068222844
CTC,House_without_roof_00057_vox12,y_psnr,16k,1.1249426397964835,38.7661,38.89295114645651,-0.1268511464565094
CTC,House_without_roof_00057_vox12,y_psnr,1k,0.28264963408057137,30.9208,31.031890775950387,-0.11109077595038741
CTC,House_without_roof_00057_vox12,y_psnr,2k,0.5229872884633034,32.9225,33.09655194530972,-0.17405194530972068
CTC,House_without_roof_00057_vox12,y_psnr,4k,0.7763031464842964,36.0906,36.27647481934755,-0.18587481934754635
CTC,House_without_roof_00057_vox12,y_psnr,512,0.2175969245650163,30.0696,30.179869033157956,-0.11026903315795522
CTC,House_without_roof_00057_vox12,y_psnr,8k,0.7983162653428877,36.6285,36.58474965003234,0.043750349967659474
CTC,House_without_roof_00057_vox12,yuv_psnr_611,16k,1.1249426397964835,40.14435,40.275757211372856,-0.13140721137285283
CTC,House_without_roof_00057_vox12,yuv_psnr_611,1k,0.28264963408057137,33.405375,33.401488641033986,0.0038863589660138587
CTC,House_without_roof_00057_vox12,yuv_psnr_611,2k,0.5229872884633034,35.0989,35.149967261633655,-0.05106726163365494
CTC,House_without_roof_00057_vox12,yuv_psnr_611,4k,0.7763031464842964,37.964912500000004,38.04473258515981,-0.07982008515980255
CTC,House_without_roof_00057_vox12,yuv_psnr_611,512,0.2175969245650163,32.74975,32.825702105000516,-0.07595210500051763
CTC,House_without_roof_00057_vox12,yuv_psnr_611,8k,0.7983162653428877,38.37321250000001,38.331226507471605,0.04198599252840296
CTC,Shiva_00035_vox12,y_psnr,16k,3.6035563236524064,36.9391,37.19217897839175,-0.2530789783917484
CTC,Shiva_00035_vox12,y_psnr,1k,1.3734734405409799,25.718,25.79027038572156,-0.0722703857215592
CTC,Shiva_00035_vox12,y_psnr,2k,2.419322744695441,29.1324,29.274699850947673,-0.14229985094767272
CTC,Shiva_00035_vox12,y_psnr,4k,3.0236520098460855,34.9218,35.13929319529536,-0.21749319529536137
CTC,Shiva_00035_vox12,y_psnr,512,1.15854813840013,24.93,25.00099580594553,-0.0709958059455289
CTC,Shiva_00035_vox12,y_psnr,8k,2.874779513482874,34.3121,34.547385923326054,-0.23528592332605314
CTC,Shiva_00035_vox12,yuv_psnr_611,16k,3.6035563236524064,37.3171875,37.52628582644149,-0.20909832644148452
CTC,Shiva_00035_vox12,yuv_psnr_611,1k,1.3734734405409799,28.2000125,28.246209059064267,-0.04619655906426701
CTC,Shiva_00035_vox12,yuv_psnr_611,2k,2.419322744695441,30.896012499999998,31.030243994396987,-0.1342314943969889
CTC,Shiva_00035_vox12,yuv_psnr_611,4k,3.0236520098460855,35.5544875,35.85558127980925,-0.3010937798092499
CTC,Shiva_00035_vox12,yuv_psnr_611,512,1.15854813840013,27.5718875,27.666879186108503,-0.09499168610850361
CTC,Shiva_00035_vox12,yuv_psnr_611,8k,2.874779513482874,35.162875,35.37284678134664,-0.2099717813466384
CTC,Staue_Klimt_vox12,y_psnr,16k,2.5110515150302204,38.0222,38.19373612872374,-0.17153612872374424
CTC,Staue_Klimt_vox12,y_psnr,1k,1.1530240563583236,28.6842,28.909437975263483,-0.22523797526348233
CTC,Staue_Klimt_vox12,y_psnr,2k,1.8792939198655085,32.1518,31.973933650918067,0.17786634908193477
CTC,Staue_Klimt_vox12,y_psnr,4k,2.092302765880799,36.4088,36.439232976002906,-0.030432976002906287
CTC,Staue_Klimt_vox12,y_psnr,512,1.0155545771124364,28.0401,28.207304743957074,-0.1672047439570754
CTC,Staue_Klimt_vox12,y_psnr,8k,1.9971660729295921,35.8209,35.98963572375188,-0.16873572375187962
CTC,Staue_Klimt_vox12,yuv_psnr_611,16k,2.5110515150302204,38.4651625,38.62257952043508,-0.15741702043508354
CTC,Staue_Klimt_vox12,yuv_psnr_611,1k,1.1530240563583236,30.362225,30.485981158712104,-0.12375615871210499
CTC,Staue_Klimt_vox12,yuv_psnr_611,2k,1.8792939198655085,33.3507125,33.149018715593485,0.20169378440651542
CTC,Staue_Klimt_vox12,yuv_psnr_611,4k,2.092302765880799,37.0182875,37.13687704127731,-0.11858954127730925
CTC,Staue_Klimt_vox12,yuv_psnr_611,512,1.0155545771124364,29.842799999999997,30.011492849827246,-0.16869284982724864
CTC,Staue_Klimt_vox12,yuv_psnr_611,8k,1.9971660729295921,36.604600000000005,36.75559555157529,-0.150995551575285
CTC,Thaidancer_viewdep_vox12,y_psnr,16k,0.5217635210360949,41.1325,41.15692921072822,-0.024429210728222017
CTC,Thaidancer_viewdep_vox12,y_psnr,1k,0.14817384748331983,34.4032,34.546283028797916,-0.14308302879791768
CTC,Thaidancer_viewdep_vox12,y_psnr,2k,0.2272866240817324,36.9029,36.830888068673964,0.07201193132603834
CTC,Thaidancer_viewdep_vox12,y_psnr,4k,0.3101767769945515,38.634,38.658503544200926,-0.024503544200925376
CTC,Thaidancer_viewdep_vox12,y_psnr,512,0.10661759655486923,32.8887,32.8396827765433,0.04901722345670123
CTC,Thaidancer_viewdep_vox12,y_psnr,8k,0.3622677675495134,39.1388,39.258443514526824,-0.1196435145268211
CTC,Thaidancer_viewdep_vox12,yuv_psnr_611,16k,0.5217635210360949,42.198499999999996,42.18462684563078,0.013873154369214546
CTC,Thaidancer_viewdep_vox12,yuv_psnr_611,1k,0.14817384748331983,35.8970625,35.87702865598822,0.020033844011777546
CTC,Thaidancer_viewdep_vox12,yuv_psnr_611,2k,0.2272866240817324,38.095937500000005,38.14620697079245,-0.05026947079244337
CTC,Thaidancer_viewdep_vox12,yuv_psnr_611,4k,0.3101767769945515,39.8819375,39.81845571009352,0.06348178990648279
CTC,Thaidancer_viewdep_vox12,yuv_psnr_611,512,0.10661759655486923,34.55255,34.380133629116486,0.1724163708835107
CTC,Thaidancer_viewdep_vox12,yuv_psnr_611,8k,0.3622677675495134,40.2822875,40.37305868255999,-0.0907711825599904
CTC,basketball_player_vox11_00000200,y_psnr,16k,0.21191216312757347,42.079,41.88603877363112,0.19296122636887958
CTC,basketball_player_vox11_00000200,y_psnr,1k,0.045352714087165534,37.2209,37.13196480363282,0.08893519636718139
CTC,basketball_player_vox11_00000200,y_psnr,2k,0.06929654071045294,38.87,38.743835362253435,0.1261646377465624
CTC,basketball_player_vox11_00000200,y_psnr,4k,0.10157257835717073,39.8399,39.86378440518972,-0.023884405189718905
CTC,basketball_player_vox11_00000200,y_psnr,512,0.03484105699032717,36.0183,35.914321181569676,0.10397881843032764
CTC,basketball_player_vox11_00000200,y_psnr,8k,0.13178675610508103,40.5391,40.43717023595226,0.10192976404773901
CTC,basketball_player_vox11_00000200,yuv_psnr_611,16k,0.21191216312757347,43.4072875,43.218656709724065,0.188630790275937
CTC,basketball_player_vox11_00000200,yuv_psnr_611,1k,0.045352714087165534,39.2930375,39.16208157975894,0.13095592024105684
CTC,basketball_player_vox11_00000200,yuv_psnr_611,2k,0.06929654071045294,40.66833749999999,40.58185789818069,0.08647960181930614
CTC,basketball_player_vox11_00000200,yuv_psnr_611,4k,0.10157257835717073,41.450275000000005,41.51403034736843,-0.0637553473684278
CTC,basketball_player_vox11_00000200,yuv_psnr_611,512,0.03484105699032717,38.345575,38.1877008787141,0.15787412128590006
CTC,basketball_player_vox11_00000200,yuv_psnr_611,8k,0.13178675610508103,42.0795875,41.987093499613415,0.09249400038658706
CTC,boxer_viewdep_vox12,y_psnr,16k,0.19176630399775557,41.7515,41.77683700529959,-0.025337005299590487
CTC,boxer_viewdep_vox12,y_psnr,1k,0.08983921089810297,38.839,38.82565761843273,0.013342381567269967
CTC,boxer_viewdep_vox12,y_psnr,2k,0.1488128688537496,41.1147,40.575424096200436,0.5392759037995631
CTC,boxer_viewdep_vox12,y_psnr,4k,0.17366883428258975,40.8033,41.408499699435254,-0.6051996994352535
CTC,boxer_viewdep_vox12,y_psnr,512,0.07529161185599549,38.0058,38.0136,-0.007799999999996032
CTC,boxer_viewdep_vox12,y_psnr,8k,0.14451408998063317,40.3901,40.42463996448771,-0.03453996448771335
CTC,boxer_viewdep_vox12,yuv_psnr_611,16k,0.19176630399775557,44.0422625,44.05597052036265,-0.01370802036264962
CTC,boxer_viewdep_vox12,yuv_psnr_611,1k,0.08983921089810297,41.5509375,41.28552319654333,0.26541430345667294
CTC,boxer_viewdep_vox12,yuv_psnr_611,2k,0.1488128688537496,43.280474999999996,43.07191618969764,0.2085588103023568
CTC,boxer_viewdep_vox12,yuv_psnr_611,4k,0.17366883428258975,43.238625,43.65592296338499,-0.41729796338498915
CTC,boxer_viewdep_vox12,yuv_psnr_611,512,0.07529161185599549,40.8667,40.710112499999994,0.15658750000000765
CTC,boxer_viewdep_vox12,yuv_psnr_611,8k,0.14451408998063317,42.9608125,42.969163020702204,-0.008350520702201436
CTC,dancer_vox11_00000001,y_psnr,16k,0.25106855325487376,41.59,41.36408372217024,0.22591627782976076
CTC,dancer_vox11_00000001,y_psnr,1k,0.05587254961704872,36.3351,36.27519278689779,0.059907213102206924
CTC,dancer_vox11_00000001,y_psnr,2k,0.08629575147391311,38.2005,38.02950418572298,0.17099581427702049
CTC,dancer_vox11_00000001,y_psnr,4k,0.1245993648462371,39.2548,39.2786581071184,-0.023858107118400085
CTC,dancer_vox11_00000001,y_psnr,512,0.04160820253953512,35.0219,34.907580869809735,0.11431913019026751
CTC,dancer_vox11_00000001,y_psnr,8k,0.16366818654112725,40.0191,39.94909182523919,0.07000817476081522
CTC,dancer_vox11_00000001,yuv_psnr_611,16k,0.25106855325487376,43.209787500000004,43.003133066039304,0.2066544339607006
CTC,dancer_vox11_00000001,yuv_psnr_611,1k,0.05587254961704872,38.6067125,38.49798821669503,0.10872428330497286
CTC,dancer_vox11_00000001,yuv_psnr_611,2k,0.08629575147391311,40.222737499999994,40.094786719105386,0.12795078089460787
CTC,dancer_vox11_00000001,yuv_psnr_611,4k,0.1245993648462371,41.185424999999995,41.168139422426684,0.017285577573311173
CTC,dancer_vox11_00000001,yuv_psnr_611,512,0.04160820253953512,37.553475000000006,37.37997233695179,0.17350266304821815
CTC,dancer_vox11_00000001,yuv_psnr_611,8k,0.16366818654112725,41.8437625,41.76244903005809,0.0813134699419038
CTC,longdress_viewdep_vox12,y_psnr,16k,0.8656945688832676,39.7339,39.83712040404052,-0.10322040404052046
CTC,longdress_viewdep_vox12,y_psnr,1k,0.3621846942723833,34.554,34.54522664151416,0.008773358485839822
CTC,longdress_viewdep_vox12,y_psnr,2k,0.5793776860214165,37.1762,36.816043920366305,0.3601560796336969
CTC,longdress_viewdep_vox12,y_psnr,4k,0.7420922043769593,38.6836,38.92994968296013,-0.2463496829601297
CTC,longdress_viewdep_vox12,y_psnr,512,0.2882005295656954,33.5813,33.4379990714053,0.143300928594698
CTC,longdress_viewdep_vox12,y_psnr,8k,0.6421943321354908,38.0257,37.295417124573824,0.7302828754261768
CTC,longdress_viewdep_vox12,yuv_psnr_611,16k,0.8656945688832676,40.5011125,40.5955262591312,-0.09441375913119998
CTC,longdress_viewdep_vox12,yuv_psnr_611,1k,0.3621846942723833,35.545075000000004,35.4624888376386,0.0825861623614017
CTC,longdress_viewdep_vox12,yuv_psnr_611,2k,0.5793776860214165,37.972925000000004,37.65415370447608,0.31877129552392347
CTC,longdress_viewdep_vox12,yuv_psnr_611,4k,0.7420922043769593,39.464712500000005,39.75591904203943,-0.29120654203942564
CTC,longdress_viewdep_vox12,yuv_psnr_611,512,0.2882005295656954,34.667587499999996,34.506227156545506,0.1613603434544899
CTC,longdress_viewdep_vox12,yuv_psnr_611,8k,0.6421943321354908,38.927262500000005,38.06280024284504,0.8644622571549618
CTC,loot_viewdep_vox12,y_psnr,16k,0.17053742023043894,42.9975,42.951480576341076,0.04601942365892597
CTC,loot_viewdep_vox12,y_psnr,1k,0.10667073213170118,39.6604,39.4753,0.1851000000000056
CTC,loot_viewdep_vox12,y_psnr,2k,0.158391401541452,42.6071,42.34084927765438,0.2662507223456245
CTC,loot_viewdep_vox12,y_psnr,4k,0.1559415169597834,41.8479,42.19988233992952,-0.35198233992952055
CTC,loot_viewdep_vox12,y_psnr,512,0.08737921674618075,38.473,38.3593,0.11370000000000147
CTC,loot_viewdep_vox12,y_psnr,8k,0.13680643359841713,41.3224,41.407309729944416,-0.08490972994441393
CTC,loot_viewdep_vox12,yuv_psnr_611,16k,0.17053742023043894,45.4892375,45.426183435802805,0.06305406419719617
CTC,loot_viewdep_vox12,yuv_psnr_611,1k,0.10667073213170118,42.5003375,41.995225,0.5051125000000027
CTC,loot_viewdep_vox12,yuv_psnr_611,2k,0.158391401541452,44.758925000000005,44.89235849869959,-0.13343349869958843
CTC,loot_viewdep_vox12,yuv_psnr_611,4k,0.1559415169597834,44.44005,44.76685148267069,-0.32680148267068887
CTC,loot_viewdep_vox12,yuv_psnr_611,512,0.08737921674618075,41.6178625,41.310225,0.30763749999999845
CTC,loot_viewdep_vox12,yuv_psnr_611,8k,0.13680643359841713,44.15265,44.17259887958301,-0.019948879583012058
CTC,redandblack_viewdep_vox12,y_psnr,16k,0.3863931101467678,42.0496,42.07019751021814,-0.020597510218138382
CTC,redandblack_viewdep_vox12,y_psnr,1k,0.18403741905537746,38.0807,37.8545635976511,0.22613640234889942
CTC,redandblack_viewdep_vox12,y_psnr,2k,0.30350177418557284,40.3964,40.6536033227551,-0.25720332275510316
CTC,redandblack_viewdep_vox12,y_psnr,4k,0.3349090637403824,41.1733,40.648523559736745,0.5247764402632527
CTC,redandblack_viewdep_vox12,y_psnr,512,0.14862228561879212,37.3452,36.99341800543291,0.3517819945670908
CTC,redandblack_viewdep_vox12,y_psnr,8k,0.2859717884461917,40.6779,40.68472106005691,-0.006821060056907413
CTC,redandblack_viewdep_vox12,yuv_psnr_611,16k,0.3863931101467678,42.391225,42.40420960520316,-0.01298460520315814
CTC,redandblack_viewdep_vox12,yuv_psnr_611,1k,0.18403741905537746,38.30655,38.013028813790406,0.29352118620959544
CTC,redandblack_viewdep_vox12,yuv_psnr_611,2k,0.30350177418557284,40.524075,40.965894975738046,-0.4418199757380421
CTC,redandblack_viewdep_vox12,yuv_psnr_611,4k,0.3349090637403824,41.565374999999996,40.73911768079279,0.8262573192072082
CTC,redandblack_viewdep_vox12,yuv_psnr_611,512,0.14862228561879212,37.669675,37.28791221151857,0.3817627884814314
CTC,redandblack_viewdep_vox12,yuv_psnr_611,8k,0.2859717884461917,41.16235,41.139248620599375,0.02310137940062873
CTC,soldier_viewdep_vox12,y_psnr,16k,0.3316965510623592,41.3636,41.4022489988685,-0.038648998868502815
CTC,soldier_viewdep_vox12,y_psnr,1k,0.17556101649426725,37.3036,37.21833973158174,0.08526026841825995
CTC,soldier_viewdep_vox12,y_psnr,2k,0.2722466198571926,40.2976,39.94119451402539,0.3564054859746122
CTC,soldier_viewdep_vox12,y_psnr,4k,0.2943569244886117,40.4116,40.25627352598527,0.15532647401472843
CTC,soldier_viewdep_vox12,y_psnr,512,0.14246752798897683,35.9907,35.934,0.056699999999999307
CTC,soldier_viewdep_vox12,y_psnr,8k,0.25839869217348194,39.719,39.70927470126325,0.009725298736753984
CTC,soldier_viewdep_vox12,yuv_psnr_611,16k,0.3316965510623592,43.80941249999999,43.83447482813254,-0.025062328132548828
CTC,soldier_viewdep_vox12,yuv_psnr_611,1k,0.17556101649426725,40.5525125,40.25098468832034,0.30152781167966225
CTC,soldier_viewdep_vox12,yuv_psnr_611,2k,0.2722466198571926,42.869975000000004,42.68777007042311,0.1822049295768906
CTC,soldier_viewdep_vox12,yuv_psnr_611,4k,0.2943569244886117,42.9359625,42.96860681715009,-0.03264431715008698
CTC,soldier_viewdep_vox12,yuv_psnr_611,512,0.14246752798897683,39.546362499999994,39.342662499999996,0.20369999999999777
CTC,soldier_viewdep_vox12,yuv_psnr_611,8k,0.25839869217348194,42.5043375,42.48619574700805,0.01814175299195142
Owlii,basketball_player,y_psnr,16k,0.3289856910867264,42.0039,42.0454816428601,-0.04158164286010191
Owlii,basketball_player,y_psnr,1k,0.0683934153628973,35.7023,35.67454642837156,0.027753571628437612
Owlii,basketball_player,y_psnr,2k,0.10911598220083218,37.8269,37.854988712444374,-0.028088712444372277
Owlii,basketball_player,y_psnr,4k,0.16116209525795103,39.1507,39.474812136522345,-0.32411213652234494
Owlii,basketball_player,y_psnr,512,0.04967490018424625,34.3225,34.22051933519207,0.10198066480792534
Owlii,basketball_player,y_psnr,8k,0.21787025396342957,40.2047,40.45009601344412,-0.24539601344411466
Owlii,basketball_player,yuv_psnr_611,16k,0.3289856910867264,43.3815125,43.384244986346346,-0.0027324863463462634
Owlii,basketball_player,yuv_psnr_611,1k,0.0683934153628973,38.01715,37.96012519638166,0.05702480361834006
Owlii,basketball_player,yuv_psnr_611,2k,0.10911598220083218,39.781487500000004,39.80736368220357,-0.02587618220356802
Owlii,basketball_player,yuv_psnr_611,4k,0.16116209525795103,40.8840875,41.15008255500686,-0.2659950550068615
Owlii,basketball_player,yuv_psnr_611,512,0.04967490018424625,36.942400000000006,36.81229432364284,0.13010567635716797
Owlii,basketball_player,yuv_psnr_611,8k,0.21787025396342957,41.8044875,41.99020939943309,-0.1857218994330907
Owlii,dancer,y_psnr,16k,0.4089009426840143,41.4612,41.568203360599874,-0.10700336059987592
Owlii,dancer,y_psnr,1k,0.08606941504590919,34.789,34.8576088609629,-0.06860886096289676
Owlii,dancer,y_psnr,2k,0.14077870428666253,36.8635,37.084993052987485,-0.22149305298748345
Owlii,dancer,y_psnr,4k,0.2038294223389617,38.377,38.664630777267256,-0.2876307772672533
Owlii,dancer,y_psnr,512,0.06123885031864372,33.3529,33.28789486814238,0.06500513185761747
Owlii,dancer,y_psnr,8k,0.28044065990729844,39.5917,39.886963130592974,-0.2952631305929714
Owlii,dancer,yuv_psnr_611,16k,0.4089009426840143,43.121325000000006,43.22092681770137,-0.09960181770136245
Owlii,dancer,yuv_psnr_611,1k,0.08606941504590919,37.22025,37.24528590668817,-0.02503590668816713
Owlii,dancer,yuv_psnr_611,2k,0.14077870428666253,38.9577375,39.25523746777804,-0.29749996777803744
Owlii,dancer,yuv_psnr_611,4k,0.2038294223389617,40.41055,40.60870534168231,-0.19815534168230897
Owlii,dancer,yuv_psnr_611,512,0.06123885031864372,36.03355,35.93791564999057,0.09563435000942633
Owlii,dancer,yuv_psnr_611,8k,0.28044065990729844,41.4919375,41.71718447857233,-0.22524697857232923
Owlii,exercise,y_psnr,16k,0.3289234036286979,40.7381,40.60110335035003,0.13699664964997282
Owlii,exercise,y_psnr,1k,0.049453215218520155,35.5932,35.54990223951194,0.04329776048806622
Owlii,exercise,y_psnr,2k,0.08261216644578266,37.1186,37.11598391930654,0.0026160806934640846
Owlii,exercise,y_psnr,4k,0.1298208902012757,38.1017,38.345443087127364,-0.24374308712736337
Owlii,exercise,y_psnr,512,0.034560208328489384,34.4706,34.4216341376741,0.04896586232590039
Owlii,exercise,y_psnr,8k,0.19574197648554179,39.13,39.220506552894896,-0.09050655289489384
Owlii,exercise,yuv_psnr_611,16k,0.3289234036286979,42.3730875,42.239852091845535,0.13323540815446222
Owlii,exercise,yuv_psnr_611,1k,0.049453215218520155,37.99478750000001,37.914817249671295,0.07997025032871363
Owlii,exercise,yuv_psnr_611,2k,0.08261216644578266,39.28917500000001,39.281255283106546,0.00791971689346127
Owlii,exercise,yuv_psnr_611,4k,0.1298208902012757,40.10765,40.300288241155044,-0.1926382411550449
Owlii,exercise,yuv_psnr_611,512,0.034560208328489384,37.0369625,36.940301951531744,0.09666054846825745
Owlii,exercise,yuv_psnr_611,8k,0.19574197648554179,40.966212500000005,41.0407930034396,-0.07458050343959854
Owlii,model,y_psnr,16k,0.6210823178843187,40.768,40.90727021618741,-0.13927021618741264
Owlii,model,y_psnr,1k,0.12906933432661097,33.068,33.148020648397996,-0.08002064839799772
Owlii,model,y_psnr,2k,0.207238257405873,35.2292,35.40045955942674,-0.1712595594267441
Owlii,model,y_psnr,4k,0.30676467681735603,36.9943,37.266000228519516,-0.2717002285195136
Owlii,model,y_psnr,512,0.08754627482877363,31.3899,31.362906066121727,0.026993933878273424
Owlii,model,y_psnr,8k,0.42948514264429766,38.599,38.84293326590853,-0.24393326590853093
Owlii,model,yuv_psnr_611,16k,0.6210823178843187,42.149587499999996,42.346034861236134,-0.19644736123613882
Owlii,model,yuv_psnr_611,1k,0.12906933432661097,35.4317625,35.48139170809319,-0.04962920809319371
Owlii,model,yuv_psnr_611,2k,0.207238257405873,37.2133625,37.48082874758997,-0.2674662475899652
Owlii,model,yuv_psnr_611,4k,0.30676467681735603,38.9079875,39.088247405994565,-0.18025990599456776
Owlii,model,yuv_psnr_611,512,0.08754627482877363,34.1052,34.047687469502726,0.057512530497277226
Owlii,model,yuv_psnr_611,8k,0.42948514264429766,40.217175,40.49833565981688,-0.28116065981688365
