model_id,step1763_bpp,step1763_y_psnr,step1763_u_psnr,step1763_v_psnr,step1763_yuv_psnr_611,step3525_bpp,step3525_y_psnr,step3525_u_psnr,step3525_v_psnr,step3525_yuv_psnr_611,delta_bpp_3525_minus_1763,delta_y_psnr_3525_minus_1763,delta_u_psnr_3525_minus_1763,delta_v_psnr_3525_minus_1763,delta_yuv611_3525_minus_1763,quadrant
RWT115,0.5274961951215975,42.985116605259975,47.59933999664253,48.3939969691368,44.2380045746674,0.5436384880559904,42.6163596397237,47.74142894922667,48.21284664250341,43.95655417875903,0.016142292934392843,-0.3687569655362779,0.142088952584146,-0.18115032663339292,-0.2814503959083723,worse_quality_higher_rate
RWT14,1.6922729670444783,40.5845248314326,48.83151776246024,50.33917412250492,42.83473010919509,1.6202788630488378,39.68310094407596,48.96621091110351,50.34317317445118,42.17599871875131,-0.07199410399564043,-0.9014238873566427,0.1346931486432723,0.003999051946259158,-0.6587313904437835,worse_quality_lower_rate
RWT144,1.5436254459210808,41.36661636052154,43.51088650253428,43.630780344122954,41.91767062622331,1.5325731703150145,40.94183001005554,43.75332236820162,43.74848585349543,41.64409853525378,-0.011052275606066253,-0.42478635046600033,0.2424358656673462,0.11770550937247748,-0.2735720909695303,worse_quality_lower_rate
RWT158,1.0822810662726094,40.92595150453179,46.48662114488596,48.80004187896216,42.60529650637986,1.0256323406364167,40.308837858186955,46.576071937547894,48.79449596359681,42.15294938128331,-0.05664872563619272,-0.6171136463448335,0.08945079266193545,-0.0055459153653529825,-0.4523471250965514,worse_quality_lower_rate
RWT166,1.3029374593888723,40.43830342512046,39.91960692708057,40.60297694349022,40.39405055266169,0.9693174386548543,39.44264348706926,39.893836733758825,40.56542410363788,39.639390219976534,-0.333620020734018,-0.9956599380511975,-0.02577019332174757,-0.03755283985233859,-0.7546603326851553,worse_quality_lower_rate
RWT182,0.6338948000587243,42.62470902885801,48.37857251882536,48.2798333833889,44.05083250942029,0.6262984786684573,42.191111532406936,48.47199678193557,48.35457968021277,43.74665570707375,-0.007596321390267002,-0.43359749645107115,0.09342426311021512,0.07474629682387501,-0.30417680234653943,worse_quality_lower_rate
RWT21,0.5057250748539716,43.3321953014937,50.08463270422553,49.98933630466843,45.00839260223202,0.49333545196861,43.063576519327924,50.13837897242447,50.005131523166604,44.81562120144483,-0.012389622885361551,-0.26861878216577395,0.05374626819894246,0.015795218498176666,-0.19277140078719412,worse_quality_lower_rate
RWT226,1.5147366230647914,41.488977447514216,50.32779474167181,51.01000977363975,43.783958650049605,1.3895711425394712,40.78686452651428,50.32465950129306,51.137854846346144,43.27296268834061,-0.12516548052532017,-0.7021129209999373,-0.0031352403787465732,0.12784507270639267,-0.5109959617089928,worse_quality_lower_rate
RWT26,3.491828931872812,40.18175905874941,39.58951935519571,38.806823250990526,39.935862119835335,3.38734954689913,39.280894721774644,39.848547564741686,39.079397328067195,39.326664152932096,-0.10447938497368225,-0.9008643369747631,0.25902820954597416,0.27257407707666914,-0.6091979669032384,worse_quality_lower_rate
RWT285,1.461267198176482,40.390130280238445,47.772570350848945,50.46435988307577,42.57221398941942,1.3956457214974802,39.586175623553885,47.8061335326815,50.47648443122463,41.974958963153675,-0.06562147667900176,-0.8039546566845601,0.033563181832555244,0.01212454814885433,-0.5972550262657421,worse_quality_lower_rate
RWT287,2.1437009988186015,41.1134957992673,42.637695640123425,42.57320465111488,41.48648438585526,2.082808135396044,40.41903811545011,42.718960679452806,42.86425660812422,41.01218074753471,-0.0608928634225574,-0.6944576838171912,0.08126503932938078,0.29105195700934416,-0.47430363832055633,worse_quality_lower_rate
RWT296,0.41152623628535845,42.8476281279091,47.43932239450966,49.89286385338456,44.302244376918594,0.38864939949684213,42.61370765878212,47.509600891258344,49.90991882793753,44.13772070898607,-0.02287683678851632,-0.2339204691269785,0.07027849674868492,0.01705497455296978,-0.16452366793252082,worse_quality_lower_rate
RWT323,1.5291280802121916,40.92367893869277,45.5631287093582,45.670021670580134,42.09690300151186,1.4552995276085299,40.288598131447,45.79061941599127,45.908928632511035,41.67889210464804,-0.07382855260366172,-0.6350808072457639,0.2274907066330698,0.23890696193090122,-0.4180108968638194,worse_quality_lower_rate
RWT339,2.205516167862479,40.73245732646388,44.7057557249551,46.33762080798739,41.92976506146572,2.096699358590952,39.89257083047462,44.81358591026918,46.45432357291686,41.327916808254216,-0.1088168092715267,-0.839886495989262,0.10783018531408572,0.11670276492947096,-0.6018482532115073,worse_quality_lower_rate
RWT380,3.4491706293685973,40.683060573665,44.430499364632546,45.13887112002809,41.708466740831334,3.358087326182309,40.08307598412222,45.0933869820566,45.52868047868948,41.39006542068492,-0.09108330318628832,-0.5999845895427853,0.6628876174240546,0.3898093586613882,-0.318401320146414,worse_quality_lower_rate
RWT391,2.8826331244456425,42.484903878890194,47.001472415095186,48.87180602234223,43.847837713847326,2.8328674534042118,41.88017349783263,47.340286883770226,49.16597559878072,43.47341293369334,-0.049765671041430704,-0.6047303810575642,0.3388144686750394,0.29416957643849173,-0.37442478015398706,worse_quality_lower_rate
RWT405,1.7083609052408681,41.335401591401265,47.865536351967236,48.19312257812448,43.00888355981241,1.6063724192694548,40.486265343789746,47.840390829162665,48.31983777429146,42.38472758327408,-0.1019884859714133,-0.8491362476115185,-0.025145522804571385,0.1267151961669768,-0.6241559765383329,worse_quality_lower_rate
RWT43,1.8178808737245116,41.55885819205772,46.362941086363506,47.7138453802272,42.928741952367126,1.761069006781013,40.84633128880103,46.888929012923136,48.19334817245671,42.520033114773256,-0.05681186694349849,-0.7125269032566877,0.5259879265596297,0.47950279222951053,-0.40870883759387056,worse_quality_lower_rate
RWT438,1.4302708664821921,43.03238198925883,45.678651832919705,46.61997145988281,43.81161440354444,1.4010119711128997,42.7341648943058,45.73780501997352,46.80376611394199,43.61832006246879,-0.029258895369292492,-0.2982170949530314,0.059153187053816225,0.18379465405917728,-0.19329434107564936,worse_quality_lower_rate
RWT449,2.8345758895817608,41.230439996615935,55.682502376135844,58.3619160965699,45.178382306550176,2.740777154475017,40.76852941419582,54.58831904099337,58.9503869845882,44.76873531384456,-0.09379873510674397,-0.46191058242011707,-1.0941833351424748,0.5884708880182998,-0.40964699270561766,worse_quality_lower_rate
RWT45,0.3991368023015145,43.15201783017062,51.061912989608906,51.629999254847256,45.200502403184984,0.3781408029607214,42.84686046579778,51.13583762405915,51.64243898290847,44.982429925219286,-0.020995999340793103,-0.3051573643728389,0.07392463445024333,0.012439728061217181,-0.2180724779656984,worse_quality_lower_rate
RWT453,0.9860218667036821,42.041861431842435,48.333401419753656,50.581905447028305,43.89580943222957,0.9584161144733971,41.6381971873047,48.539320545836816,50.58263837656245,43.61889275577843,-0.02760575223028494,-0.40366424453773675,0.20591912608315965,0.0007329295341449438,-0.2769166764511368,worse_quality_lower_rate
RWT463,2.7584922980130058,40.78836605669863,43.24348779377155,42.72713515909551,41.337602411632346,2.6651711352115144,40.32588885105133,43.32369371800662,43.18079191659537,41.057477342613744,-0.09332116280149139,-0.46247720564729633,0.08020592423507367,0.4536567574998571,-0.28012506901860235,worse_quality_lower_rate
RWT499,1.1659831174729456,43.05167381166062,48.64200054508015,50.508097800616696,44.68251765195757,1.1028380812177971,42.487141534437654,48.79561093252022,50.70533735222937,44.30297468642194,-0.06314503625514845,-0.5645322772229662,0.15361038744006805,0.19723955161267526,-0.3795429655356273,worse_quality_lower_rate
RWT529,1.276136355071863,41.54892144677859,45.409432307864066,46.452215292338,42.6443970351092,1.2121281550763852,40.909330863795816,45.61593592187592,46.497770546327914,42.19621145637234,-0.0640081999954778,-0.6395905829827768,0.2065036140118579,0.04555525398991023,-0.4481855787368616,worse_quality_lower_rate
RWT535,3.414631774599157,40.67837564721694,45.419807078265606,46.664722739396744,42.01934796262049,3.4054118459875755,40.21670647705864,45.71023160662343,46.861042834153054,41.73393916289105,-0.009219928611581274,-0.4616691701582951,0.29042452835782484,0.19632009475630952,-0.28540879972944566,worse_quality_lower_rate
RWT541,1.0769829790320982,40.8654007548596,47.50189595779045,47.45284966638066,42.51839376916609,0.9509594188265496,40.005808862265866,47.60221705124256,47.52599036246121,41.89538257341237,-0.1260235602055486,-0.859591892593734,0.10032109345210927,0.07314069608055007,-0.623011195753719,worse_quality_lower_rate
RWT65,1.1267404725069365,41.14108281492713,46.48668926268388,48.01569983437767,42.668610748328035,1.0307533740669332,40.44070485206056,46.68323796707429,48.00290729256336,42.16629679650013,-0.0959870984400033,-0.7003779628665683,0.19654870439040906,-0.012792541814313552,-0.5023139518279081,worse_quality_lower_rate
